"Cluster","ID","Description","GeneRatio","BgRatio","RichFactor","FoldEnrichment","oddsRatio","zScore","pvalue","p.adjust","qvalue","geneID","Count"
"Time_6h","GO:0006959","humoral immune response","13/151","296/18842",0.0439189189189189,5.48026669053159,6.12751574742664,6.98310824203875,7.88604375547846e-07,0.00205746881580433,5.43603970739294e-05,"DEFA4/IGHM/CAMP/MS4A1/DEFB4A/ELANE/CFHR2/IGHG3/C4BPA/IFNA4/CD81/GZMK/H2BC3",13
"Time_6h","GO:0002828","regulation of type 2 immune response","4/151","25/18842",0.16,19.9650331125828,24.191771946874,8.52849888233588,4.39794832901282e-05,0.0354057876944182,0.000935456548842711,"IL18/ASCL2/ARG2/CD81",4
"Time_6h","GO:0007204","positive regulation of cytosolic calcium ion concentration","8/151","160/18842",0.05,6.23907284768212,6.82333456017667,5.98173162758955,4.5101523381014e-05,0.0354057876944182,0.000935456548842711,"CACNA1A/GALR1/ADCY5/FPR1/GRM5/CACNB3/ACKR2/GIPR",8
"Time_6h","GO:0019731","antibacterial humoral response","6/151","86/18842",0.0697674418604651,8.70568304327738,9.62637931034483,6.43745838487144,6.65104724155356e-05,0.0354057876944182,0.000935456548842711,"DEFA4/IGHM/CAMP/ELANE/IGHG3/H2BC3",6
"Time_6h","GO:0006520","amino acid metabolic process","10/151","271/18842",0.03690036900369,4.60448180640747,5.00801608651939,5.37197543298207,6.78531768769993e-05,0.0354057876944182,0.000935456548842711,"BLMH/HARS1/GARS1/HMGCL/GLS/DDC/ARG2/BCAT2/DCT/ACY1",10
"Time_6h","GO:0045761","regulation of adenylate cyclase activity","4/151","30/18842",0.133333333333333,16.637527593819,19.534275248561,7.7043394800051,9.23550706614106e-05,0.0401590632259367,0.0010610428728299,"CACNA1D/GALR1/GRM3/GIPR",4
"Time_12h","GO:0051249","regulation of lymphocyte activation","18/161","453/18842",0.0397350993377483,4.65024063181276,5.27976850735471,7.30056365857841,6.72268817145864e-08,0.00018776468062884,1.49466478090718e-06,"BCL6/CDKN2A/CEBPB/CD81/CD86/BCL2/CAMK4/CLC/CD74/CAV1/ATM/ARG2/ASCL2/CD40LG/CD2/BMP4/PRDM1/CBLB",18
"Time_12h","GO:0050863","regulation of T cell activation","15/161","346/18842",0.0433526011560694,5.07360068933329,5.69569176012912,7.09974007167851,2.94890312851559e-07,0.000411814321897202,3.27816904197039e-06,"BCL6/CDKN2A/CEBPB/CD81/CD86/CAMK4/CLC/CAV1/ARG2/ASCL2/CD40LG/CD2/BMP4/PRDM1/CBLB",15
"Time_12h","GO:0042092","type 2 immune response","6/161","36/18842",0.166666666666667,19.5051759834369,24.0658064516129,10.3171823534834,5.58556552256908e-07,0.000486012907680208,3.86881267415701e-06,"BCL6/CD81/CD86/CD74/ARG2/ASCL2",6
"Time_12h","GO:0042113","B cell activation","12/161","238/18842",0.0504201680672269,5.90072550759434,6.57658727801865,7.0633470245116,9.90737295003018e-07,0.000486012907680208,3.86881267415701e-06,"CDKN2A/CD81/CD86/BCL2/IGHM/CXCR5/CD74/C3/ATM/IFNA4/CD40LG/CDH17",12
"Time_12h","GO:0050670","regulation of lymphocyte proliferation","11/161","198/18842",0.0555555555555556,6.50172532781229,7.25254901960784,7.22481623428439,1.10348623940358e-06,0.000486012907680208,3.86881267415701e-06,"CDKN2A/CEBPB/CD81/CD86/BCL2/CLC/CD74/ATM/ARG2/CD40LG/BMP4",11
"Time_12h","GO:0007204","positive regulation of cytosolic calcium ion concentration","10/161","160/18842",0.0625,7.31444099378882,8.18145695364238,7.44642928033078,1.18841156857293e-06,0.000486012907680208,3.86881267415701e-06,"GIPR/AVPR1A/CCR5/CXCR5/CCR3/CAV1/BDKRB2/CALCR/GRM5/GALR1",10
"Time_12h","GO:0032944","regulation of mononuclear cell proliferation","11/161","200/18842",0.055,6.43670807453416,7.17502645502645,7.1757882171985,1.21807746285766e-06,0.000486012907680208,3.86881267415701e-06,"CDKN2A/CEBPB/CD81/CD86/BCL2/CLC/CD74/ATM/ARG2/CD40LG/BMP4",11
"Time_12h","GO:0061337","cardiac conduction","8/161","95/18842",0.0842105263157895,9.85524681268388,11.1751183231913,8.03269793442541,1.54522939044548e-06,0.000539478210939279,4.29441298148968e-06,"CACNA1D/ATP2B3/CALM1/CALM3/CAV1/ATP1A3/ATP2A3/ATP2A1",8
"Time_12h","GO:0002828","regulation of type 2 immune response","5/161","25/18842",0.2,23.4062111801242,29.9054487179487,10.4070607418675,1.98048756758278e-06,0.00061461130847319,4.89249561549892e-06,"CD81/CD86/CD74/ARG2/ASCL2",5
"Time_12h","GO:1903522","regulation of blood circulation","12/161","257/18842",0.0466926070038911,5.46448510041811,6.06032050404054,6.68992901229265,2.21278333931018e-06,0.000618030386669334,4.91971253268393e-06,"CACNA1D/AVPR1A/CHRM2/ATP2B3/CALM1/CALM3/CAV1/BDKRB2/ATP1A3/ATP2A3/ATP2A1/CASR",12
"Time_12h","GO:0030003","intracellular monoatomic cation homeostasis","15/161","410/18842",0.0365853658536585,4.28162399636419,4.75619906363794,6.23676483601115,2.4683953652905e-06,0.000626748023205124,4.98910760879279e-06,"BCL2/AVPR1A/CLCN3/ATP2B3/CAV1/BMP6/ATP4A/ATP1A3/CALB1/ELANE/ATP2A3/ATP2A1/CACNB4/CASR/ATP5F1B",15
"Time_12h","GO:0006873","intracellular monoatomic ion homeostasis","15/161","418/18842",0.0358851674641148,4.19967903949597,4.65974370304905,6.14140088616414,3.1258994771185e-06,0.000727553103299331,5.79154714347382e-06,"BCL2/AVPR1A/CLCN3/ATP2B3/CAV1/BMP6/ATP4A/ATP1A3/CALB1/ELANE/ATP2A3/ATP2A1/CACNB4/CASR/ATP5F1B",15
"Time_12h","GO:0070663","regulation of leukocyte proliferation","11/161","224/18842",0.0491071428571429,5.74706078083407,6.35830985915493,6.63509493562021,3.66488237411122e-06,0.000787385882376356,6.26783452260562e-06,"CDKN2A/CEBPB/CD81/CD86/BCL2/CLC/CD74/ATM/ARG2/CD40LG/BMP4",11
"Time_12h","GO:0046651","lymphocyte proliferation","11/161","227/18842",0.0484581497797357,5.67110843571292,6.26898148148148,6.57303901471625,4.16429792655632e-06,0.000830777436347985,6.61324467798212e-06,"CDKN2A/CEBPB/CD81/CD86/BCL2/CLC/CD74/ATM/ARG2/CD40LG/BMP4",11
"Time_12h","GO:0032943","mononuclear cell proliferation","11/161","230/18842",0.0478260869565217,5.59713745611666,6.182100456621,6.51208016505251,4.72227236782618e-06,0.000879287114889234,6.99939668381147e-06,"CDKN2A/CEBPB/CD81/CD86/BCL2/CLC/CD74/ATM/ARG2/CD40LG/BMP4",11
"Time_12h","GO:0070050","neuron cellular homeostasis","6/161","53/18842",0.113207547169811,13.2487987812024,15.3471516815374,8.28980766509861,5.8398321425495e-06,0.000959654966198037,7.6391495727262e-06,"CLCN3/ATP2B3/ATP6V1C1/CALB1/CACNB4/ATP6V1E1",6
"Time_12h","GO:1902600","proton transmembrane transport","10/161","191/18842",0.0523560209424084,6.12728041364509,6.7688705133365,6.61176706847697,5.84107927868479e-06,0.000959654966198037,7.6391495727262e-06,"ATP5PO/ATP5MC1/ATP5MC3/CLCN3/ATP6V1C1/ATP4A/ATP1A3/ATP5F1E/ATP6V1E1/ATP5F1B",10
"Time_12h","GO:0001836","release of cytochrome c from mitochondria","6/161","54/18842",0.111111111111111,13.0034506556246,15.0266129032258,8.2002589755621,6.5237047732276e-06,0.00101226152397915,8.05791400114187e-06,"BID/CASP1/BCL2/BIK/CASP2/BCL2L1",6
"Time_12h","GO:0099003","vesicle-mediated transport in synapse","11/161","242/18842",0.0454545454545455,5.31959345002823,5.85714285714286,6.27854393194528,7.6614764892668e-06,0.00112623704392222,8.96519429993905e-06,"CDH2/CANX/CLCN3/CALM1/CALM3/ATP6V1C1/CBLB/ARHGDIA/CACNB4/AP3S1/ATP6V1E1",11
"Time_12h","GO:0071887","leukocyte apoptotic process","7/161","85/18842",0.0823529411764706,9.63785166240409,10.8409090909091,7.4096614928535,8.23691820696415e-06,0.00115028562760254,9.15662844472761e-06,"BCL6/CDKN2A/CCR5/CLC/CD74/ARG2/BMP4",7
"Time_12h","GO:0055080","monoatomic cation homeostasis","15/161","466/18842",0.0321888412017167,3.76709407405433,4.15287185250433,5.6150838261172,1.15224213014063e-05,0.00153248203308704,1.21990297352888e-05,"BCL2/AVPR1A/CLCN3/ATP2B3/CAV1/BMP6/ATP4A/ATP1A3/CALB1/ELANE/ATP2A3/ATP2A1/CACNB4/CASR/ATP5F1B",15
"Time_12h","GO:0008016","regulation of heart contraction","10/161","208/18842",0.0480769230769231,5.62649307214525,6.18201886413807,6.22867098176827,1.23487799745016e-05,0.00156773374858104,1.2479644265343e-05,"CACNA1D/AVPR1A/CHRM2/ATP2B3/CALM1/CALM3/CAV1/ATP1A3/ATP2A3/ATP2A1",10
"Time_12h","GO:2000107","negative regulation of leukocyte apoptotic process","5/161","36/18842",0.138888888888889,16.2543133195307,19.282464846981,8.50473037033718,1.30260058219384e-05,0.0015818101852467,1.25916970436098e-05,"BCL6/CCR5/CD74/ARG2/BMP4",5
"Time_12h","GO:0006816","calcium ion transport","14/161","416/18842",0.0336538461538462,3.93854515050167,4.33049040511727,5.62637082578985,1.3933842168806e-05,0.0016215508823948,1.29080452524264e-05,"CACNA1D/BCL2/GPM6A/CCR5/CHRNB1/ATP2B3/CALM1/CALM3/CAV1/CACNB1/ATP2A3/ATP2A1/CACNB4/CASR",14
"Time_12h","GO:0050801","monoatomic ion homeostasis","15/161","478/18842",0.0313807531380753,3.67252267470568,4.04257522411906,5.49435298757115,1.55384648283918e-05,0.0016732333802198,1.33194538785303e-05,"BCL2/AVPR1A/CLCN3/ATP2B3/CAV1/BMP6/ATP4A/ATP1A3/CALB1/ELANE/ATP2A3/ATP2A1/CACNB4/CASR/ATP5F1B",15
"Time_12h","GO:0070661","leukocyte proliferation","11/161","261/18842",0.0421455938697318,4.93234335213346,5.40642666666667,5.93884507050153,1.55761073704672e-05,0.0016732333802198,1.33194538785303e-05,"CDKN2A/CEBPB/CD81/CD86/BCL2/CLC/CD74/ATM/ARG2/CD40LG/BMP4",11
"Time_12h","GO:0008015","blood circulation","15/161","480/18842",0.03125,3.65722049689441,4.02474591250552,5.4746085775308,1.63167920571651e-05,0.00168788148946896,1.34360573469157e-05,"CMA1/CACNA1D/AVPR1A/CHRM2/ATP2B3/CALM1/CALM3/CAV1/BDKRB2/BMP6/ATP1A3/ATP2A3/ATP2A1/ELN/CASR",15
"Time_12h","GO:0006874","intracellular calcium ion homeostasis","9/161","175/18842",0.0514285714285714,6.01874001774623,6.60411382371592,6.19214777222038,1.99428303373301e-05,0.00198929732614868,1.58354203899759e-05,"BCL2/ATP2B3/CAV1/CALB1/ELANE/ATP2A3/ATP2A1/CACNB4/CASR",9
"Time_12h","GO:2000106","regulation of leukocyte apoptotic process","6/161","66/18842",0.0909090909090909,10.6391869000565,12.0135483870968,7.28241934206342,2.1091558423571e-05,0.0020313352647253,1.61700553492345e-05,"BCL6/CDKN2A/CCR5/CD74/ARG2/BMP4",6
"Time_12h","GO:0008637","apoptotic mitochondrial changes","7/161","99/18842",0.0707070707070707,8.27492314448836,9.18428853754941,6.73738409365473,2.24818418089484e-05,0.0020930594724131,1.66613990835905e-05,"BID/CASP1/BCL2/BIK/CASP2/ATP2A1/BCL2L1",7
"Time_12h","GO:1903131","mononuclear cell differentiation","14/161","439/18842",0.0318906605922551,3.73219768247994,4.09098039215686,5.37730807019093,2.52939077167968e-05,0.00227889949203269,1.81407429691297e-05,"BCL6/CDKN2A/CEBPB/CD86/CAMK4/IGHM/CD74/ATM/ASCL2/CD2/FES/BMP4/PRDM1/CDH17",14
"Time_12h","GO:0070229","negative regulation of lymphocyte apoptotic process","4/161","21/18842",0.19047619047619,22.2916296953564,27.9715249156988,9.06279292403001,2.74409227903519e-05,0.0023950780422954,1.90655600688791e-05,"BCL6/CD74/ARG2/BMP4",4
"Time_12h","GO:0050672","negative regulation of lymphocyte proliferation","6/161","70/18842",0.0857142857142857,10.0312333629104,11.2602822580645,7.02757783190388,2.95926301809365e-05,0.00249645963787575,1.98725888446778e-05,"CDKN2A/CEBPB/CD86/ATM/ARG2/BMP4",6
"Time_12h","GO:0031960","response to corticosteroid","8/161","142/18842",0.0563380281690141,6.59329892397865,7.23714759535655,6.21092452229879,3.03901280657986e-05,0.00249645963787575,1.98725888446778e-05,"AVPR1A/CALM3/CAD/BMP6/CALCR/GRM5/HCN2/KLF9",8
"Time_12h","GO:0032945","negative regulation of mononuclear cell proliferation","6/161","71/18842",0.0845070422535211,9.88994838596798,11.0864516129032,6.96706017532906,3.20978527543993e-05,0.00256140864980106,2.0389603015577e-05,"CDKN2A/CEBPB/CD86/ATM/ARG2/BMP4",6
"Time_12h","GO:0030330","DNA damage response, signal transduction by p53 class mediator","6/161","72/18842",0.0833333333333333,9.75258799171843,10.9178885630499,6.90773152520608,3.47706110738561e-05,0.00259488175534787,2.06560592617722e-05,"CDKN2A/CDKN1A/CASP2/CD74/ATM/CDKN1B",6
"Time_12h","GO:0000082","G1/S transition of mitotic cell cycle","10/161","235/18842",0.0425531914893617,4.98004493194132,5.43222958057395,5.69965514768605,3.52681305038817e-05,0.00259488175534787,2.06560592617722e-05,"CDKN2A/CDKN1A/EIF4EBP1/CCNE1/CCNH/CCNG1/CCNF/CDKN1B/CACNB4/CCNA2",10
"Time_12h","GO:0031099","regeneration","8/161","145/18842",0.0551724137931034,6.45688584279289,7.07752492724584,6.12361330776395,3.53045136782023e-05,0.00259488175534787,2.06560592617722e-05,"CDKN1A/ATIC/CEBPB/CD81/CAD/DHFR/CDKN1B/CCNA2",8
"Time_12h","GO:0060047","heart contraction","10/161","236/18842",0.0423728813559322,4.95894304663649,5.40790013479458,5.68163852551513,3.6561529530558e-05,0.00261836799945765,2.08430170101044e-05,"CACNA1D/AVPR1A/CHRM2/ATP2B3/CALM1/CALM3/CAV1/ATP1A3/ATP2A3/ATP2A1",10
"Time_12h","GO:0042129","regulation of T cell proliferation","8/161","148/18842",0.0540540540540541,6.3260030216552,6.92474323062558,6.03873538755482,4.08664011156664e-05,0.00282731306912117,2.25062842216179e-05,"CDKN2A/CEBPB/CD81/CD86/CLC/ARG2/CD40LG/BMP4",8
"Time_12h","GO:0051250","negative regulation of lymphocyte activation","8/161","149/18842",0.0536912751677852,6.2835466255367,6.87526074259491,6.0109626313812,4.28755135441093e-05,0.00282731306912117,2.25062842216179e-05,"CDKN2A/CEBPB/CD86/ATM/ARG2/ASCL2/BMP4/CBLB",8
"Time_12h","GO:0007159","leukocyte cell-cell adhesion","13/161","402/18842",0.0323383084577114,3.78458638484596,4.1304106162718,5.23911722772541,4.30758580716923e-05,0.00282731306912117,2.25062842216179e-05,"BCL6/CDKN2A/CEBPB/CD81/CD86/CAV1/ARG2/ASCL2/CD40LG/ELANE/BMP4/CBLB/ITGB7",13
"Time_12h","GO:0042100","B cell proliferation","6/161","75/18842",0.08,9.36248447204969,10.4415147265077,6.73648553585598,4.38773990525028e-05,0.00282731306912117,2.25062842216179e-05,"CDKN2A/CD81/BCL2/CD74/ATM/CD40LG",6
"Time_12h","GO:0007188","adenylate cyclase-modulating G protein-coupled receptor signaling pathway","11/161","294/18842",0.0374149659863946,4.37871297587358,4.76744405182568,5.42052402787133,4.64579330556062e-05,0.00282731306912117,2.25062842216179e-05,"CHRM3/CACNA1D/GIPR/CHRM2/CCR3/OPN1SW/CALCR/GRM5/CHRM5/GALR1/CASR",11
"Time_12h","GO:0097193","intrinsic apoptotic signaling pathway","11/161","294/18842",0.0374149659863946,4.37871297587358,4.76744405182568,5.42052402787133,4.64579330556062e-05,0.00282731306912117,2.25062842216179e-05,"BID/CDKN1A/CEBPB/BCL2/CASP2/CD74/CAV1/ATM/ATP2A3/ATP2A1/BCL2L1",11
"Time_12h","GO:1902105","regulation of leukocyte differentiation","11/161","295/18842",0.0372881355932203,4.36386988104011,4.75039906103286,5.40602703147898,4.79061853693477e-05,0.00282731306912117,2.25062842216179e-05,"BCL6/CDKN2A/CEBPB/CD86/CAMK4/CD74/ASCL2/CD2/FES/BMP4/PRDM1",11
"Time_12h","GO:0003015","heart process","10/161","244/18842",0.040983606557377,4.79635475002546,5.22075055187638,5.54106739352351,4.84509284048325e-05,0.00282731306912117,2.25062842216179e-05,"CACNA1D/AVPR1A/CHRM2/ATP2B3/CALM1/CALM3/CAV1/ATP1A3/ATP2A3/ATP2A1",10
"Time_12h","GO:0055074","calcium ion homeostasis","9/161","196/18842",0.0459183673469388,5.37387501584485,5.85582606248241,5.71434447457308,4.85896982877967e-05,0.00282731306912117,2.25062842216179e-05,"BCL2/ATP2B3/CAV1/CALB1/ELANE/ATP2A3/ATP2A1/CACNB4/CASR",9
"Time_12h","GO:0086064","cell communication by electrical coupling involved in cardiac conduction","4/161","25/18842",0.16,18.7249689440994,22.638762511374,8.23275416651385,5.64749119426952e-05,0.00321450003810379,2.55884119371518e-05,"CALM1/CALM3/CAV1/ATP1A3",4
"Time_12h","GO:0030098","lymphocyte differentiation","12/161","356/18842",0.0337078651685393,3.94486705282993,4.29303886374278,5.20755745703235,5.7545650521013e-05,0.00321450003810379,2.55884119371518e-05,"BCL6/CDKN2A/CD86/CAMK4/IGHM/CD74/ATM/ASCL2/CD2/BMP4/PRDM1/CDH17",12
"Time_12h","GO:0070664","negative regulation of leukocyte proliferation","6/161","79/18842",0.0759493670886076,8.88843462536363,9.86725585505966,6.52256010295411,5.88917220681927e-05,0.00322518783796985,2.56734901211409e-05,"CDKN2A/CEBPB/CD86/ATM/ARG2/BMP4",6
"Time_12h","GO:1903037","regulation of leukocyte cell-cell adhesion","12/161","359/18842",0.0334261838440111,3.91190158999291,4.2552269694215,5.17133340822083,6.23584629977414e-05,0.00334936898370561,2.66620103495583e-05,"BCL6/CDKN2A/CEBPB/CD81/CD86/CAV1/ARG2/ASCL2/CD40LG/ELANE/BMP4/CBLB",12
"Time_12h","GO:0010038","response to metal ion","11/161","308/18842",0.0357142857142857,4.17968056787933,4.53925925925926,5.22322969020696,7.05793317530704e-05,0.00371939761483633,2.96075524026543e-05,"BCL2/GIPR/BRAF/CAT/CALM1/CALM3/CAV1/BMP6/ATF1/CDKN1B/CASR",11
"Time_12h","GO:0042098","T cell proliferation","8/161","162/18842",0.0493827160493827,5.77931140249981,6.29046770223241,5.67151718546697,7.74480861421482e-05,0.00400578712213,3.18873012283632e-05,"CDKN2A/CEBPB/CD81/CD86/CLC/ARG2/CD40LG/BMP4",8
"Time_12h","GO:0099504","synaptic vesicle cycle","9/161","210/18842",0.0428571428571429,5.01561668145519,5.44383346425766,5.43246593712751,8.27306249395536e-05,0.0041645945467241,3.31514573182755e-05,"CDH2/CANX/CLCN3/CALM3/ATP6V1C1/ARHGDIA/CACNB4/AP3S1/ATP6V1E1",9
"Time_12h","GO:0070588","calcium ion transmembrane transport","11/161","314/18842",0.035031847133758,4.09981406021284,4.44792079207921,5.14222469180153,8.38180509467751e-05,0.0041645945467241,3.31514573182755e-05,"CACNA1D/GPM6A/CCR5/ATP2B3/CALM1/CALM3/CAV1/CACNB1/ATP2A3/ATP2A1/CACNB4",11
"Time_12h","GO:0051384","response to glucocorticoid","7/161","122/18842",0.0573770491803279,6.71489665003564,7.33833992094862,5.87895622743153,8.58693987946595e-05,0.0041645945467241,3.31514573182755e-05,"AVPR1A/CALM3/CAD/BMP6/CALCR/GRM5/KLF9",7
"Time_12h","GO:0007346","regulation of mitotic cell cycle","14/161","492/18842",0.0284552845528455,3.33015199717215,3.62681809125324,4.86198507008288,8.64828083458639e-05,0.0041645945467241,3.31514573182755e-05,"BCL6/CDKN2A/CDKN1A/GAS1/BUB1B/EIF4EBP1/BARD1/CCNE1/ATM/CCNH/BMP4/CKS1B/CDKN1B/CACNB4",14
"Time_12h","GO:0070227","lymphocyte apoptotic process","5/161","53/18842",0.0943396226415094,11.040665651002,12.4419070512821,6.79537549462446,8.82070299490302e-05,0.00417563109572273,3.32393116529446e-05,"BCL6/CLC/CD74/ARG2/BMP4",5
"Time_12h","GO:0048545","response to steroid hormone","11/161","317/18842",0.0347003154574132,4.06101455806572,4.40359477124183,5.10247364795741,9.11986664436171e-05,0.00420640736220673,3.3484300228258e-05,"AVPR1A/CALM3/CAD/CAV1/BMP6/CALCR/ATP1A3/GRM5/HCN2/AR/KLF9",11
"Time_12h","GO:0044772","mitotic cell cycle phase transition","13/161","434/18842",0.0299539170506912,3.50553854080201,3.80978365538936,4.9023859850789,9.35598778703004e-05,0.00420640736220673,3.3484300228258e-05,"CDKN2A/CDKN1A/BUB1B/EIF4EBP1/BARD1/CCNE1/ATM/CCNH/CCNG1/CCNF/CDKN1B/CACNB4/CCNA2",13
"Time_12h","GO:0006936","muscle contraction","12/161","375/18842",0.032,3.74499378881988,4.06411891951855,4.98452384528961,9.4352715852564e-05,0.00420640736220673,3.3484300228258e-05,"CHRM3/CACNA1D/CHRM2/CHRNB1/CALM1/CALM3/CAV1/BDKRB2/CACNB1/ATP2A1/LTB4R/CACNB4",12
"Time_12h","GO:1901844","regulation of cell communication by electrical coupling involved in cardiac conduction","3/161","11/18842",0.272727272727273,31.9175607001694,44.3188291139241,9.52203395000895,9.60773880061114e-05,0.00420640736220673,3.3484300228258e-05,"CALM1/CALM3/CAV1",3
"Time_12h","GO:0044843","cell cycle G1/S phase transition","10/161","265/18842",0.0377358490566038,4.4162662604008,4.78535255161667,5.19938181416656,9.63874225496708e-05,0.00420640736220673,3.3484300228258e-05,"CDKN2A/CDKN1A/EIF4EBP1/CCNE1/CCNH/CCNG1/CCNF/CDKN1B/CACNB4/CCNA2",10
"Time_12h","GO:0050868","negative regulation of T cell activation","7/161","125/18842",0.056,6.55373913043478,7.15061633281972,5.78345306117484,0.000100064255786436,0.00429968409863869,3.42268118249858e-05,"CDKN2A/CEBPB/CD86/ARG2/ASCL2/BMP4/CBLB",7
"Time_12h","GO:0045580","regulation of T cell differentiation","8/161","169/18842",0.0473372781065089,5.53993164026609,6.01469573336581,5.50364572063808,0.000104074683574779,0.00439664702084918,3.49986665976539e-05,"BCL6/CDKN2A/CD86/CAMK4/ASCL2/CD2/BMP4/PRDM1",8
"Time_12h","GO:0034332","adherens junction organization","5/161","55/18842",0.0909090909090909,10.6391869000565,11.9429487179487,6.64596241371346,0.000105469155172537,0.00439664702084918,3.49986665976539e-05,"CDH2/CDH10/BMP6/CDH15/CDH17",5
"Time_12h","GO:2001236","regulation of extrinsic apoptotic signaling pathway","7/161","127/18842",0.0551181102362205,6.45053064019172,7.03068181818182,5.72150896418782,0.000110546791467704,0.00454054689072497,3.61441539532106e-05,"BID/BCL2/CAV1/CD40LG/AR/BMP4/BCL2L1",7
"Time_12h","GO:0019722","calcium-mediated signaling","9/161","219/18842",0.0410958904109589,4.80949544797073,5.20798872180451,5.26416565434594,0.000113907116529714,0.00461076197778974,3.67030877067395e-05,"CHRM3/AVPR1A/CCR5/CXCR5/CALM1/CALM3/CCR3/CALCR/GRM5",9
"Time_12h","GO:0006937","regulation of muscle contraction","8/161","172/18842",0.0465116279069767,5.44330492561028,5.90371433126096,5.43454307208702,0.000117601496726817,0.00469229971940001,3.73521532833508e-05,"CHRM3/CHRM2/CALM1/CALM3/CAV1/CACNB1/ATP2A1/CACNB4",8
"Time_12h","GO:0044331","cell-cell adhesion mediated by cadherin","5/161","57/18842",0.087719298245614,10.2658820965457,11.4823717948718,6.50404369813204,0.000125212814219703,0.00492562521289621,3.92094961896342e-05,"CDH2/CDH10/BMP6/CDH15/CDH17",5
"Time_12h","GO:0030888","regulation of B cell proliferation","5/161","58/18842",0.0862068965517241,10.0888841293639,11.2651185292695,6.43569385189977,0.000136087627429502,0.00520360424854189,4.14222950664978e-05,"CDKN2A/CD81/BCL2/CD74/ATM",5
"Time_12h","GO:0086065","cell communication involved in cardiac conduction","5/161","58/18842",0.0862068965517241,10.0888841293639,11.2651185292695,6.43569385189977,0.000136087627429502,0.00520360424854189,4.14222950664978e-05,"CACNA1D/CALM1/CALM3/CAV1/ATP1A3",5
"Time_12h","GO:0002695","negative regulation of leukocyte activation","8/161","176/18842",0.0454545454545455,5.31959345002823,5.76190476190476,5.34488579128017,0.00013786849781314,0.00520360424854189,4.14222950664978e-05,"CDKN2A/CEBPB/CD86/ATM/ARG2/ASCL2/BMP4/CBLB",8
"Time_12h","GO:0042130","negative regulation of T cell proliferation","5/161","59/18842",0.0847457627118644,9.91788609327297,11.0559116809117,6.36898608480306,0.000147670977707302,0.00549926720981994,4.37758634466692e-05,"CDKN2A/CEBPB/CD86/ARG2/BMP4",5
"Time_12h","GO:0010644","cell communication by electrical coupling","4/161","32/18842",0.125,14.6288819875776,16.9727024567789,7.16317687433721,0.00015323768711788,0.00563148500158208,4.48283578566633e-05,"CALM1/CALM3/CAV1/ATP1A3",4
"Time_12h","GO:1990034","calcium ion export across plasma membrane","3/161","13/18842",0.230769230769231,27.0071667462972,35.4512658227848,8.70795033056467,0.000164452444203988,0.00596513865794467,4.74843438893713e-05,"ATP2B3/CALM1/CALM3",3
"Time_12h","GO:0098771","inorganic ion homeostasis","12/161","402/18842",0.0298507462686567,3.49346435524242,3.77718120805369,4.69137970772362,0.000180522162426006,0.00646408204686967,5.14560871831318e-05,"BCL2/ATP2B3/CAV1/BMP6/ATP4A/ATP1A3/CALB1/ELANE/ATP2A3/ATP2A1/CACNB4/CASR",12
"Time_12h","GO:0051899","membrane depolarization","6/161","97/18842",0.0618556701030928,7.23903438560543,7.90783410138249,5.71906952976477,0.000184531179492598,0.00652399473826364,5.19330106889584e-05,"CDKN2A/CACNA1D/BCL2/CHRNB1/CAV1/HCN2",6
"Time_12h","GO:0042770","signal transduction in response to DNA damage","8/161","185/18842",0.0432432432432432,5.06080241732416,5.46626786307743,5.15278082432365,0.000194149432719872,0.00677824206983254,5.39568978804311e-05,"CDKN2A/BID/CDKN1A/CASP2/CD74/BARD1/ATM/CDKN1B",8
"Time_12h","GO:0097191","extrinsic apoptotic signaling pathway","8/161","186/18842",0.043010752688172,5.03359380217725,5.43526474260116,5.13220764384652,0.000201424592260594,0.00683435935898672,5.4403608813594e-05,"BID/BCL2/CASP2/CAV1/CD40LG/AR/BMP4/BCL2L1",8
"Time_12h","GO:0070059","intrinsic apoptotic signaling pathway in response to endoplasmic reticulum stress","5/161","63/18842",0.0793650793650794,9.28817903973184,10.2912245800177,6.11727522384728,0.000201712630002272,0.00683435935898672,5.4403608813594e-05,"CEBPB/BCL2/ATP2A3/ATP2A1/BCL2L1",5
"Time_12h","GO:0045930","negative regulation of mitotic cell cycle","9/161","237/18842",0.0379746835443038,4.44421731268181,4.79215720221607,4.95352927330211,0.000206217006227541,0.00683435935898672,5.4403608813594e-05,"BCL6/CDKN1A/GAS1/BUB1B/BARD1/ATM/BMP4/CDKN1B/CACNB4",9
"Time_12h","GO:0002830","positive regulation of type 2 immune response","3/161","14/18842",0.214285714285714,25.078083407276,32.2266973532796,8.36659391036843,0.000207991602403821,0.00683435935898672,5.4403608813594e-05,"CD81/CD86/CD74",3
"Time_12h","GO:0090399","replicative senescence","3/161","14/18842",0.214285714285714,25.078083407276,32.2266973532796,8.36659391036843,0.000207991602403821,0.00683435935898672,5.4403608813594e-05,"CDKN2A/CDKN1A/ATM",3
"Time_12h","GO:0022407","regulation of cell-cell adhesion","13/161","472/18842",0.0275423728813559,3.22331298031372,3.48710475181063,4.54131761713511,0.00021398957497699,0.00694968468500854,5.53216339851766e-05,"BCL6/CDKN2A/CEBPB/CD81/CD86/CAV1/BMP6/ARG2/ASCL2/CD40LG/ELANE/BMP4/CBLB",13
"Time_12h","GO:0051385","response to mineralocorticoid","4/161","35/18842",0.114285714285714,13.3749778172138,15.3277172796384,6.80273481522466,0.000218721271992816,0.00702170704225213,5.58949541668496e-05,"AVPR1A/CALM3/GRM5/HCN2",4
"Time_12h","GO:1903038","negative regulation of leukocyte cell-cell adhesion","7/161","144/18842",0.0486111111111111,5.68900966183575,6.15262110152621,5.24360113167066,0.000240847779446209,0.00764418009083251,6.08500316588522e-05,"CDKN2A/CEBPB/CD86/ARG2/ASCL2/BMP4/CBLB",7
"Time_12h","GO:0005513","detection of calcium ion","3/161","15/18842",0.2,23.4062111801242,29.5395569620253,8.0591334215482,0.000258361021930907,0.00785916274652762,6.25613599176985e-05,"CALM1/CALM3/CASR",3
"Time_12h","GO:0051412","response to corticosterone","3/161","15/18842",0.2,23.4062111801242,29.5395569620253,8.0591334215482,0.000258361021930907,0.00785916274652762,6.25613599176985e-05,"AVPR1A/CALM3/GRM5",3
"Time_12h","GO:0099509","regulation of presynaptic cytosolic calcium ion concentration","3/161","15/18842",0.2,23.4062111801242,29.5395569620253,8.0591334215482,0.000258361021930907,0.00785916274652762,6.25613599176985e-05,"ATP2B3/CALB1/CACNB4",3
"Time_12h","GO:0045619","regulation of lymphocyte differentiation","8/161","193/18842",0.0414507772020725,4.85102822385994,5.22762762762763,4.99220526705096,0.000258876825163101,0.00785916274652762,6.25613599176985e-05,"BCL6/CDKN2A/CD86/CAMK4/ASCL2/CD2/BMP4/PRDM1",8
"Time_12h","GO:0042391","regulation of membrane potential","12/161","419/18842",0.0286396181384248,3.35172475133044,3.61604801873258,4.51937291010027,0.000263836573229073,0.00792360805407312,6.30743644463478e-05,"CDKN2A/CACNA1D/BCL2/CHRNB1/CALM1/CALM3/CAV1/ATP1A3/GRM5/HCN2/BCL2L1/CASR",12
"Time_12h","GO:0022408","negative regulation of cell-cell adhesion","8/161","194/18842",0.0412371134020619,4.82602292373695,5.19924098671727,4.97275605730707,0.000268081674451193,0.00796544805044874,6.34074237246236e-05,"CDKN2A/CEBPB/CD86/BMP6/ARG2/ASCL2/BMP4/CBLB",8
"Time_12h","GO:0043065","positive regulation of apoptotic process","13/161","484/18842",0.0268595041322314,3.14339612956214,3.39602341194698,4.43483322769468,0.000272743785543393,0.00801866729497575,6.38310653285429e-05,"BCL6/CDKN2A/BID/CASP1/BCL2/CASP2/BARD1/CAV1/ATM/CD40LG/CASP10/BMP4/BCL2L1",13
"Time_12h","GO:0007193","adenylate cyclase-inhibiting G protein-coupled receptor signaling pathway","6/161","105/18842",0.0571428571428571,6.68748890860692,7.26568914956012,5.42537843056918,0.000284155508399488,0.00826714932249759,6.58090589212754e-05,"CHRM3/CHRM2/OPN1SW/GRM5/CHRM5/CASR",6
"Time_12h","GO:1901654","response to ketone","8/161","197/18842",0.0406091370558376,4.75253018885771,5.11588339039319,4.91519742632413,0.000297316904871112,0.00856088778664965,6.81473077106402e-05,"AVPR1A/CALM3/CAD/CAV1/GRM5/HCN2/AR/KLF9",8
"Time_12h","GO:0050866","negative regulation of cell activation","8/161","198/18842",0.0404040404040404,4.72852751113621,5.08868249054008,4.89626880430697,0.00030762189557865,0.00876722402399153,6.97898078120807e-05,"CDKN2A/CEBPB/CD86/ATM/ARG2/ASCL2/BMP4/CBLB",8
"Time_12h","GO:0010649","regulation of cell communication by electrical coupling","3/161","16/18842",0.1875,21.9433229813665,27.2658227848101,7.78021156985485,0.000315991840179935,0.00882565209622559,7.02549132914077e-05,"CALM1/CALM3/CAV1",3
"Time_12h","GO:0071895","odontoblast differentiation","3/161","16/18842",0.1875,21.9433229813665,27.2658227848101,7.78021156985485,0.000315991840179935,0.00882565209622559,7.02549132914077e-05,"CEBPB/DLX3/BMP4",3
"Time_12h","GO:0070228","regulation of lymphocyte apoptotic process","4/161","40/18842",0.1,11.7031055900621,13.1953290870488,6.29075300872926,0.000369300953849188,0.0102124511297107,8.12942614084462e-05,"BCL6/CD74/ARG2/BMP4",4
"Time_12h","GO:0003323","type B pancreatic cell development","3/161","17/18842",0.176470588235294,20.6525392765802,25.3169077757685,7.52558895707111,0.00038130286080933,0.0104409695121614,8.31133382278723e-05,"CDH2/BMP6/BMP4",3
"Time_12h","GO:0031295","T cell costimulation","4/161","41/18842",0.0975609756097561,11.4176639903045,12.8380099845068,6.19921433132444,0.000406520857553425,0.0109174303379492,8.69061133834659e-05,"CD81/CD86/CAV1/CD40LG",4
"Time_12h","GO:0090199","regulation of release of cytochrome c from mitochondria","4/161","41/18842",0.0975609756097561,11.4176639903045,12.8380099845068,6.19921433132444,0.000406520857553425,0.0109174303379492,8.69061133834659e-05,"BID/CASP1/BIK/BCL2L1",4
"Time_12h","GO:0007200","phospholipase C-activating G protein-coupled receptor signaling pathway","7/161","158/18842",0.0443037974683544,5.18492019812878,5.57796508127634,4.90394564260802,0.0004230884960082,0.0112541539938181,8.95865375593014e-05,"CHRM3/CHRM2/BICD1/CCR3/GRM5/LTB4R/CASR",7
"Time_12h","GO:0031294","lymphocyte costimulation","4/161","42/18842",0.0952380952380952,11.1458148476782,12.4994971505196,6.11079206062444,0.00044634382787574,0.0115588148259478,9.20117317671847e-05,"CD81/CD86/CAV1/CD40LG",4
"Time_12h","GO:0097401","synaptic vesicle lumen acidification","3/161","18/18842",0.166666666666667,19.5051759834369,23.6278481012658,7.29186076882804,0.000454700767761119,0.0115588148259478,9.20117317671847e-05,"CLCN3/ATP6V1C1/ATP6V1E1",3
"Time_12h","GO:2000811","negative regulation of anoikis","3/161","18/18842",0.166666666666667,19.5051759834369,23.6278481012658,7.29186076882804,0.000454700767761119,0.0115588148259478,9.20117317671847e-05,"BCL2/CAV1/BCL2L1",3
"Time_12h","GO:0045786","negative regulation of cell cycle","11/161","382/18842",0.0287958115183246,3.3700042275048,3.61922731356694,4.34440001353203,0.00045523438269039,0.0115588148259478,9.20117317671847e-05,"BCL6/CDKN2A/CDKN1A/GAS1/BUB1B/BARD1/ATM/CCNF/BMP4/CDKN1B/CACNB4",11
"Time_12h","GO:1903706","regulation of hemopoiesis","11/161","382/18842",0.0287958115183246,3.3700042275048,3.61922731356694,4.34440001353203,0.00045523438269039,0.0115588148259478,9.20117317671847e-05,"BCL6/CDKN2A/CEBPB/CD86/CAMK4/CD74/ASCL2/CD2/FES/BMP4/PRDM1",11
"Time_12h","GO:0030217","T cell differentiation","9/161","265/18842",0.0339622641509434,3.97463963436072,4.26153885690789,4.52724876801016,0.000467855934213118,0.0116242796846204,9.25328522373247e-05,"BCL6/CDKN2A/CD86/CAMK4/CD74/ASCL2/CD2/BMP4/PRDM1",9
"Time_12h","GO:0033002","muscle cell proliferation","8/161","211/18842",0.037914691943128,4.43719643225104,4.75945780611095,4.66114217046793,0.000470298461998605,0.0116242796846204,9.25328522373247e-05,"CDKN1A/BMPR1A/ELANE/FES/BMP4/CDKN1B/EPHB1/ELN",8
"Time_12h","GO:0051924","regulation of calcium ion transport","8/161","211/18842",0.037914691943128,4.43719643225104,4.75945780611095,4.66114217046793,0.000470298461998605,0.0116242796846204,9.25328522373247e-05,"CACNA1D/BCL2/CALM1/CALM3/CAV1/CACNB1/ATP2A1/CASR",8
"Time_12h","GO:0015986","proton motive force-driven ATP synthesis","5/161","76/18842",0.0657894736842105,7.69941157240928,8.40104730949801,5.43278416769327,0.000484999715829354,0.011781886546774,9.37874514798515e-05,"ATP5PO/ATP5MC1/ATP5MC3/ATP5F1E/ATP5F1B",5
"Time_12h","GO:0009201","ribonucleoside triphosphate biosynthetic process","6/161","116/18842",0.0517241379310345,6.05333047761833,6.53524926686217,5.06814508440533,0.000485111690969927,0.011781886546774,9.37874514798515e-05,"ATP5PO/ATP5MC1/ATP5MC3/CAD/ATP5F1E/ATP5F1B",6
"Time_12h","GO:0095500","acetylcholine receptor signaling pathway","4/161","44/18842",0.0909090909090909,10.6391869000565,11.8732484076433,5.94259002109274,0.000534207884945677,0.0127005837219841,0.000101100564401338,"CHRM3/CHRM2/CHRNB1/CHRM5",4
"Time_12h","GO:0002029","desensitization of G protein-coupled receptor signaling pathway","3/161","19/18842",0.157894736842105,18.4785877737823,22.149920886076,7.07625658023213,0.00053658033626714,0.0127005837219841,0.000101100564401338,"GIPR/ARR3/GRM5",3
"Time_12h","GO:0033081","regulation of T cell differentiation in thymus","3/161","19/18842",0.157894736842105,18.4785877737823,22.149920886076,7.07625658023213,0.00053658033626714,0.0127005837219841,0.000101100564401338,"CDKN2A/CAMK4/BMP4",3
"Time_12h","GO:0006520","amino acid metabolic process","9/161","271/18842",0.033210332103321,3.88664023286196,4.1625903977501,4.4434931333093,0.000549738195792309,0.0129026788306548,0.000102709303810219,"BLMH/BCAT2/CAD/CBS/ARG2/ASL/GARS1/HARS1/CARS1",9
"Time_12h","GO:0016339","calcium-dependent cell-cell adhesion","4/161","45/18842",0.0888888888888889,10.4027605244997,11.5830355755787,5.86249133902481,0.000582454726161124,0.0135566337514002,0.000107914986716427,"CDH2/CDH10/CDH15/CDH17",4
"Time_12h","GO:0072331","signal transduction by p53 class mediator","7/161","168/18842",0.0416666666666667,4.87629399585921,5.22868435911914,4.68508554104367,0.000610575318993228,0.0140474698403591,0.000111822193401455,"CDKN2A/CDKN1A/BCL2/CASP2/CD74/ATM/CDKN1B",7
"Time_12h","GO:0007213","G protein-coupled acetylcholine receptor signaling pathway","3/161","20/18842",0.15,17.5546583850932,20.8458674609084,6.87649591186931,0.000627324640879248,0.0140474698403591,0.000111822193401455,"CHRM3/CHRM2/CHRM5",3
"Time_12h","GO:0022401","negative adaptation of signaling pathway","3/161","20/18842",0.15,17.5546583850932,20.8458674609084,6.87649591186931,0.000627324640879248,0.0140474698403591,0.000111822193401455,"GIPR/ARR3/GRM5",3
"Time_12h","GO:0023058","adaptation of signaling pathway","3/161","20/18842",0.15,17.5546583850932,20.8458674609084,6.87649591186931,0.000627324640879248,0.0140474698403591,0.000111822193401455,"GIPR/ARR3/GRM5",3
"Time_12h","GO:1905145","cellular response to acetylcholine","4/161","46/18842",0.0869565217391304,10.1766135565757,11.3066424021838,5.7848685304484,0.000633716009511198,0.0140474698403591,0.000111822193401455,"CHRM3/CHRM2/CHRNB1/CHRM5",4
"Time_12h","GO:0009142","nucleoside triphosphate biosynthetic process","6/161","122/18842",0.0491803278688525,5.75562570003055,6.19521690767519,4.89214714396518,0.000633720443925976,0.0140474698403591,0.000111822193401455,"ATP5PO/ATP5MC1/ATP5MC3/CAD/ATP5F1E/ATP5F1B",6
"Time_12h","GO:0070296","sarcoplasmic reticulum calcium ion transport","4/161","47/18842",0.0851063829787234,9.96008986388265,11.0431047252259,5.70959077289335,0.000688095611277846,0.0151326853724333,0.00012046084381245,"CCR5/CALM1/CALM3/ATP2A1",4
"Time_12h","GO:0051592","response to calcium ion","6/161","125/18842",0.048,5.61749068322981,6.03805909460558,4.80847947656143,0.000720149247517871,0.0157138816274798,0.000125087345294538,"GIPR/BRAF/CALM1/CALM3/CAV1/CASR",6
"Time_12h","GO:0009260","ribonucleotide biosynthetic process","7/161","173/18842",0.0404624277456647,4.73536064337773,5.06982475355969,4.58205095982957,0.000726314434564575,0.0157255520599911,0.000125180245537514,"ATIC/ATP5PO/ATP5MC1/ATP5MC3/CAD/ATP5F1E/ATP5F1B",7
"Time_12h","GO:0009165","nucleotide biosynthetic process","8/161","226/18842",0.0353982300884956,4.14269224426977,4.42837440786712,4.41242910687701,0.000738344390470532,0.0158630452506477,0.000126274733750103,"ATIC/ATP5PO/ATP5MC1/ATP5MC3/CAD/GARS1/ATP5F1E/ATP5F1B",8
"Time_12h","GO:0019058","viral life cycle","9/161","284/18842",0.0316901408450704,3.70873064473799,3.96301435406699,4.26996444227125,0.000767854465393637,0.0163711261209498,0.000130319214214427,"CD81/CD86/BCL2/CCR5/DDX6/BICD1/CAV1/GPR15/ITGB7",9
"Time_12h","GO:0031100","animal organ regeneration","4/161","49/18842",0.0816326530612245,9.55355558372417,10.5511677282378,5.56559394190329,0.000806626642511261,0.0169391594927365,0.000134840935085179,"ATIC/CEBPB/CAD/CCNA2",4
"Time_12h","GO:1905144","response to acetylcholine","4/161","49/18842",0.0816326530612245,9.55355558372417,10.5511677282378,5.56559394190329,0.000806626642511261,0.0169391594927365,0.000134840935085179,"CHRM3/CHRM2/CHRNB1/CHRM5",4
"Time_12h","GO:0003012","muscle system process","12/161","477/18842",0.0251572327044025,2.94417750693386,3.15496860792379,3.99267986854053,0.000834385451068653,0.0173141686598958,0.000137826123741497,"CHRM3/CACNA1D/CHRM2/CHRNB1/CALM1/CALM3/CAV1/BDKRB2/CACNB1/ATP2A1/LTB4R/CACNB4",12
"Time_12h","GO:0003309","type B pancreatic cell differentiation","3/161","22/18842",0.136363636363636,15.9587803500847,18.6495669553631,6.51722280662805,0.000836882480875738,0.0173141686598958,0.000137826123741497,"CDH2/BMP6/BMP4",3
"Time_12h","GO:0046718","symbiont entry into host cell","6/161","129/18842",0.0465116279069767,5.44330492561028,5.84044059795437,4.70104184579433,0.000849260587454044,0.0174410648585231,0.000138836256628491,"CD81/CD86/CCR5/CAV1/GPR15/ITGB7",6
"Time_12h","GO:0070169","positive regulation of biomineral tissue development","4/161","50/18842",0.08,9.36248447204969,10.3212406535586,5.49665750702803,0.000870987011347309,0.0177566914065185,0.000141348741317455,"CEBPB/BMPR1A/BMP6/BMP4",4
"Time_12h","GO:0046390","ribose phosphate biosynthetic process","7/161","179/18842",0.0391061452513966,4.57663347097401,4.89138477801268,4.4634952454929,0.000887434545551337,0.0179609035197455,0.000142974332735675,"ATIC/ATP5PO/ATP5MC1/ATP5MC3/CAD/ATP5F1E/ATP5F1B",7
"Time_12h","GO:0086001","cardiac muscle cell action potential","5/161","87/18842",0.0574712643678161,6.72592275290926,7.2697779862414,4.96948551891833,0.00089972048424766,0.0180785562050627,0.00014391088440521,"CACNA1D/CALM1/CALM3/CAV1/HCN2",5
"Time_12h","GO:0045933","positive regulation of muscle contraction","4/161","51/18842",0.0784313725490196,9.17890634514675,10.1010977097168,5.4296299223909,0.000938883460790471,0.0187307250427699,0.000149102349539449,"CHRM3/CACNB1/ATP2A1/CACNB4",4
"Time_12h","GO:0090200","positive regulation of release of cytochrome c from mitochondria","3/161","23/18842",0.130434782608696,15.2649203348636,17.7161392405063,6.35477019651504,0.000956405493313065,0.0189449683888184,0.00015080779266544,"BID/CASP1/BIK",3
"Time_12h","GO:0098926","postsynaptic signal transduction","4/161","52/18842",0.0769230769230769,9.00238891543239,9.89012738853503,5.36442019231408,0.00101042070422385,0.0198739790626564,0.000158203004217592,"CHRM3/CHRM2/CHRNB1/CHRM5",4
"Time_12h","GO:0006959","humoral immune response","9/161","296/18842",0.0304054054054054,3.55837669968105,3.79483770401614,4.11860432754158,0.00102744978646853,0.0200676031720741,0.000159744311859221,"CD81/BCL2/H2BC3/IGHM/CFHR2/C8A/C3/IFNA4/ELANE",9
"Time_12h","GO:0044409","symbiont entry into host","6/161","134/18842",0.0447761194029851,5.24019653286363,5.61078629032258,4.57287739721661,0.00103496175460157,0.0200739456986264,0.000159794800327168,"CD81/CD86/CCR5/CAV1/GPR15/ITGB7",6
"Time_12h","GO:0032753","positive regulation of interleukin-4 production","3/161","24/18842",0.125,14.6288819875776,16.871609403255,6.2021743751611,0.00108621259178026,0.020638039243825,0.000164285158962891,"CEBPB/CD86/CD40LG",3
"Time_12h","GO:0060563","neuroepithelial cell differentiation","3/161","24/18842",0.125,14.6288819875776,16.871609403255,6.2021743751611,0.00108621259178026,0.020638039243825,0.000164285158962891,"CEBPB/DLX3/BMP4",3
"Time_12h","GO:2000209","regulation of anoikis","3/161","24/18842",0.125,14.6288819875776,16.871609403255,6.2021743751611,0.00108621259178026,0.020638039243825,0.000164285158962891,"BCL2/CAV1/BCL2L1",3
"Time_12h","GO:0008630","intrinsic apoptotic signaling pathway in response to DNA damage","5/161","91/18842",0.0549450549450549,6.43027779673742,6.9301580202743,4.82053654000864,0.00110186188727201,0.0207939206158832,0.000165526022771966,"BCL2/CASP2/CD74/ATM/BCL2L1",5
"Time_12h","GO:0045216","cell-cell junction organization","7/161","187/18842",0.0374331550802139,4.38084166472913,4.6719696969697,4.3133317386327,0.00114474394974023,0.0214581869236541,0.000170813787499833,"CDH2/RHOC/CDH10/CAV1/BMP6/CDH15/CDH17",7
"Time_12h","GO:0090398","cellular senescence","5/161","92/18842",0.0543478260869565,6.36038347285984,6.85013262599469,4.78469203414674,0.00115726158465375,0.0215482107062528,0.000171530404580552,"CDKN2A/CDKN1A/ATM/ARG2/CDKN1B",5
"Time_12h","GO:0031334","positive regulation of protein-containing complex assembly","7/161","188/18842",0.0372340425531915,4.35753931544866,4.64590657960824,4.29515556248577,0.00118063717815982,0.0218378784013271,0.000173836248792275,"BID/RHOC/BIK/ATM/FES/CDH17/CASR",7
"Time_12h","GO:0016188","synaptic vesicle maturation","3/161","25/18842",0.12,14.0437267080745,16.1038550057537,6.05844759116022,0.00122663136630357,0.0225393513558281,0.000179420189905908,"CLCN3/ATP6V1C1/ATP6V1E1",3
"Time_12h","GO:0002285","lymphocyte activation involved in immune response","7/161","191/18842",0.0366492146596859,4.28909628955156,4.56941699604743,4.24137881642534,0.00129363961338672,0.0236152643149614,0.000187984788966565,"CD81/CD86/CD74/ASCL2/IFNA4/CD40LG/CDH17",7
"Time_12h","GO:0051480","regulation of cytosolic calcium ion concentration","4/161","56/18842",0.0714285714285714,8.35936113575865,9.12738853503185,5.12013983508164,0.00133507072077254,0.024213328072193,0.000192745560969464,"ATP2B3/CAV1/CALB1/CACNB4",4
"Time_12h","GO:0007043","cell-cell junction assembly","6/161","142/18842",0.0422535211267606,4.94497419298399,5.27846299810247,4.38058778693189,0.00139517191945525,0.0250596871890908,0.00019948284063138,"CDH2/RHOC/CDH10/CAV1/CDH15/CDH17",6
"Time_12h","GO:1905954","positive regulation of lipid localization","5/161","96/18842",0.0520833333333333,6.09536749482402,6.54761904761905,4.64645435311424,0.00139968177640464,0.0250596871890908,0.00019948284063138,"DBI/C3/CAV1/BMP6/GALR1",5
"Time_12h","GO:1904645","response to amyloid-beta","4/161","57/18842",0.0701754385964912,8.21270567723657,8.95469294555943,5.06284802868367,0.00142638075145578,0.0253750410115668,0.000201993154341076,"CALCR/ATP1A3/GRM5/CACNB1",4
"Time_12h","GO:0090257","regulation of muscle system process","8/161","252/18842",0.0317460317460317,3.71527161589273,3.95092681881496,4.02845677278272,0.00148441611825785,0.0262403431537606,0.00020888122632804,"CHRM3/CHRM2/CALM1/CALM3/CAV1/CACNB1/ATP2A1/CACNB4",8
"Time_12h","GO:0006935","chemotaxis","11/161","443/18842",0.0248306997742664,2.90596301333371,3.09782407407407,3.76863497724605,0.00152021156760603,0.0263974813650063,0.000210132094964767,"CCR5/RHOG/CXCR5/CCR3/CD74/C3/ELANE/FES/BMP4/EPHB1/CASR",11
"Time_12h","GO:0042330","taxis","11/161","443/18842",0.0248306997742664,2.90596301333371,3.09782407407407,3.76863497724605,0.00152021156760603,0.0263974813650063,0.000210132094964767,"CCR5/RHOG/CXCR5/CCR3/CD74/C3/ELANE/FES/BMP4/EPHB1/CASR",11
"Time_12h","GO:0140115","export across plasma membrane","5/161","98/18842",0.0510204081632653,5.97097223982761,6.40612076095947,4.58023847375129,0.00153403058232588,0.0263974813650063,0.000210132094964767,"ATP2B3/CALM1/CALM3/ATP4A/ATP1A3",5
"Time_12h","GO:0035883","enteroendocrine cell differentiation","3/161","27/18842",0.111111111111111,13.0034506556246,14.7602848101266,5.79429676810844,0.00154056192713786,0.0263974813650063,0.000210132094964767,"CDH2/BMP6/BMP4",3
"Time_12h","GO:0045907","positive regulation of vasoconstriction","3/161","27/18842",0.111111111111111,13.0034506556246,14.7602848101266,5.79429676810844,0.00154056192713786,0.0263974813650063,0.000210132094964767,"AVPR1A/CAV1/CASR",3
"Time_12h","GO:0097305","response to alcohol","8/161","254/18842",0.031496062992126,3.68601750868098,3.91838036027419,4.00105220726411,0.00156029635579726,0.0265726080594009,0.000211526157476586,"AVPR1A/CAT/CCR5/CALM3/CAD/GRM5/HCN2/KLF9",8
"Time_12h","GO:0019229","regulation of vasoconstriction","4/161","59/18842",0.0677966101694915,7.93430887461838,8.62814128546613,4.95235263920734,0.00162190616842543,0.0274544480509832,0.000218545875846405,"AVPR1A/CAV1/BDKRB2/CASR",4
"Time_12h","GO:0006754","ATP biosynthetic process","5/161","100/18842",0.05,5.85155279503106,6.27058029689609,4.51583065704753,0.00167763567840415,0.0280577032921124,0.000223347973662638,"ATP5PO/ATP5MC1/ATP5MC3/ATP5F1E/ATP5F1B",5
"Time_12h","GO:0046634","regulation of alpha-beta T cell activation","5/161","100/18842",0.05,5.85155279503106,6.27058029689609,4.51583065704753,0.00167763567840415,0.0280577032921124,0.000223347973662638,"CD81/CD86/ARG2/ASCL2/PRDM1",5
"Time_12h","GO:1902230","negative regulation of intrinsic apoptotic signaling pathway in response to DNA damage","3/161","28/18842",0.107142857142857,12.539041703638,14.1691139240506,5.67248088860469,0.00171467707897533,0.0283862969150357,0.000225963680268211,"BCL2/CD74/BCL2L1",3
"Time_12h","GO:0016032","viral process","10/161","383/18842",0.0261096605744125,3.05564114623032,3.25053708076629,3.77317941740577,0.00171760980259257,0.0283862969150357,0.000225963680268211,"CD81/CANX/CD86/BCL2/CCR5/DDX6/BICD1/CAV1/GPR15/ITGB7",10
"Time_12h","GO:0002027","regulation of heart rate","5/161","102/18842",0.0490196078431373,5.73681646571672,6.14062913031985,4.45314362992761,0.00183087361342371,0.0300801764840731,0.000239447484178825,"CACNA1D/AVPR1A/CALM1/CALM3/CAV1",5
"Time_12h","GO:1903779","regulation of cardiac conduction","3/161","29/18842",0.103448275862069,12.1066609552367,13.623417721519,5.55671776072961,0.0019006110063188,0.031043313103207,0.000247114348782968,"ATP2B3/ATP2A3/ATP2A1",3
"Time_12h","GO:0032633","interleukin-4 production","3/161","30/18842",0.1,11.7031055900621,13.1181434599156,5.44650372288477,0.00209864058992662,0.0336867998141669,0.000268157318485446,"CEBPB/CD86/CD40LG",3
"Time_12h","GO:0032673","regulation of interleukin-4 production","3/161","30/18842",0.1,11.7031055900621,13.1181434599156,5.44650372288477,0.00209864058992662,0.0336867998141669,0.000268157318485446,"CEBPB/CD86/CD40LG",3
"Time_12h","GO:0045761","regulation of adenylate cyclase activity","3/161","30/18842",0.1,11.7031055900621,13.1181434599156,5.44650372288477,0.00209864058992662,0.0336867998141669,0.000268157318485446,"CACNA1D/GIPR/GALR1",3
"Time_12h","GO:0050864","regulation of B cell activation","5/161","107/18842",0.0467289719626168,5.46874092993557,5.8380467571644,4.30343324317968,0.0022586046531904,0.0358425158884135,0.000285317483448424,"CDKN2A/CD81/BCL2/CD74/ATM",5
"Time_12h","GO:0071900","regulation of protein serine/threonine kinase activity","5/161","107/18842",0.0467289719626168,5.46874092993557,5.8380467571644,4.30343324317968,0.0022586046531904,0.0358425158884135,0.000285317483448424,"CDKN2A/IRAK2/ELANE/CCNG1/CDKN1B",5
"Time_12h","GO:0000079","regulation of cyclin-dependent protein serine/threonine kinase activity","3/161","31/18842",0.0967741935483871,11.3255860548988,12.6489602169982,5.34139220510142,0.00230903311213625,0.036197839904934,0.000288145972233029,"CDKN2A/CCNG1/CDKN1B",3
"Time_12h","GO:0098901","regulation of cardiac muscle cell action potential","3/161","31/18842",0.0967741935483871,11.3255860548988,12.6489602169982,5.34139220510142,0.00230903311213625,0.036197839904934,0.000288145972233029,"CALM1/CALM3/CAV1",3
"Time_12h","GO:0009152","purine ribonucleotide biosynthetic process","6/161","157/18842",0.0382165605095541,4.4725244293231,4.75026703695791,4.05614467803291,0.00231987588363164,0.036197839904934,0.000288145972233029,"ATIC/ATP5PO/ATP5MC1/ATP5MC3/ATP5F1E/ATP5F1B",6
"Time_12h","GO:0002366","leukocyte activation involved in immune response","8/161","274/18842",0.0291970802919708,3.41696513578456,3.61983389847167,3.74134671042275,0.00250117619539274,0.0380854525861947,0.000303171951481231,"CD81/CD86/CD74/ASCL2/IFNA4/CD40LG/FES/CDH17",8
"Time_12h","GO:0031018","endocrine pancreas development","3/161","32/18842",0.09375,10.9716614906832,12.2121344391096,5.24098565486783,0.00253204643196573,0.0380854525861947,0.000303171951481231,"CDH2/BMP6/BMP4",3
"Time_12h","GO:0043276","anoikis","3/161","32/18842",0.09375,10.9716614906832,12.2121344391096,5.24098565486783,0.00253204643196573,0.0380854525861947,0.000303171951481231,"BCL2/CAV1/BCL2L1",3
"Time_12h","GO:1902229","regulation of intrinsic apoptotic signaling pathway in response to DNA damage","3/161","32/18842",0.09375,10.9716614906832,12.2121344391096,5.24098565486783,0.00253204643196573,0.0380854525861947,0.000303171951481231,"BCL2/CD74/BCL2L1",3
"Time_12h","GO:0009145","purine nucleoside triphosphate biosynthetic process","5/161","110/18842",0.0454545454545455,5.31959345002823,5.67032967032967,4.21805263289769,0.00254776387183594,0.0380854525861947,0.000303171951481231,"ATP5PO/ATP5MC1/ATP5MC3/ATP5F1E/ATP5F1B",5
"Time_12h","GO:0009206","purine ribonucleoside triphosphate biosynthetic process","5/161","110/18842",0.0454545454545455,5.31959345002823,5.67032967032967,4.21805263289769,0.00254776387183594,0.0380854525861947,0.000303171951481231,"ATP5PO/ATP5MC1/ATP5MC3/ATP5F1E/ATP5F1B",5
"Time_12h","GO:0072073","kidney epithelium development","5/161","110/18842",0.0454545454545455,5.31959345002823,5.67032967032967,4.21805263289769,0.00254776387183594,0.0380854525861947,0.000303171951481231,"CAT/ARG2/CALB1/BMP4/CD34",5
"Time_12h","GO:0048660","regulation of smooth muscle cell proliferation","6/161","160/18842",0.0375,4.38866459627329,4.65697528278173,3.99614966641236,0.00254993900236964,0.0380854525861947,0.000303171951481231,"CDKN1A/BMPR1A/ELANE/BMP4/CDKN1B/ELN",6
"Time_12h","GO:0001657","ureteric bud development","4/161","67/18842",0.0597014925373134,6.98692871048484,7.52926903245375,4.55739181378455,0.00259114827318519,0.0382914133704034,0.000304811462859908,"CAT/ARG2/CALB1/BMP4",4
"Time_12h","GO:0008652","amino acid biosynthetic process","4/161","67/18842",0.0597014925373134,6.98692871048484,7.52926903245375,4.55739181378455,0.00259114827318519,0.0382914133704034,0.000304811462859908,"BCAT2/CAD/CBS/ASL",4
"Time_12h","GO:0044089","positive regulation of cellular component biogenesis","11/161","475/18842",0.0231578947368421,2.71019287348807,2.87912356321839,3.5045933839852,0.002616949457616,0.0384691570269552,0.000306226357197799,"BID/RHOC/BIK/GPM6A/CAV1/ATM/EPHA1/FES/CDH17/EPHB1/CASR",11
"Time_12h","GO:0001649","osteoblast differentiation","7/161","217/18842",0.032258064516129,3.77519535163294,3.99805194805195,3.81715801351907,0.00266644395685532,0.0389915077041723,0.000310384429727227,"BMP3/HNRNPC/BMPR1A/CAT/BMP6/BMP4/ATP5F1B",7
"Time_12h","GO:0072163","mesonephric epithelium development","4/161","68/18842",0.0588235294117647,6.88417975886007,7.41122611464968,4.51259994651161,0.00273502836783479,0.0395799701106869,0.000315068772016519,"CAT/ARG2/CALB1/BMP4",4
"Time_12h","GO:0072164","mesonephric tubule development","4/161","68/18842",0.0588235294117647,6.88417975886007,7.41122611464968,4.51259994651161,0.00273502836783479,0.0395799701106869,0.000315068772016519,"CAT/ARG2/CALB1/BMP4",4
"Time_12h","GO:0070231","T cell apoptotic process","3/161","33/18842",0.0909090909090909,10.6391869000565,11.8044303797468,5.14492881720865,0.00276792915769089,0.0398496192651065,0.000317215262469157,"CLC/ARG2/BMP4",3
"Time_12h","GO:0002263","cell activation involved in immune response","8/161","279/18842",0.028673835125448,3.3557292014515,3.55208257964933,3.68017302187373,0.00279453661928285,0.0398536118964625,0.000317247045046428,"CD81/CD86/CD74/ASCL2/IFNA4/CD40LG/FES/CDH17",8
"Time_12h","GO:0048659","smooth muscle cell proliferation","6/161","163/18842",0.0368098159509202,4.30789162824372,4.56724881857407,3.93761378417608,0.0027967446944886,0.0398536118964625,0.000317247045046428,"CDKN1A/BMPR1A/ELANE/BMP4/CDKN1B/ELN",6
"Time_12h","GO:0042325","regulation of phosphorylation","10/161","412/18842",0.0242718446601942,2.84055960923838,3.01126816249876,3.50671668926944,0.00291400355235304,0.0411616306834085,0.000327659278098275,"CDKN2A/CDKN1A/BRAF/BARD1/C3/IRAK2/ELANE/CCNG1/BMP4/CDKN1B",10
"Time_12h","GO:1901990","regulation of mitotic cell cycle phase transition","9/161","345/18842",0.0260869565217391,3.05298406697272,3.2327890037594,3.57280514144582,0.0029180103384586,0.0411616306834085,0.000327659278098275,"CDKN2A/CDKN1A/BUB1B/BARD1/CCNE1/ATM/CCNH/CDKN1B/CACNB4",9
"Time_12h","GO:2000514","regulation of CD4-positive, alpha-beta T cell activation","4/161","70/18842",0.0571428571428571,6.68748890860692,7.18587145338738,4.4256713747949,0.00303903190423796,0.0426533472790785,0.000339533802376087,"CD81/CD86/ARG2/ASCL2",4
"Time_12h","GO:0002903","negative regulation of B cell apoptotic process","2/161","10/18842",0.2,23.4062111801242,29.3600628930818,6.57938127893826,0.00312155090625195,0.0429482348825699,0.000341881198669089,"BCL6/CD74",2
"Time_12h","GO:0006207","'de novo' pyrimidine nucleobase biosynthetic process","2/161","10/18842",0.2,23.4062111801242,29.3600628930818,6.57938127893826,0.00312155090625195,0.0429482348825699,0.000341881198669089,"CAD/DHFR",2
"Time_12h","GO:0045657","positive regulation of monocyte differentiation","2/161","10/18842",0.2,23.4062111801242,29.3600628930818,6.57938127893826,0.00312155090625195,0.0429482348825699,0.000341881198669089,"CD74/FES",2
"Time_12h","GO:2000109","regulation of macrophage apoptotic process","2/161","10/18842",0.2,23.4062111801242,29.3600628930818,6.57938127893826,0.00312155090625195,0.0429482348825699,0.000341881198669089,"CDKN2A/CCR5",2
"Time_12h","GO:0042310","vasoconstriction","4/161","71/18842",0.0563380281690141,6.59329892397865,7.07823937636658,4.38347316430673,0.00319935006941856,0.0438028663915983,0.000348684329124295,"AVPR1A/CAV1/BDKRB2/CASR",4
"Time_12h","GO:0051701","biological process involved in interaction with host","6/161","168/18842",0.0357142857142857,4.17968056787933,4.42508960573477,3.84312321759457,0.00324732362885499,0.0442428043677658,0.00035218637113006,"CD81/CD86/CCR5/CAV1/GPR15/ITGB7",6
"Time_12h","GO:0030224","monocyte differentiation","3/161","35/18842",0.0857142857142857,10.0312333629104,11.0654667721519,4.96462187890379,0.00327925202426789,0.0442461396317885,0.000352212920860569,"CD74/FES/BMP4",3
"Time_12h","GO:0030890","positive regulation of B cell proliferation","3/161","35/18842",0.0857142857142857,10.0312333629104,11.0654667721519,4.96462187890379,0.00327925202426789,0.0442461396317885,0.000352212920860569,"CD81/BCL2/CD74",3
"Time_12h","GO:0050900","leukocyte migration","9/161","352/18842",0.0255681818181818,2.99227131564088,3.16560533988031,3.50280701549234,0.00333188463834958,0.0446236726999007,0.000355218200547064,"CD81/CCR5/CD74/C3/ASCL2/GPR15/ELANE/CD34/ITGB7",9
"Time_12h","GO:0043123","positive regulation of canonical NF-kappaB signal transduction","7/161","226/18842",0.0309734513274336,3.62485571373605,3.8318804483188,3.68537192076615,0.00333918639250957,0.0446236726999007,0.000355218200547064,"CASP1/RHOC/CD74/CAV1/IRAK2/CD40LG/CASP10",7
"Time_12h","GO:0090066","regulation of anatomical structure size","10/161","423/18842",0.0236406619385343,2.76669162885629,2.92930102785305,3.41163658958289,0.00351291288477663,0.0466174600823239,0.000371089363170112,"CDH2/AVPR1A/CLCN3/CAV1/BDKRB2/CAPZB/CAPG/CFL2/CLNS1A/CASR",10
"Time_12h","GO:0045744","negative regulation of G protein-coupled receptor signaling pathway","4/161","73/18842",0.0547945205479452,6.41266059729431,6.87233453337026,4.30146616226162,0.00353710023074648,0.0466174600823239,0.000371089363170112,"GIPR/BICD1/ARR3/GRM5",4
"Time_12h","GO:0014075","response to amine","3/161","36/18842",0.0833333333333333,9.75258799171843,10.7295742232451,4.87982640404467,0.00355514464645005,0.0466174600823239,0.000371089363170112,"CALM3/CAD/GRM5",3
"Time_12h","GO:0043516","regulation of DNA damage response, signal transduction by p53 class mediator","3/161","36/18842",0.0833333333333333,9.75258799171843,10.7295742232451,4.87982640404467,0.00355514464645005,0.0466174600823239,0.000371089363170112,"CDKN2A/CD74/ATM",3
"Time_12h","GO:0050673","epithelial cell proliferation","9/161","356/18842",0.0252808988764045,2.95865028962244,3.12843166995298,3.4635804396128,0.00358836334552987,0.0468331720750698,0.000372806497176874,"CEBPB/CCR3/CAV1/BMP6/KLF9/BMP4/CDKN1B/CD34/SERPINB1",9
"Time_12h","GO:0050671","positive regulation of lymphocyte proliferation","5/161","120/18842",0.0416666666666667,4.87629399585921,5.17447045707915,3.95454082759855,0.00370655770778665,0.0474128536389575,0.000377420941250075,"CD81/CD86/BCL2/CD74/CD40LG",5
"Time_12h","GO:0001823","mesonephros development","4/161","74/18842",0.0540540540540541,6.3260030216552,6.77379435850773,4.26160431541672,0.00371472221188787,0.0474128536389575,0.000377420941250075,"CAT/ARG2/CALB1/BMP4",4
"Time_12h","GO:0000050","urea cycle","2/161","11/18842",0.181818181818182,21.2783738001129,26.0964360587002,6.24536216321197,0.00379387835475103,0.0474128536389575,0.000377420941250075,"ARG2/ASL",2
"Time_12h","GO:0002829","negative regulation of type 2 immune response","2/161","11/18842",0.181818181818182,21.2783738001129,26.0964360587002,6.24536216321197,0.00379387835475103,0.0474128536389575,0.000377420941250075,"ARG2/ASCL2",2
"Time_12h","GO:0009396","folic acid-containing compound biosynthetic process","2/161","11/18842",0.181818181818182,21.2783738001129,26.0964360587002,6.24536216321197,0.00379387835475103,0.0474128536389575,0.000377420941250075,"ATIC/DHFR",2
"Time_12h","GO:0033079","immature T cell proliferation","2/161","11/18842",0.181818181818182,21.2783738001129,26.0964360587002,6.24536216321197,0.00379387835475103,0.0474128536389575,0.000377420941250075,"CDKN2A/BMP4",2
"Time_12h","GO:0070233","negative regulation of T cell apoptotic process","2/161","11/18842",0.181818181818182,21.2783738001129,26.0964360587002,6.24536216321197,0.00379387835475103,0.0474128536389575,0.000377420941250075,"ARG2/BMP4",2
"Time_12h","GO:1901329","regulation of odontoblast differentiation","2/161","11/18842",0.181818181818182,21.2783738001129,26.0964360587002,6.24536216321197,0.00379387835475103,0.0474128536389575,0.000377420941250075,"CEBPB/BMP4",2
"Time_12h","GO:2001280","positive regulation of unsaturated fatty acid biosynthetic process","2/161","11/18842",0.181818181818182,21.2783738001129,26.0964360587002,6.24536216321197,0.00379387835475103,0.0474128536389575,0.000377420941250075,"AVPR1A/CD74",2
"Time_12h","GO:0001819","positive regulation of cytokine production","11/161","499/18842",0.0220440881763527,2.57984291564495,2.73392076502732,3.32042633286616,0.00380253462768581,0.0474128536389575,0.000377420941250075,"CASP1/CEBPB/CD81/CD86/BMPR1A/CD74/C3/CD40LG/CD2/ELANE/CD34",11
"Time_12h","GO:0032946","positive regulation of mononuclear cell proliferation","5/161","121/18842",0.0413223140495868,4.83599404548021,5.1295866489832,3.92980445325609,0.0038401689473506,0.0476692971997787,0.000379462311103906,"CD81/CD86/BCL2/CD74/CD40LG",5
"Time_12h","GO:0007162","negative regulation of cell adhesion","8/161","295/18842",0.0271186440677966,3.17372354984735,3.3511420828494,3.4933599351363,0.00391730917654863,0.0484117014606209,0.000385372078042821,"CDKN2A/CEBPB/CD86/BMP6/ARG2/ASCL2/BMP4/CBLB",8
"Time_12h","GO:2000045","regulation of G1/S transition of mitotic cell cycle","6/161","175/18842",0.0342857142857143,4.01249334516415,4.24019851116625,3.71683009881508,0.00396641729744828,0.048802658642172,0.000388484217813464,"CDKN2A/CDKN1A/CCNE1/CCNH/CDKN1B/CACNB4",6
"Time_24h","GO:0010817","regulation of hormone levels","20/159","487/18842",0.0410677618069815,4.86665891803236,5.61243510544883,7.97536155409609,5.47487259116696e-09,4.85951796121419e-06,1.50214697518364e-07,"EFNA5/EDNRB/CTSL/CYP11B1/CYP11B2/CPT1A/EDN3/CYP1B1/ENSA/CYP11A1/DRD2/CTSK/CYP2C9/GALR1/CASR/CYP3A4/CRYM/CRY1/BMP6/CRHR1",20
"Time_24h","GO:0006631","fatty acid metabolic process","18/159","390/18842",0.0461538461538462,5.46937590711176,6.28380233356211,8.2278183338019,5.56423384779427e-09,4.85951796121419e-06,1.50214697518364e-07,"CYP7A1/CYP4A11/ETFB/FABP2/CPT1A/CPT1B/CYP1B1/CAV1/CPT2/CYP2F1/DECR1/AOAH/EHHADH/CYP2C9/EDN2/CYP3A4/FABP3/CD74",18
"Time_24h","GO:0001654","eye development","15/159","261/18842",0.0574712643678161,6.81052555483265,7.80699525745257,8.72023838938072,6.09425429552758e-09,4.85951796121419e-06,1.50214697518364e-07,"EFNA5/FOXC1/CRYGA/CRYBB2/CALB1/CYP1B1/CASP2/DSCAM/DRD2/CRYBA4/CRYGC/CRYGD/FOXF2/FBN1/BMP6",15
"Time_24h","GO:0150063","visual system development","15/159","265/18842",0.0566037735849057,6.70772516909932,7.68041666666667,8.63227823063634,7.48481780702995e-09,4.85951796121419e-06,1.50214697518364e-07,"EFNA5/FOXC1/CRYGA/CRYBB2/CALB1/CYP1B1/CASP2/DSCAM/DRD2/CRYBA4/CRYGC/CRYGD/FOXF2/FBN1/BMP6",15
"Time_24h","GO:0048880","sensory system development","15/159","271/18842",0.0553505535055351,6.55921464875026,7.49796549479167,8.50369497025486,1.01192184987428e-08,5.25592208824699e-06,1.6246811987682e-07,"EFNA5/FOXC1/CRYGA/CRYBB2/CALB1/CYP1B1/CASP2/DSCAM/DRD2/CRYBA4/CRYGC/CRYGD/FOXF2/FBN1/BMP6",15
"Time_24h","GO:0043010","camera-type eye development","13/159","206/18842",0.0631067961165049,7.47835378885022,8.53041379799844,8.62480234044032,2.1692131841602e-08,8.55907186471563e-06,2.64573235752575e-07,"EFNA5/CRYGA/CRYBB2/CALB1/CYP1B1/CASP2/DSCAM/DRD2/CRYBA4/CRYGC/CRYGD/FOXF2/FBN1",13
"Time_24h","GO:0007423","sensory organ development","17/159","379/18842",0.0448548812664908,5.3154444831649,6.0590031904132,7.82926934581259,2.30702745679666e-08,8.55907186471563e-06,2.64573235752575e-07,"EFNA5/FOXC1/CRYGA/CRYBB2/CALB1/CYP1B1/CASP2/DSCAM/DRD2/CRYBA4/CRYGC/EPHA4/CRYGD/FOXF2/FBN1/EDNRA/BMP6",17
"Time_24h","GO:0120254","olefinic compound metabolic process","11/159","165/18842",0.0666666666666667,7.90020964360587,8.94256756756757,8.2125481440737,1.57186115329967e-07,5.10265426889906e-05,1.57730390886742e-06,"EDNRB/CYP4A11/EPHX2/CYP11B1/CYP11B2/CYP1B1/CYP2F1/CYP11A1/CYP2C9/CYP3A4/BMP6",11
"Time_24h","GO:0050886","endocrine process","8/159","89/18842",0.0898876404494382,10.6519680587944,12.1671163437168,8.41981855352109,8.52936690150157e-07,0.000246119620479995,7.60791186262012e-06,"EDNRB/CYP11B2/EDN3/GALR1/EDN2/CRY1/BMP6/CRHR1",8
"Time_24h","GO:0030258","lipid modification","10/159","166/18842",0.0602409638554217,7.13874365386073,7.97065909482017,7.32856323609642,1.48286032226787e-06,0.000354977358456713,1.09728612903655e-05,"DGKA/EPHX2/ETFB/CPT1A/CPT1B/CPT2/DECR1/EHHADH/CYP3A4/FABP3",10
"Time_24h","GO:0016042","lipid catabolic process","14/159","347/18842",0.0403458213256484,4.7811067007413,5.3204929066998,6.55818604451562,1.50356216519979e-06,0.000354977358456713,1.09728612903655e-05,"CYP7A1/CYP4A11/ETFB/FABP2/CPS1/CPT1A/CPT1B/CYP1B1/CPT2/DECR1/AOAH/EHHADH/CYP3A4/FABP3",14
"Time_24h","GO:0042180","ketone metabolic process","11/159","216/18842",0.0509259259259259,6.03488236664337,6.69934080421885,6.86568121595271,2.28381161974121e-06,0.000447834159909709,1.38431987300278e-05,"CYP7A1/EDNRB/CYP11B1/CYP11B2/CPT1A/CAV1/CYP11A1/EDN2/FABP3/CD74/BMP6",11
"Time_24h","GO:0032341","aldosterone metabolic process","4/159","12/18842",0.333333333333333,39.5010482180294,60.241935483871,12.307369704914,2.29291200085188e-06,0.000447834159909709,1.38431987300278e-05,"EDNRB/CYP11B1/CYP11B2/BMP6",4
"Time_24h","GO:0002027","regulation of heart rate","8/159","102/18842",0.0784313725490196,9.29436428659514,10.4771030012681,7.74864257046796,2.41420032296339e-06,0.000447834159909709,1.38431987300278e-05,"EDNRB/CALM1/EDN3/CAV1/DRD2/EDN2/DSG2/EDNRA",8
"Time_24h","GO:0042445","hormone metabolic process","11/159","219/18842",0.0502283105022831,5.9522127451825,6.60164371101871,6.8002324667722,2.6104489097388e-06,0.000451955721239445,1.39706021254656e-05,"EDNRB/CTSL/CYP11B1/CYP11B2/CYP1B1/CYP11A1/CTSK/CYP2C9/CYP3A4/CRYM/BMP6",11
"Time_24h","GO:0008212","mineralocorticoid metabolic process","4/159","13/18842",0.307692307692308,36.4625060474117,53.5455197132616,11.7992581065225,3.29022378995288e-06,0.000529762939612438,1.6375735281867e-05,"EDNRB/CYP11B1/CYP11B2/BMP6",4
"Time_24h","GO:0043434","response to peptide hormone","15/159","427/18842",0.0351288056206089,4.16287393398436,4.61948826860841,6.09869884149003,3.46783595433633e-06,0.000529762939612438,1.6375735281867e-05,"CYC1/CSH1/EDNRB/CSHL1/CSF2RA/CYP11B1/CYP11B2/CPS1/CAV1/CYP11A1/FABP3/FBN1/CRY1/EDNRA/CRHR1",15
"Time_24h","GO:0007259","cell surface receptor signaling pathway via JAK-STAT","9/159","146/18842",0.0616438356164384,7.30498836908762,8.12233576642336,7.05526934149103,4.16993220720397e-06,0.000601628552339373,1.85972048522873e-05,"CSH1/CSHL1/CALM1/CSF2RA/CTF1/CYP1B1/CAV1/CSF2/CNTF",9
"Time_24h","GO:0002088","lens development in camera-type eye","6/159","55/18842",0.109090909090909,12.927615780446,14.9131652661064,8.1720967196612,6.76779959046862e-06,0.000925051344023527,2.85946690475305e-05,"EFNA5/CRYGA/CRYBB2/CRYBA4/CRYGC/CRYGD",6
"Time_24h","GO:2000846","regulation of corticosteroid hormone secretion","4/159","16/18842",0.25,29.625786163522,40.152688172043,10.5673384437289,8.21119716107824e-06,0.00106622395136601,3.29585176183322e-05,"GALR1/CRY1/BMP6/CRHR1",4
"Time_24h","GO:0008207","C21-steroid hormone metabolic process","5/159","35/18842",0.142857142857143,16.9290206648697,20.1872294372294,8.70142869431555,1.06298924624228e-05,0.00121595553721868,3.75869365391635e-05,"EDNRB/CYP11B1/CYP11B2/CYP11A1/BMP6",5
"Time_24h","GO:0014821","phasic smooth muscle contraction","4/159","17/18842",0.235294117647059,27.8830928597854,37.0620347394541,10.2297125516117,1.06672377870209e-05,0.00121595553721868,3.75869365391635e-05,"EDNRB/EDN3/DRD2/EDN2",4
"Time_24h","GO:0006704","glucocorticoid biosynthetic process","4/159","18/18842",0.222222222222222,26.3340321453529,34.4129032258065,9.92000389746612,1.36250170860835e-05,0.00121595553721868,3.75869365391635e-05,"CYP11B1/CYP11B2/SERPINA6/CYP11A1",4
"Time_24h","GO:0014829","vascular associated smooth muscle contraction","4/159","18/18842",0.222222222222222,26.3340321453529,34.4129032258065,9.92000389746612,1.36250170860835e-05,0.00121595553721868,3.75869365391635e-05,"EDNRB/EDN3/EDN2/EDNRA",4
"Time_24h","GO:0019373","epoxygenase P450 pathway","4/159","18/18842",0.222222222222222,26.3340321453529,34.4129032258065,9.92000389746612,1.36250170860835e-05,0.00121595553721868,3.75869365391635e-05,"CYP4A11/CYP1B1/CYP2F1/CYP2C9",4
"Time_24h","GO:0035930","corticosteroid hormone secretion","4/159","18/18842",0.222222222222222,26.3340321453529,34.4129032258065,9.92000389746612,1.36250170860835e-05,0.00121595553721868,3.75869365391635e-05,"GALR1/CRY1/BMP6/CRHR1",4
"Time_24h","GO:0035150","regulation of tube size","8/159","129/18842",0.062015503875969,7.34903222661011,8.12741502928137,6.67510202285682,1.38474145185065e-05,0.00121595553721868,3.75869365391635e-05,"EDNRB/CPS1/EDN3/CAV1/CASR/EDN2/FBN1/EDNRA",8
"Time_24h","GO:0035296","regulation of tube diameter","8/159","129/18842",0.062015503875969,7.34903222661011,8.12741502928137,6.67510202285682,1.38474145185065e-05,0.00121595553721868,3.75869365391635e-05,"EDNRB/CPS1/EDN3/CAV1/CASR/EDN2/FBN1/EDNRA",8
"Time_24h","GO:0097746","blood vessel diameter maintenance","8/159","129/18842",0.062015503875969,7.34903222661011,8.12741502928137,6.67510202285682,1.38474145185065e-05,0.00121595553721868,3.75869365391635e-05,"EDNRB/CPS1/EDN3/CAV1/CASR/EDN2/FBN1/EDNRA",8
"Time_24h","GO:0008015","blood circulation","15/159","480/18842",0.03125,3.70322327044025,4.08109318996416,5.53439018628554,1.40464636567425e-05,0.00121595553721868,3.75869365391635e-05,"EDNRB/CALM1/CXADR/CYP11B1/CYP11B2/CPS1/EDN3/CAV1/DRD2/CASR/EDN2/FBN1/DSG2/EDNRA/BMP6",15
"Time_24h","GO:0015909","long-chain fatty acid transport","6/159","63/18842",0.0952380952380952,11.2860137765798,12.8145854833161,7.54411631039614,1.50046417499192e-05,0.00122131850605355,3.77527136281177e-05,"FABP2/CPT1A/CPT1B/CPT2/DRD2/FABP3",6
"Time_24h","GO:0009410","response to xenobiotic stimulus","13/159","368/18842",0.0353260869565217,4.18625239267159,4.59702874782944,5.69443767938893,1.50489765859506e-05,0.00122131850605355,3.77527136281177e-05,"ENO2/CTPS1/CPS1/CPT1A/CYP1B1/DNMT3A/CYP2F1/DRD2/CYP2C9/SLC29A1/CYP3A4/FABP3/FBN1",13
"Time_24h","GO:0097696","cell surface receptor signaling pathway via STAT","9/159","172/18842",0.0523255813953488,6.20074594120228,6.81717791411043,6.32098752677332,1.57275324415124e-05,0.00123770914395781,3.82593718470136e-05,"CSH1/CSHL1/CALM1/CSF2RA/CTF1/CYP1B1/CAV1/CSF2/CNTF",9
"Time_24h","GO:0019395","fatty acid oxidation","7/159","96/18842",0.0729166666666667,8.64085429769392,9.62137788290952,6.92389476488297,1.69595378683272e-05,0.00129540940717781,4.0042970067146e-05,"ETFB/CPT1A/CPT1B/CPT2/DECR1/EHHADH/FABP3",7
"Time_24h","GO:0009062","fatty acid catabolic process","7/159","98/18842",0.0714285714285714,8.46451033243486,9.40890688259109,6.83455831815262,1.94094512862293e-05,0.00144018128543821,4.45180772846975e-05,"CYP4A11/ETFB/CPT1A/CPT1B/CPT2/DECR1/EHHADH",7
"Time_24h","GO:0006635","fatty acid beta-oxidation","6/159","67/18842",0.0895522388059701,10.6122219093213,11.9717132754741,7.27107203076736,2.14345879538617e-05,0.00154626735878275,4.77973505676753e-05,"ETFB/CPT1A/CPT1B/CPT2/DECR1/EHHADH",6
"Time_24h","GO:2000831","regulation of steroid hormone secretion","4/159","21/18842",0.19047619047619,22.5720275531596,28.3354838709677,9.12444581274837,2.612797337274e-05,0.00183390126618934,5.66885288166207e-05,"GALR1/CRY1/BMP6/CRHR1",4
"Time_24h","GO:0009914","hormone transport","11/159","281/18842",0.0391459074733096,4.63891313592515,5.06864364364364,5.66958660050094,2.74232973192061e-05,0.00187416587205206,5.79331657618152e-05,"EFNA5/CPT1A/EDN3/ENSA/DRD2/GALR1/CASR/CRYM/CRY1/BMP6/CRHR1",11
"Time_24h","GO:0034440","lipid oxidation","7/159","104/18842",0.0673076923076923,7.97617319787131,8.82406402604449,6.58111586173162,2.85717876078782e-05,0.00190258801070922,5.88117349934317e-05,"ETFB/CPT1A/CPT1B/CPT2/DECR1/EHHADH/FABP3",7
"Time_24h","GO:0042310","vasoconstriction","6/159","71/18842",0.0845070422535211,10.0143502524581,11.2325791855204,7.02016190187223,2.99190654266852e-05,0.00194249532282754,6.00453274745111e-05,"EDNRB/EDN3/CAV1/CASR/EDN2/EDNRA",6
"Time_24h","GO:0006700","C21-steroid hormone biosynthetic process","4/159","22/18842",0.181818181818182,21.5460263007433,26.7598566308244,8.8952180937955,3.17248264966561e-05,0.00198425514054844,6.13361835712338e-05,"CYP11B1/CYP11B2/CYP11A1/BMP6",4
"Time_24h","GO:0034308","primary alcohol metabolic process","7/159","106/18842",0.0660377358490566,7.82567936394921,8.64486975013291,6.50111138945704,3.23192064539406e-05,0.00198425514054844,6.13361835712338e-05,"EDNRB/CYP11B1/CYP11B2/CYP1B1/CYP11A1/CYP3A4/BMP6",7
"Time_24h","GO:0046883","regulation of hormone secretion","10/159","236/18842",0.0423728813559322,5.02131968873254,5.48108332838392,5.7348930537092,3.28544362894042e-05,0.00198425514054844,6.13361835712338e-05,"EFNA5/CPT1A/EDN3/ENSA/DRD2/GALR1/CASR/CRY1/BMP6/CRHR1",10
"Time_24h","GO:0015908","fatty acid transport","7/159","109/18842",0.0642201834862385,7.6102936933818,8.38925438596491,6.38495098874802,3.86909297978433e-05,0.00228364419738634,7.05907304156244e-05,"CYP4A11/FABP2/CPT1A/CPT1B/CPT2/DRD2/FABP3",7
"Time_24h","GO:0120178","steroid hormone biosynthetic process","5/159","46/18842",0.108695652173913,12.8807765928357,14.762432689262,7.44248995493819,4.16502905002713e-05,0.00240368454287121,7.43013503435533e-05,"CYP11B1/CYP11B2/SERPINA6/CYP11A1/BMP6",5
"Time_24h","GO:0001676","long-chain fatty acid metabolic process","7/159","111/18842",0.0630630630630631,7.47317128449204,8.22703694331984,6.30994155114691,4.34856748691733e-05,0.00245353768354765,7.58423827066029e-05,"CYP4A11/CPT1A/CYP1B1/CPT2/CYP2F1/CYP2C9/CYP3A4",7
"Time_24h","GO:0008211","glucocorticoid metabolic process","4/159","24/18842",0.166666666666667,19.7505241090147,24.0812903225806,8.4792908100511,4.54824150433943e-05,0.00245353768354765,7.58423827066029e-05,"CYP11B1/CYP11B2/SERPINA6/CYP11A1",4
"Time_24h","GO:0035929","steroid hormone secretion","4/159","24/18842",0.166666666666667,19.7505241090147,24.0812903225806,8.4792908100511,4.54824150433943e-05,0.00245353768354765,7.58423827066029e-05,"GALR1/CRY1/BMP6/CRHR1",4
"Time_24h","GO:0046427","positive regulation of receptor signaling pathway via JAK-STAT","5/159","47/18842",0.106382978723404,12.6067175163923,14.4101731601732,7.34961193679994,4.62931638405217e-05,0.00245353768354765,7.58423827066029e-05,"CSH1/CSHL1/CALM1/CSF2RA/CYP1B1",5
"Time_24h","GO:0008202","steroid metabolic process","11/159","308/18842",0.0357142857142857,4.23225516621743,4.6011011011011,5.27622912880064,6.30263768962595e-05,0.00321250443403319,9.93031378186582e-05,"CYP7A1/EDNRB/EPHX2/CYP11B1/CYP11B2/CYP1B1/SERPINA6/CYP11A1/CYP2C9/CYP3A4/BMP6",11
"Time_24h","GO:0003018","vascular process in circulatory system","10/159","255/18842",0.0392156862745098,4.64718214329757,5.05081495685523,5.40941279172337,6.30873030942213e-05,0.00321250443403319,9.93031378186582e-05,"EDNRB/CPS1/EDN3/CAV1/SLC29A1/CASR/EDN2/FBN1/EDNRA/BMP6",10
"Time_24h","GO:0016125","sterol metabolic process","8/159","160/18842",0.05,5.9251572327044,6.45904496340188,5.77159219111943,6.50007086550102e-05,0.00324628539186657,0.000100347355867305,"CYP7A1/EPHX2/CYP11B1/CYP11B2/CYP1B1/CYP11A1/CYP2C9/CYP3A4",8
"Time_24h","GO:1903522","regulation of blood circulation","10/159","257/18842",0.0389105058365759,4.61101730171549,5.00937423579599,5.3770252797515,6.73358530394872e-05,0.00325824403101329,0.000100717014622863,"EDNRB/CALM1/CXADR/EDN3/CAV1/DRD2/CASR/EDN2/DSG2/EDNRA",10
"Time_24h","GO:2000849","regulation of glucocorticoid secretion","3/159","10/18842",0.3,35.5509433962264,51.3076923076923,10.0818194903826,6.77493945609233e-05,0.00325824403101329,0.000100717014622863,"GALR1/CRY1/CRHR1",3
"Time_24h","GO:0008016","regulation of heart contraction","9/159","208/18842",0.0432692307692308,5.12753991291727,5.57306532663317,5.52200929695872,6.98087873219509e-05,0.00329624401227466,0.000101891648760742,"EDNRB/CALM1/CXADR/EDN3/CAV1/DRD2/EDN2/DSG2/EDNRA",9
"Time_24h","GO:0072329","monocarboxylic acid catabolic process","7/159","122/18842",0.0573770491803279,6.79936075884112,7.43569794050343,5.92835700298167,7.93825333622986e-05,0.0036496267480329,0.000112815217967362,"CYP4A11/ETFB/CPT1A/CPT1B/CPT2/DECR1/EHHADH",7
"Time_24h","GO:0009611","response to wounding","14/159","496/18842",0.0282258064516129,3.34484682491378,3.64592931749893,4.88215824173063,8.23245366289284e-05,0.0036496267480329,0.000112815217967362,"CTNNA1/FGF7/DGKA/F2RL2/CAV1/CLDN4/EVPL/CCN2/DRD2/EPHA4/DSG2/EDNRA/CNTF/F9",14
"Time_24h","GO:0006939","smooth muscle contraction","6/159","85/18842",0.0705882352941176,8.36492785793563,9.23504591710102,6.27803165014285,8.29141232706743e-05,0.0036496267480329,0.000112815217967362,"EDNRB/EDN3/CAV1/DRD2/EDN2/EDNRA",6
"Time_24h","GO:0046425","regulation of receptor signaling pathway via JAK-STAT","6/159","85/18842",0.0705882352941176,8.36492785793563,9.23504591710102,6.27803165014285,8.29141232706743e-05,0.0036496267480329,0.000112815217967362,"CSH1/CSHL1/CALM1/CSF2RA/CYP1B1/CAV1",6
"Time_24h","GO:0006690","icosanoid metabolic process","7/159","124/18842",0.0564516129032258,6.68969364982755,7.30780476833108,5.86404419107681,8.79643417034385e-05,0.00375665778702017,0.000116123701499036,"CASP1/CYP4A11/CYP1B1/CYP2F1/CYP2C9/EDN2/CD74",7
"Time_24h","GO:1904894","positive regulation of receptor signaling pathway via STAT","5/159","54/18842",0.0925925925925926,10.972513393897,12.3469387755102,6.76999678549247,9.10135828579382e-05,0.00375665778702017,0.000116123701499036,"CSH1/CSHL1/CALM1/CSF2RA/CYP1B1",5
"Time_24h","GO:0032342","aldosterone biosynthetic process","3/159","11/18842",0.272727272727273,32.3190394511149,44.8918269230769,9.58507057187536,9.25783975237931e-05,0.00375665778702017,0.000116123701499036,"CYP11B1/CYP11B2/BMP6",3
"Time_24h","GO:0035933","glucocorticoid secretion","3/159","11/18842",0.272727272727273,32.3190394511149,44.8918269230769,9.58507057187536,9.25783975237931e-05,0.00375665778702017,0.000116123701499036,"GALR1/CRY1/CRHR1",3
"Time_24h","GO:0097267","omega-hydroxylase P450 pathway","3/159","11/18842",0.272727272727273,32.3190394511149,44.8918269230769,9.58507057187536,9.25783975237931e-05,0.00375665778702017,0.000116123701499036,"CYP4A11/CYP1B1/CYP2C9",3
"Time_24h","GO:0046879","hormone secretion","10/159","268/18842",0.0373134328358209,4.42175912888388,4.79293481088393,5.20464774035482,9.53164354126809e-05,0.00380825819641127,0.00011771874445399,"EFNA5/CPT1A/EDN3/ENSA/DRD2/GALR1/CASR/CRY1/BMP6/CRHR1",10
"Time_24h","GO:0071375","cellular response to peptide hormone stimulus","11/159","325/18842",0.0338461538461538,4.01087566521529,4.34797297297297,5.05098895502861,0.000101657743388835,0.00400007817546673,0.000123648176212813,"CSH1/CSHL1/CSF2RA/CYP11B1/CYP11B2/CPS1/CAV1/CYP11A1/FBN1/EDNRA/CRHR1",11
"Time_24h","GO:0045761","regulation of adenylate cyclase activity","4/159","30/18842",0.133333333333333,15.8004192872117,18.5181141439206,7.48418288119668,0.000112768163584453,0.00437102866908693,0.000135114790111185,"EDNRB/GALR1/EDNRA/CRHR1",4
"Time_24h","GO:0006705","mineralocorticoid biosynthetic process","3/159","12/18842",0.25,29.625786163522,39.9017094017094,9.15061146941182,0.000122673559364773,0.00461714831406255,0.000142722702731,"CYP11B1/CYP11B2/BMP6",3
"Time_24h","GO:0086100","endothelin receptor signaling pathway","3/159","12/18842",0.25,29.625786163522,39.9017094017094,9.15061146941182,0.000122673559364773,0.00461714831406255,0.000142722702731,"EDNRB/EDN2/EDNRA",3
"Time_24h","GO:0098901","regulation of cardiac muscle cell action potential","4/159","31/18842",0.129032258064516,15.290728342463,17.8313022700119,7.34609429858108,0.000128627564514567,0.00477208264349044,0.000147511945947298,"CALM1/CXADR/CAV1/DSG2",4
"Time_24h","GO:0015718","monocarboxylic acid transport","8/159","178/18842",0.0449438202247191,5.32598402939722,5.76953642384106,5.34958115237435,0.000136710574955489,0.00500052624168178,0.000154573466508844,"CYP4A11/FABP2/CPT1A/CPT1B/CPT2/DRD2/CASR/FABP3",8
"Time_24h","GO:0019627","urea metabolic process","3/159","13/18842",0.230769230769231,27.3468795355588,35.9096153846154,8.76626235962823,0.000158488560037219,0.0056382848002282,0.000174287501877459,"CPS1/ARG2/CYP2C9",3
"Time_24h","GO:0071941","nitrogen cycle metabolic process","3/159","13/18842",0.230769230769231,27.3468795355588,35.9096153846154,8.76626235962823,0.000158488560037219,0.0056382848002282,0.000174287501877459,"CPS1/ARG2/CYP2C9",3
"Time_24h","GO:0046456","icosanoid biosynthetic process","5/159","62/18842",0.0806451612903226,9.55670521403936,10.6094782410572,6.22560914273153,0.000176397843302882,0.00613198847336807,0.000189548593310051,"CASP1/CYP4A11/CYP2C9/EDN2/CD74",5
"Time_24h","GO:0007411","axon guidance","8/159","185/18842",0.0432432432432432,5.12446030936597,5.53926740749055,5.20067023852928,0.000178210361132303,0.00613198847336807,0.000189548593310051,"EFNA5/CELSR3/EPHA8/EDN3/EFNB1/DSCAM/EPHA4/EDNRA",8
"Time_24h","GO:0008203","cholesterol metabolic process","7/159","139/18842",0.0503597122302158,5.96778426315551,6.47213915470494,5.42302642488803,0.000179449797449354,0.00613198847336807,0.000189548593310051,"CYP7A1/EPHX2/CYP11B1/CYP11B2/CYP11A1/CYP2C9/CYP3A4",7
"Time_24h","GO:0060047","heart contraction","9/159","236/18842",0.038135593220339,4.51918771985929,4.87823788546256,5.01879153400034,0.000181921660392823,0.00613572145506702,0.000189663985149576,"EDNRB/CALM1/CXADR/EDN3/CAV1/DRD2/EDN2/DSG2/EDNRA",9
"Time_24h","GO:0097485","neuron projection guidance","8/159","186/18842",0.043010752688172,5.09690944748766,5.50785028647965,5.18001241491492,0.000184905305214903,0.00615639843132182,0.000190303140258889,"EFNA5/CELSR3/EPHA8/EDN3/EFNB1/DSCAM/EPHA4/EDNRA",8
"Time_24h","GO:0010565","regulation of ketone metabolic process","7/159","141/18842",0.049645390070922,5.88313484098309,6.37485271013354,5.36911972286554,0.000195993489294188,0.00634886364872403,0.000196252517264105,"CYP7A1/CPT1A/CAV1/EDN2/FABP3/CD74/BMP6",7
"Time_24h","GO:0032368","regulation of lipid transport","7/159","141/18842",0.049645390070922,5.88313484098309,6.37485271013354,5.36911972286554,0.000195993489294188,0.00634886364872403,0.000196252517264105,"CYP4A11/CAV1/GALR1/FABP3/CRY1/BMP6/CRHR1",7
"Time_24h","GO:0009437","carnitine metabolic process","3/159","14/18842",0.214285714285714,25.3935309973046,32.6433566433566,8.42294224216769,0.000200464697418318,0.00634886364872403,0.000196252517264105,"CPT1A/CPT1B/CPT2",3
"Time_24h","GO:0034650","cortisol metabolic process","3/159","14/18842",0.214285714285714,25.3935309973046,32.6433566433566,8.42294224216769,0.000200464697418318,0.00634886364872403,0.000196252517264105,"CYP11B1/CYP11B2/CYP11A1",3
"Time_24h","GO:0061564","axon development","12/159","414/18842",0.0289855072463768,3.43487375808951,3.71225505127424,4.62130622985765,0.000210545647827694,0.00658779575190989,0.000203638252617683,"CTNNA1/EFNA5/CELSR3/EPHA8/EDN3/EFNB1/DSCAM/DRD2/EPHA4/EDN2/EDNRA/CNTF",12
"Time_24h","GO:0003015","heart process","9/159","244/18842",0.0368852459016393,4.37101763068358,4.71012765957447,4.88933782393817,0.000233145328935445,0.00720807641958751,0.000222812021212707,"EDNRB/CALM1/CXADR/EDN3/CAV1/DRD2/EDN2/DSG2/EDNRA",9
"Time_24h","GO:0044282","small molecule catabolic process","11/159","359/18842",0.0306406685236769,3.63101557435924,3.91590944392669,4.6431385328603,0.000241689439309226,0.00738432322218894,0.000228260063663143,"CYP7A1/DLST/ENO2/CYP4A11/ETFB/CPT1A/CPT1B/CPT2/DECR1/EHHADH/CYP3A4",11
"Time_24h","GO:1904892","regulation of receptor signaling pathway via STAT","6/159","104/18842",0.0576923076923077,6.83671988388969,7.43697478991597,5.50618924141272,0.000252230714173109,0.00761678098497167,0.000235445667832302,"CSH1/CSHL1/CALM1/CSF2RA/CYP1B1/CAV1",6
"Time_24h","GO:1902652","secondary alcohol metabolic process","7/159","149/18842",0.0469798657718121,5.56726182938669,6.01311156412157,5.16341189096036,0.000274938167843086,0.00820706232055741,0.000253692113875603,"CYP7A1/EPHX2/CYP11B1/CYP11B2/CYP11A1/CYP2C9/CYP3A4",7
"Time_24h","GO:0043410","positive regulation of MAPK cascade","12/159","428/18842",0.0280373831775701,3.32251807441368,3.58457613814757,4.48367523188105,0.000285164791849111,0.00841560186854705,0.000260138371585093,"ERN1/FGF7/EPHA8/EDN3/CCN2/DRD2/CALCR/EPHA4/CASR/CD74/FGF5/DVL2",12
"Time_24h","GO:0034309","primary alcohol biosynthetic process","3/159","16/18842",0.1875,22.2193396226415,27.6183431952663,7.83321520198528,0.000304604920391824,0.00888830312648952,0.000274750248122048,"CYP11B1/CYP11B2/BMP6",3
"Time_24h","GO:0019217","regulation of fatty acid metabolic process","6/159","108/18842",0.0555555555555556,6.58350803633822,7.1437908496732,5.36822852454959,0.000309415042693715,0.00892834295417308,0.000275987936850062,"CYP7A1/CPT1A/CAV1/EDN2/FABP3/CD74",6
"Time_24h","GO:0140353","lipid export from cell","4/159","39/18842",0.102564102564103,12.1541686824706,13.7496774193548,6.43254996806583,0.000319058070156084,0.00910542646368516,0.0002814618431159,"GALR1/CRY1/BMP6/CRHR1",4
"Time_24h","GO:0044060","regulation of endocrine process","4/159","40/18842",0.1,11.8503144654088,13.3670250896057,6.33720165110459,0.000352195007109612,0.00994185253764852,0.000307316977452205,"GALR1/CRY1/BMP6/CRHR1",4
"Time_24h","GO:0001990","regulation of systemic arterial blood pressure by hormone","4/159","41/18842",0.0975609756097561,11.5612824052769,13.0050566695728,6.2451854520625,0.000387723399050232,0.0108270716917575,0.000334680376154147,"EDNRB/CYP11B2/EDN3/EDN2",4
"Time_24h","GO:0033559","unsaturated fatty acid metabolic process","6/159","114/18842",0.0526315789473684,6.23700761337306,6.74473493100944,5.17388963680595,0.000413732087218806,0.0114304492607153,0.00035333164562856,"CYP4A11/CYP1B1/CYP2F1/CYP2C9/EDN2/CD74",6
"Time_24h","GO:0006869","lipid transport","12/159","447/18842",0.0268456375838926,3.18129247393525,3.42444288060052,4.305712188762,0.000421530341235115,0.011523308380922,0.000356202054744239,"CYP4A11/FABP2/CPT1A/CPT1B/CAV1/CPT2/DRD2/GALR1/FABP3/CRY1/BMP6/CRHR1",12
"Time_24h","GO:0006577","amino-acid betaine metabolic process","3/159","18/18842",0.166666666666667,19.7505241090147,23.9333333333333,7.3421108481177,0.000438384876579921,0.0116452960009723,0.000359972867732912,"CPT1A/CPT1B/CPT2",3
"Time_24h","GO:0046184","aldehyde biosynthetic process","3/159","18/18842",0.166666666666667,19.7505241090147,23.9333333333333,7.3421108481177,0.000438384876579921,0.0116452960009723,0.000359972867732912,"CYP11B1/CYP11B2/BMP6",3
"Time_24h","GO:0006694","steroid biosynthetic process","7/159","161/18842",0.0434782608695652,5.15231063713426,5.54096889952153,4.88123755266122,0.000439445132112163,0.0116452960009723,0.000359972867732912,"CYP7A1/CYP11B1/CYP11B2/SERPINA6/CYP11A1/CYP3A4/BMP6",7
"Time_24h","GO:0008217","regulation of blood pressure","7/159","162/18842",0.0432098765432099,5.12050625048529,5.50492359932088,4.85899977145375,0.000456087352877744,0.0119642308628637,0.000369831603555981,"EDNRB/CYP11B1/CYP11B2/EDN3/DRD2/EDN2/EDNRA",7
"Time_24h","GO:0055078","sodium ion homeostasis","4/159","43/18842",0.0930232558139535,11.0235483399152,12.3368072787428,6.07037573277146,0.000466344723617753,0.0119910618538149,0.000370660988120875,"EDNRB/CYP4A11/CYP11B2/EDNRA",4
"Time_24h","GO:0060416","response to growth hormone","4/159","43/18842",0.0930232558139535,11.0235483399152,12.3368072787428,6.07037573277146,0.000466344723617753,0.0119910618538149,0.000370660988120875,"CSH1/CSHL1/CSF2RA/CPS1",4
"Time_24h","GO:0002790","peptide secretion","8/159","214/18842",0.0373831775700935,4.43002409921825,4.75200925866392,4.65530536132365,0.000475198096769449,0.0120989162481398,0.000373994922751604,"EFNA5/CPT1A/EDN3/ENSA/DRD2/CASR/CD74/CRHR1",8
"Time_24h","GO:0032370","positive regulation of lipid transport","5/159","77/18842",0.0649350649350649,7.6950093931226,8.39240620490621,5.43062105301185,0.000486616295511351,0.0121513703792594,0.000375616355474481,"CYP4A11/CAV1/GALR1/FABP3/BMP6",5
"Time_24h","GO:0035270","endocrine system development","5/159","77/18842",0.0649350649350649,7.6950093931226,8.39240620490621,5.43062105301185,0.000486616295511351,0.0121513703792594,0.000375616355474481,"DRD2/DSG2/EDNRA/BMP6/CRHR1",5
"Time_24h","GO:0006081","aldehyde metabolic process","5/159","78/18842",0.0641025641025641,7.59635542654411,8.27699697562711,5.3853739793801,0.000516445176756613,0.0127734107051136,0.000394844517637516,"EDNRB/CYP11B1/CYP11B2/CYP1B1/BMP6",5
"Time_24h","GO:0042311","vasodilation","4/159","45/18842",0.0888888888888889,10.5336128581412,11.7337529504327,5.90672467986371,0.000555708184853783,0.0136148505289177,0.000420854634200818,"EDNRB/CPS1/CASR/FBN1",4
"Time_24h","GO:1905952","regulation of lipid localization","7/159","168/18842",0.0416666666666667,4.93763102725367,5.29805491990847,4.72931468001188,0.000566812446916449,0.0137571207910469,0.000425252412861617,"CYP4A11/CAV1/GALR1/FABP3/CRY1/BMP6/CRHR1",7
"Time_24h","GO:0030201","heparan sulfate proteoglycan metabolic process","4/159","46/18842",0.0869565217391304,10.3046212742685,11.4537634408602,5.82870571019798,0.000604666079554117,0.014412402706229,0.000445508120416147,"IDS/EXTL2/EXTL1/EXT1",4
"Time_24h","GO:1902001","fatty acid transmembrane transport","3/159","20/18842",0.15,17.7754716981132,21.1153846153846,6.92443087210018,0.000604910240654202,0.014412402706229,0.000445508120416147,"CPT1A/CPT1B/CPT2",3
"Time_24h","GO:0006066","alcohol metabolic process","10/159","339/18842",0.0294985250737463,3.4956679838964,3.74410966728545,4.27752752054574,0.000622877026414646,0.0146486257578528,0.000452810115085111,"CYP7A1/EDNRB/EPHX2/CYP11B1/CYP11B2/CYP1B1/CYP11A1/CYP2C9/CYP3A4/BMP6",10
"Time_24h","GO:0098771","inorganic ion homeostasis","11/159","402/18842",0.027363184079602,3.24262336118151,3.47708578143361,4.19291578898123,0.000626106068202409,0.0146486257578528,0.000452810115085111,"EDNRB/CYP4A11/CALB1/CYP11B2/EDN3/CAV1/DRD2/CASR/EDN2/EDNRA/BMP6",11
"Time_24h","GO:0010876","lipid localization","12/159","468/18842",0.0256410256410256,3.03854217061764,3.26297887576083,4.11972285216996,0.000632772364443376,0.0146724092005308,0.000453545295544642,"CYP4A11/FABP2/CPT1A/CPT1B/CAV1/CPT2/DRD2/GALR1/FABP3/CRY1/BMP6/CRHR1",12
"Time_24h","GO:0003073","regulation of systemic arterial blood pressure","5/159","82/18842",0.0609756097560976,7.22580150329805,7.84533648170012,5.21210323625822,0.000649697819989717,0.0149315507833035,0.000461555735012368,"EDNRB/CYP11B2/EDN3/DRD2/EDN2",5
"Time_24h","GO:0006874","intracellular calcium ion homeostasis","7/159","175/18842",0.04,4.74012578616352,5.07538377192982,4.58558976191591,0.000721954065282519,0.0164143733889034,0.000507391916903531,"CALB1/EDN3/CAV1/DRD2/CASR/EDN2/EDNRA",7
"Time_24h","GO:0006638","neutral lipid metabolic process","6/159","127/18842",0.047244094488189,5.59857376318526,6.01588073245827,4.79686318669959,0.000733179558379977,0.0164143733889034,0.000507391916903531,"DGKA/FABP2/CPS1/CPT1A/CAV1/FABP3",6
"Time_24h","GO:0006639","acylglycerol metabolic process","6/159","127/18842",0.047244094488189,5.59857376318526,6.01588073245827,4.79686318669959,0.000733179558379977,0.0164143733889034,0.000507391916903531,"DGKA/FABP2/CPS1/CPT1A/CAV1/FABP3",6
"Time_24h","GO:0050801","monoatomic ion homeostasis","12/159","478/18842",0.0251046025104603,2.97497434278045,3.19120609617237,4.0347719628907,0.000761075152639128,0.0168006960121716,0.000519333705464022,"EDNRB/CYP4A11/CALB1/CYP11B2/CPS1/EDN3/CAV1/DRD2/CASR/EDN2/EDNRA/BMP6",12
"Time_24h","GO:0003044","regulation of systemic arterial blood pressure mediated by a chemical signal","4/159","49/18842",0.0816326530612245,9.67372609421127,10.688458781362,5.60832169214868,0.000769843213495733,0.0168006960121716,0.000519333705464022,"EDNRB/CYP11B2/EDN3/EDN2",4
"Time_24h","GO:0060986","endocrine hormone secretion","4/159","49/18842",0.0816326530612245,9.67372609421127,10.688458781362,5.60832169214868,0.000769843213495733,0.0168006960121716,0.000519333705464022,"GALR1/CRY1/BMP6/CRHR1",4
"Time_24h","GO:0072001","renal system development","8/159","231/18842",0.0346320346320346,4.10400500966539,4.38570961898257,4.378957991785,0.000784465940951107,0.0169771504054169,0.000524788164840174,"FOXC1/CYP4A11/CALB1/FOXF1/ARG2/FBN1/EDNRA/BMP6",8
"Time_24h","GO:0045471","response to ethanol","6/159","130/18842",0.0461538461538462,5.46937590711176,5.86938646426312,4.71721515715904,0.000828496721230245,0.0176590319139664,0.000545866104127087,"CYP7A1/EEF1B2/CPT1A/ELK1/DNMT3A/DRD2",6
"Time_24h","GO:0042593","glucose homeostasis","8/159","233/18842",0.0343347639484979,4.06877749885281,4.34625459896983,4.34819561514887,0.000829573312862495,0.0176590319139664,0.000545866104127087,"CYP7A1/ERN1/EFNA5/CYP11B1/SLC29A1/CASR/FBN1/CRY1",8
"Time_24h","GO:0048013","ephrin receptor signaling pathway","4/159","51/18842",0.0784313725490196,9.29436428659514,10.2325326012354,5.47167731324274,0.00089621835794248,0.018922594110379,0.000584924631051913,"EFNA5/EPHA8/EFNB1/EPHA4",4
"Time_24h","GO:0007409","axonogenesis","10/159","357/18842",0.0280112044817927,3.31941581664112,3.54640929926697,4.08159796784039,0.000924946021194604,0.0193716517503418,0.000598805649312101,"EFNA5/CELSR3/EPHA8/EDN3/EFNB1/DSCAM/DRD2/EPHA4/EDN2/EDNRA",10
"Time_24h","GO:0015833","peptide transport","8/159","238/18842",0.0336134453781513,3.98329897996935,4.25061906133026,4.27276810194854,0.00095151506567024,0.0197686770043649,0.000611078271600202,"EFNA5/CPT1A/EDN3/ENSA/DRD2/CASR/CD74/CRHR1",8
"Time_24h","GO:0033500","carbohydrate homeostasis","8/159","239/18842",0.0334728033472803,3.9666324570406,4.23198876179009,4.25792915672428,0.000977544994363909,0.020148288494945,0.000622812609385783,"CYP7A1/ERN1/EFNA5/CYP11B1/SLC29A1/CASR/FBN1/CRY1",8
"Time_24h","GO:0006706","steroid catabolic process","3/159","24/18842",0.125,14.812893081761,17.0897435897436,6.24641405687883,0.00104773271209317,0.0210874553171691,0.000651843608189711,"CYP7A1/CYP1B1/CYP3A4",3
"Time_24h","GO:1900037","regulation of cellular response to hypoxia","3/159","24/18842",0.125,14.812893081761,17.0897435897436,6.24641405687883,0.00104773271209317,0.0210874553171691,0.000651843608189711,"DNMT3A/DRD2/EPHA4",3
"Time_24h","GO:1902644","tertiary alcohol metabolic process","3/159","24/18842",0.125,14.812893081761,17.0897435897436,6.24641405687883,0.00104773271209317,0.0210874553171691,0.000651843608189711,"CYP11B1/CYP11B2/CYP11A1",3
"Time_24h","GO:0045216","cell-cell junction organization","7/159","187/18842",0.0374331550802139,4.4359465913295,4.73395467836257,4.35608967004889,0.00106451295116611,0.0210874553171691,0.000651843608189711,"CTNNA1/CXADR/CAV1/EPHA4/CLDN7/DSG2/BMP6",7
"Time_24h","GO:0023061","signal release","11/159","430/18842",0.0255813953488372,3.03147579347667,3.23976004644262,3.93117725568837,0.00108365343401919,0.0210874553171691,0.000651843608189711,"EFNA5/EDNRB/CPT1A/EDN3/ENSA/DRD2/GALR1/CASR/CRY1/BMP6/CRHR1",11
"Time_24h","GO:0016054","organic acid catabolic process","8/159","243/18842",0.0329218106995885,3.90133809560784,4.15905312103706,4.19936776424254,0.00108743189937975,0.0210874553171691,0.000651843608189711,"DLST/CYP4A11/ETFB/CPT1A/CPT1B/CPT2/DECR1/EHHADH",8
"Time_24h","GO:0046395","carboxylic acid catabolic process","8/159","243/18842",0.0329218106995885,3.90133809560784,4.15905312103706,4.19936776424254,0.00108743189937975,0.0210874553171691,0.000651843608189711,"DLST/CYP4A11/ETFB/CPT1A/CPT1B/CPT2/DECR1/EHHADH",8
"Time_24h","GO:0046887","positive regulation of hormone secretion","6/159","137/18842",0.0437956204379562,5.18991874397466,5.55365963179165,4.54061059337114,0.00108807047073572,0.0210874553171691,0.000651843608189711,"EFNA5/EDN3/DRD2/GALR1/CASR/BMP6",6
"Time_24h","GO:0050731","positive regulation of peptidyl-tyrosine phosphorylation","4/159","54/18842",0.0740740740740741,8.77801071511763,9.61703225806452,5.28022429842986,0.00111218118029614,0.0213950705572525,0.000661352438203299,"FGF7/CTF1/CSPG4/CNTF",4
"Time_24h","GO:0045834","positive regulation of lipid metabolic process","6/159","138/18842",0.0434782608695652,5.15231063713426,5.51128936423054,4.51636842256217,0.00112972765810326,0.021572814177163,0.000666846749432062,"CYP7A1/CPT1A/EDN2/FABP3/CD74/BMP6",6
"Time_24h","GO:1990542","mitochondrial transmembrane transport","3/159","25/18842",0.12,14.2203773584906,16.3120629370629,6.10191134723555,0.00118327021760199,0.0224303120811121,0.000693353244375063,"CPT1A/CPT1B/CPT2",3
"Time_24h","GO:0010038","response to metal ion","9/159","308/18842",0.0292207792207792,3.46275422690517,3.68909698996656,4.02012060337438,0.00124106278374438,0.0233553626766968,0.00072194789028727,"CALM1/CYP11B1/CYP11B2/CPS1/CAV1/DNMT3A/DRD2/CASR/BMP6",9
"Time_24h","GO:0032365","intracellular lipid transport","4/159","56/18842",0.0714285714285714,8.46451033243486,9.24615384615385,5.16066190964677,0.00127493223520527,0.0238201367973244,0.000736314727595349,"CPT1A/CPT1B/CPT2/FABP3",4
"Time_24h","GO:1905954","positive regulation of lipid localization","5/159","96/18842",0.0520833333333333,6.17203878406709,6.63336663336663,4.68673408306997,0.00132434296976678,0.0245665620891737,0.000759387808162208,"CYP4A11/CAV1/GALR1/FABP3/BMP6",5
"Time_24h","GO:0006936","muscle contraction","10/159","375/18842",0.0266666666666667,3.16008385744235,3.36820814562839,3.89776185128048,0.00133824046444307,0.0246483013202741,0.000761914485493813,"EDNRB/CRYAB/CALM1/EDN3/CAV1/DRD2/EDN2/DSG2/CHRNB1/EDNRA",10
"Time_24h","GO:0006935","chemotaxis","11/159","443/18842",0.0248306997742664,2.94251600721212,3.14003065565566,3.81677527073409,0.0013750035032473,0.0249712174680645,0.000771896288596774,"EFNA5/EDNRB/FGF7/CXADR/EDN3/CCR3/DSCAM/CASR/EDN2/CD74/RHOG",11
"Time_24h","GO:0042330","taxis","11/159","443/18842",0.0248306997742664,2.94251600721212,3.14003065565566,3.81677527073409,0.0013750035032473,0.0249712174680645,0.000771896288596774,"EFNA5/EDNRB/FGF7/CXADR/EDN3/CCR3/DSCAM/CASR/EDN2/CD74/RHOG",11
"Time_24h","GO:0009612","response to mechanical stimulus","7/159","196/18842",0.0357142857142857,4.23225516621743,4.50633528265107,4.1963148320598,0.00139657695775685,0.0250131748916865,0.000773193252976437,"CASP1/ERCC8/CALB1/CASP2/DRD2/FBN1/BMP6",7
"Time_24h","GO:0055074","calcium ion homeostasis","7/159","196/18842",0.0357142857142857,4.23225516621743,4.50633528265107,4.1963148320598,0.00139657695775685,0.0250131748916865,0.000773193252976437,"CALB1/EDN3/CAV1/DRD2/CASR/EDN2/EDNRA",7
"Time_24h","GO:0097305","response to alcohol","8/159","254/18842",0.031496062992126,3.73238250879018,3.97071017067787,4.04454109999831,0.00144127328421615,0.0256368953363654,0.000792473350031587,"CYP7A1/CTNNA1/EEF1B2/CPS1/CPT1A/ELK1/DNMT3A/DRD2",8
"Time_24h","GO:0086065","cell communication involved in cardiac conduction","4/159","58/18842",0.0689655172413793,8.17263066579918,8.90274790919952,5.04691111017542,0.00145364254574378,0.0256810183081402,0.000793837254622877,"CALM1/CXADR/CAV1/DSG2",4
"Time_24h","GO:0019229","regulation of vasoconstriction","4/159","59/18842",0.0677966101694915,8.03411150197207,8.74041055718475,4.992062395312,0.00154923288067325,0.0271848499399218,0.00084032285576472,"EDN3/CAV1/CASR/EDN2",4
"Time_24h","GO:0019369","arachidonate metabolic process","4/159","60/18842",0.0666666666666667,7.90020964360587,8.58387096774194,4.93849050255688,0.0016491130428116,0.0283513954846772,0.000876382458290203,"CYP4A11/CYP1B1/CYP2F1/CYP2C9",4
"Time_24h","GO:0010996","response to auditory stimulus","3/159","28/18842",0.107142857142857,12.6967654986523,14.3523076923077,5.71388452127911,0.00165445372964496,0.0283513954846772,0.000876382458290203,"ERCC8/CALB1/DRD2",3
"Time_24h","GO:0006641","triglyceride metabolic process","5/159","101/18842",0.0495049504950495,5.86649230960832,6.28618777056277,4.52384355924124,0.00165938086779782,0.0283513954846772,0.000876382458290203,"FABP2/CPS1/CPT1A/CAV1/FABP3",5
"Time_24h","GO:0048592","eye morphogenesis","5/159","101/18842",0.0495049504950495,5.86649230960832,6.28618777056277,4.52384355924124,0.00165938086779782,0.0283513954846772,0.000876382458290203,"EFNA5/CALB1/DSCAM/FOXF2/FBN1",5
"Time_24h","GO:0046889","positive regulation of lipid biosynthetic process","5/159","102/18842",0.0490196078431373,5.80897767912196,6.22104699424287,4.49257446108281,0.00173321755020454,0.0294193854763477,0.000909395566757311,"CYP7A1/EDN2/FABP3/CD74/BMP6",5
"Time_24h","GO:0071774","response to fibroblast growth factor","5/159","103/18842",0.0485436893203883,5.75257983757709,6.15723562152134,4.46171738874623,0.00180943643977806,0.03051367814353,0.000943221728798346,"FGF7/CPS1/ELK1/CASR/FGF5",5
"Time_24h","GO:0033762","response to glucagon","3/159","29/18842",0.103448275862069,12.2589459986988,13.7995562130178,5.59751076370588,0.00183400114606893,0.0305314165150065,0.000943770047402595,"CYC1/CPS1/CRY1",3
"Time_24h","GO:0060396","growth hormone receptor signaling pathway","3/159","29/18842",0.103448275862069,12.2589459986988,13.7995562130178,5.59751076370588,0.00183400114606893,0.0305314165150065,0.000943770047402595,"CSH1/CSHL1/CSF2RA",3
"Time_24h","GO:0042446","hormone biosynthetic process","4/159","62/18842",0.0645161290322581,7.64536417123149,8.28698553948832,4.83497314752872,0.00186213995963472,0.0307395553248364,0.000950203917718534,"CYP11B1/CYP11B2/CYP11A1/BMP6",4
"Time_24h","GO:0046394","carboxylic acid biosynthetic process","9/159","327/18842",0.0275229357798165,3.26155444002077,3.46509433962264,3.80580291745754,0.00187139955898955,0.0307395553248364,0.000950203917718534,"CYP7A1/CASP1/CYP4A11/CPS1/EHHADH/CYP2C9/EDN2/CYP3A4/CD74",9
"Time_24h","GO:0031667","response to nutrient levels","11/159","461/18842",0.0238611713665944,2.82762384207152,3.01145645645646,3.66505030674814,0.00188201359131651,0.0307395553248364,0.000950203917718534,"CSH1/CSHL1/CPS1/CPT1A/CAV1/DNMT3A/ENSA/CREBBP/CASR/FBN1/FOLR2",11
"Time_24h","GO:0062012","regulation of small molecule metabolic process","9/159","328/18842",0.0274390243902439,3.25161067648412,3.45404388714734,3.79496103837235,0.00191058865614824,0.0308648752633839,0.000954077737470242,"CYP7A1/EPHX2/CPT1A/CAV1/EDN2/FABP3/CD74/CRY1/BMP6",9
"Time_24h","GO:0090596","sensory organ morphogenesis","6/159","153/18842",0.0392156862745098,4.64718214329757,4.94491129785247,4.17866317955693,0.00191345587886208,0.0308648752633839,0.000954077737470242,"EFNA5/CALB1/DSCAM/FOXF2/FBN1/EDNRA",6
"Time_24h","GO:0048667","cell morphogenesis involved in neuron differentiation","11/159","463/18842",0.0237580993520518,2.81540948422239,2.99780255919636,3.64864312258339,0.00194670883076501,0.031207424898128,0.000964666439925672,"EFNA5/CELSR3/EPHA8/EDN3/EFNB1/DSCAM/DRD2/EPHA4/EDN2/DBN1/EDNRA",11
"Time_24h","GO:0048678","response to axon injury","4/159","63/18842",0.0634920634920635,7.52400918438654,8.14609075997813,4.78493274130827,0.00197548429246871,0.0314744337885966,0.000972920069202604,"CTNNA1/DRD2/EPHA4/CNTF",4
"Time_24h","GO:0042178","xenobiotic catabolic process","3/159","30/18842",0.1,11.8503144654088,13.2877492877493,5.48671873423065,0.00202524925523387,0.0316828861507405,0.000979363631872059,"CYP1B1/CYP2C9/CYP3A4",3
"Time_24h","GO:0071378","cellular response to growth hormone stimulus","3/159","30/18842",0.1,11.8503144654088,13.2877492877493,5.48671873423065,0.00202524925523387,0.0316828861507405,0.000979363631872059,"CSH1/CSHL1/CSF2RA",3
"Time_24h","GO:0016053","organic acid biosynthetic process","9/159","331/18842",0.027190332326284,3.22213988485436,3.42130434782609,3.76268343149593,0.00203211298900691,0.0316828861507405,0.000979363631872059,"CYP7A1/CASP1/CYP4A11/CPS1/EHHADH/CYP2C9/EDN2/CYP3A4/CD74",9
"Time_24h","GO:0055080","monoatomic cation homeostasis","11/159","466/18842",0.0236051502145923,2.79728453046131,2.97754677754678,3.62419480558874,0.00204714532240443,0.0316828861507405,0.000979363631872059,"EDNRB/CYP4A11/CALB1/CYP11B2/EDN3/CAV1/DRD2/CASR/EDN2/EDNRA/BMP6",11
"Time_24h","GO:0030072","peptide hormone secretion","7/159","210/18842",0.0333333333333333,3.95010482180293,4.19237749546279,3.96592582274454,0.00206820700079043,0.0316828861507405,0.000979363631872059,"EFNA5/CPT1A/EDN3/ENSA/DRD2/CASR/CRHR1",7
"Time_24h","GO:0015849","organic acid transport","9/159","332/18842",0.0271084337349398,3.21243464423733,3.41052631578947,3.75200590259695,0.00207396636335228,0.0316828861507405,0.000979363631872059,"CYP4A11/FABP2/CPT1A/CPT1B/CPT2/DRD2/CASR/FABP3/FOLR2",9
"Time_24h","GO:0046942","carboxylic acid transport","9/159","332/18842",0.0271084337349398,3.21243464423733,3.41052631578947,3.75200590259695,0.00207396636335228,0.0316828861507405,0.000979363631872059,"CYP4A11/FABP2/CPT1A/CPT1B/CPT2/DRD2/CASR/FABP3/FOLR2",9
"Time_24h","GO:0006979","response to oxidative stress","10/159","400/18842",0.025,2.9625786163522,3.14799518155223,3.6599932080352,0.00215075625093821,0.0326638244660031,0.00100968584767359,"ERN1/PLK3/CRYAB/ERCC8/CYP1B1/GPX2/DAPK1/CRYGD/FBN1/EDNRA",10
"Time_24h","GO:0062013","positive regulation of small molecule metabolic process","6/159","157/18842",0.0382165605095541,4.5287825982454,4.81288144396832,4.09595718449363,0.00217898264902124,0.0328824278482103,0.0010164431929899,"CYP7A1/CPT1A/EDN2/CD74/CRY1/BMP6",6
"Time_24h","GO:0048511","rhythmic process","8/159","272/18842",0.0294117647058824,3.48538660747318,3.69636765001003,3.80890099354273,0.00221206017705013,0.0328824278482103,0.0010164431929899,"DHX9/DYRK1A/CSF2/CASP2/CLDN4/CREBBP/DRD2/CRY1",8
"Time_24h","GO:0030199","collagen fibril organization","4/159","65/18842",0.0615384615384615,7.29250120948234,7.87815970386039,4.68807027192787,0.00221632532152774,0.0328824278482103,0.0010164431929899,"COL7A1/CYP1B1/COL4A5/FBN1",4
"Time_24h","GO:0032355","response to estradiol","5/159","108/18842",0.0462962962962963,5.48625669694852,5.85676459462867,4.31328315680279,0.00222786625855221,0.0328824278482103,0.0010164431929899,"ENO2/CRYAB/ESR2/DNMT3A/DRD2",5
"Time_24h","GO:0120255","olefinic compound biosynthetic process","3/159","31/18842",0.0967741935483871,11.4680462568472,12.8125,5.38105917920311,0.00222845872209666,0.0328824278482103,0.0010164431929899,"CYP11B1/CYP11B2/BMP6",3
"Time_24h","GO:0007200","phospholipase C-activating G protein-coupled receptor signaling pathway","6/159","158/18842",0.0379746835443038,4.50011941724385,4.78095975232198,4.07571404597033,0.00224950529234749,0.0330054533572114,0.00102024608862053,"EDNRB/DGKA/CCR3/DRD2/CASR/EDNRA",6
"Time_24h","GO:0007204","positive regulation of cytosolic calcium ion concentration","6/159","160/18842",0.0375,4.4438679245283,4.71836007130125,4.03572927346727,0.00239570159900134,0.0349530171494746,0.0010804480897835,"EDNRB/CAV1/CCR3/CALCR/GALR1/EDNRA",6
"Time_24h","GO:0001501","skeletal system development","9/159","341/18842",0.0263929618768328,3.12764897914015,3.31644578313253,3.65768917767026,0.00248248247033167,0.0360167987455383,0.00111333111068264,"EVC/FOXC1/NCAN/VCAN/DLX5/FBN1/EDNRA/EXTL1/BMP6",9
"Time_24h","GO:0001666","response to hypoxia","8/159","278/18842",0.0287769784172662,3.41016243608887,3.6130488103998,3.734738180811,0.00253076205921061,0.036513272598722,0.00112867783236923,"CPT1A/CAV1/DNMT3A/CREBBP/DRD2/EPHA4/SLC29A1/CASR",8
"Time_24h","GO:0098900","regulation of action potential","4/159","69/18842",0.0579710144927536,6.86974751617902,7.3917617866005,4.50613663293388,0.00275733177509228,0.0395623791155505,0.00122293010528649,"CALM1/CXADR/CAV1/DSG2",4
"Time_24h","GO:0006816","calcium ion transport","10/159","416/18842",0.0240384615384615,2.84863328495404,3.02129136773895,3.51729771786776,0.00285270855646058,0.0407059567094952,0.0012582797353803,"EDNRB/CALM1/CAV1/DRD2/DIAPH1/CASR/CHRNB1/EDNRA/CNGA2/CRHR1",10
"Time_24h","GO:0015012","heparan sulfate proteoglycan biosynthetic process","3/159","34/18842",0.0882352941176471,10.4561598224195,11.5707196029777,5.09108308076875,0.00291232760927789,0.0411049717461667,0.0012706138647152,"EXTL2/EXTL1/EXT1",3
"Time_24h","GO:0070293","renal absorption","3/159","34/18842",0.0882352941176471,10.4561598224195,11.5707196029777,5.09108308076875,0.00291232760927789,0.0411049717461667,0.0012706138647152,"EDNRB/CLDN4/EDNRA",3
"Time_24h","GO:0001822","kidney development","7/159","225/18842",0.0311111111111111,3.68676450034941,3.90074239497827,3.74018635208194,0.00304053395906113,0.0423014438984681,0.00130759854177198,"FOXC1/CYP4A11/CALB1/ARG2/FBN1/EDNRA/BMP6",7
"Time_24h","GO:0007194","negative regulation of adenylate cyclase activity","2/159","10/18842",0.2,23.7006289308176,29.7372611464968,6.62394773346928,0.0030459645779798,0.0423014438984681,0.00130759854177198,"EDNRB/GALR1",2
"Time_24h","GO:0034776","response to histamine","2/159","10/18842",0.2,23.7006289308176,29.7372611464968,6.62394773346928,0.0030459645779798,0.0423014438984681,0.00130759854177198,"DRD2/DIAPH1",2
"Time_24h","GO:0036293","response to decreased oxygen levels","8/159","287/18842",0.0278745644599303,3.30322354436482,3.49478981224335,3.62721910669601,0.00307509505166348,0.0424788396232449,0.00131308209906122,"CPT1A/CAV1/DNMT3A/CREBBP/DRD2/EPHA4/SLC29A1/CASR",8
"Time_24h","GO:0006839","mitochondrial transport","3/159","35/18842",0.0857142857142857,10.1574123989218,11.2085336538462,5.00235216527739,0.00316581120672338,0.0426385373558154,0.00131801858592759,"CPT1A/CPT1B/CPT2",3
"Time_24h","GO:0042551","neuron maturation","3/159","35/18842",0.0857142857142857,10.1574123989218,11.2085336538462,5.00235216527739,0.00316581120672338,0.0426385373558154,0.00131801858592759,"EDNRB/EPHA8/EDNRA",3
"Time_24h","GO:0001503","ossification","9/159","354/18842",0.0254237288135593,3.01279181323953,3.18921739130435,3.5268155921751,0.00318285945232264,0.0426385373558154,0.00131801858592759,"FOXC1/DHX9/HNRNPC/VCAN/DLX5/CCN2/CASR/BMP6/EXT1",9
"Time_24h","GO:0009314","response to radiation","9/159","354/18842",0.0254237288135593,3.01279181323953,3.18921739130435,3.5268155921751,0.00318285945232264,0.0426385373558154,0.00131801858592759,"PLK3/CRYAB/ERCC8/CPT1B/ELK1/DNMT3A/CREBBP/DRD2/CRY1",9
"Time_24h","GO:0048598","embryonic morphogenesis","9/159","354/18842",0.0254237288135593,3.01279181323953,3.18921739130435,3.5268155921751,0.00318285945232264,0.0426385373558154,0.00131801858592759,"COL7A1/FOXC1/FOXF1/COL8A1/CREBBP/FOXF2/FBN1/EDNRA/DVL2",9
"Time_24h","GO:0090066","regulation of anatomical structure size","10/159","423/18842",0.0236406619385343,2.80149278142052,2.96894551245592,3.45698039042535,0.00321248100699976,0.0426385373558154,0.00131801858592759,"EFNA5/EDNRB/CPS1/EDN3/CAV1/DSCAM/CASR/EDN2/FBN1/EDNRA",10
"Time_24h","GO:0022898","regulation of transmembrane transporter activity","4/159","72/18842",0.0555555555555556,6.58350803633823,7.06451612903226,4.37893488747589,0.00321800281930682,0.0426385373558154,0.00131801858592759,"CALM1/DAPK1/EDNRA/CRHR1",4
"Time_24h","GO:0030330","DNA damage response, signal transduction by p53 class mediator","4/159","72/18842",0.0555555555555556,6.58350803633823,7.06451612903226,4.37893488747589,0.00321800281930682,0.0426385373558154,0.00131801858592759,"PLK3/DYRK1A/CASP2/CD74",4
"Time_24h","GO:0014075","response to amine","3/159","36/18842",0.0833333333333333,9.87526205450734,10.8682983682984,4.91712727373211,0.00343242742498908,0.0450202728419022,0.00139164145932096,"CPS1/DRD2/EDNRA",3
"Time_24h","GO:0042092","type 2 immune response","3/159","36/18842",0.0833333333333333,9.87526205450734,10.8682983682984,4.91712727373211,0.00343242742498908,0.0450202728419022,0.00139164145932096,"ARG2/FCER1A/CD74",3
"Time_24h","GO:0007254","JNK cascade","6/159","173/18842",0.0346820809248555,4.10993565274294,4.34800986262769,3.79088977507771,0.00352715160214454,0.0458000635538468,0.00141574591306664,"ERN1/CCN2/EPHA4/CASR/DVL2/DUSP9",6
"Time_24h","GO:0071453","cellular response to oxygen levels","6/159","173/18842",0.0346820809248555,4.10993565274294,4.34800986262769,3.79088977507771,0.00352715160214454,0.0458000635538468,0.00141574591306664,"CAV1/DNMT3A/DRD2/EPHA4/SLC29A1/CASR",6
"Time_24h","GO:0000050","urea cycle","2/159","11/18842",0.181818181818182,21.5460263007433,26.4317055909413,6.28803167388395,0.00370227261808113,0.0460038372686923,0.00142204485201121,"CPS1/ARG2",2
"Time_24h","GO:0001958","endochondral ossification","2/159","11/18842",0.181818181818182,21.5460263007433,26.4317055909413,6.28803167388395,0.00370227261808113,0.0460038372686923,0.00142204485201121,"FOXC1/DLX5",2
"Time_24h","GO:0019065","receptor-mediated endocytosis of virus by host cell","2/159","11/18842",0.181818181818182,21.5460263007433,26.4317055909413,6.28803167388395,0.00370227261808113,0.0460038372686923,0.00142204485201121,"CTSL/CAV1",2
"Time_24h","GO:0036075","replacement ossification","2/159","11/18842",0.181818181818182,21.5460263007433,26.4317055909413,6.28803167388395,0.00370227261808113,0.0460038372686923,0.00142204485201121,"FOXC1/DLX5",2
"Time_24h","GO:0048484","enteric nervous system development","2/159","11/18842",0.181818181818182,21.5460263007433,26.4317055909413,6.28803167388395,0.00370227261808113,0.0460038372686923,0.00142204485201121,"EDNRB/EDNRA",2
"Time_24h","GO:0070989","oxidative demethylation","2/159","11/18842",0.181818181818182,21.5460263007433,26.4317055909413,6.28803167388395,0.00370227261808113,0.0460038372686923,0.00142204485201121,"CYP2C9/CYP3A4",2
"Time_24h","GO:0097284","hepatocyte apoptotic process","2/159","11/18842",0.181818181818182,21.5460263007433,26.4317055909413,6.28803167388395,0.00370227261808113,0.0460038372686923,0.00142204485201121,"BID/DNMT3A",2
"Time_24h","GO:1901844","regulation of cell communication by electrical coupling involved in cardiac conduction","2/159","11/18842",0.181818181818182,21.5460263007433,26.4317055909413,6.28803167388395,0.00370227261808113,0.0460038372686923,0.00142204485201121,"CALM1/CAV1",2
"Time_24h","GO:2001280","positive regulation of unsaturated fatty acid biosynthetic process","2/159","11/18842",0.181818181818182,21.5460263007433,26.4317055909413,6.28803167388395,0.00370227261808113,0.0460038372686923,0.00142204485201121,"EDN2/CD74",2
"Time_24h","GO:0030593","neutrophil chemotaxis","4/159","75/18842",0.0533333333333333,6.3201677148847,6.76492503407542,4.25878541531425,0.00372854817353858,0.0461097124127604,0.00142531760516653,"CXADR/EDN3/EDN2/CD74",4
"Time_24h","GO:0003014","renal system process","5/159","122/18842",0.040983606557377,4.85668625631508,5.15207015207015,3.9424712354845,0.00377148517225124,0.0462006933600777,0.00142812995725377,"EDNRB/CYP4A11/CYP11B2/CLDN4/EDNRA",5
"Time_24h","GO:0018108","peptidyl-tyrosine phosphorylation","5/159","122/18842",0.040983606557377,4.85668625631508,5.15207015207015,3.9424712354845,0.00377148517225124,0.0462006933600777,0.00142812995725377,"FGF7/CTF1/DYRK1A/CSPG4/CNTF",5
"Time_24h","GO:0048593","camera-type eye morphogenesis","4/159","76/18842",0.0526315789473684,6.23700761337306,6.67060931899642,4.22018389156928,0.00391023957405482,0.0476755501118327,0.00147371990313236,"EFNA5/CALB1/DSCAM/FOXF2",4
"Time_24h","GO:0048732","gland development","7/159","236/18842",0.0296610169491525,3.51492378211278,3.71115835440129,3.58658849458261,0.00395165384591601,0.0479553506441302,0.00148236894047722,"CPS1/CPT1A/CAV1/DRD2/SLC29A1/EDNRA/CRHR1",7
"Time_24h","GO:0031103","axon regeneration","3/159","38/18842",0.0789473684210526,9.35551142005958,10.2461538461538,4.75627486152796,0.00400588544019869,0.0483873697125396,0.00149572327195644,"CTNNA1/EPHA4/CNTF",3
"Time_24h","GO:0018212","peptidyl-tyrosine modification","5/159","124/18842",0.0403225806451613,4.77835260701968,5.06493506493506,3.89413350184596,0.00404195228786636,0.0485173446365243,0.00149974098401084,"FGF7/CTF1/DYRK1A/CSPG4/CNTF",5
"Time_24h","GO:0006633","fatty acid biosynthetic process","6/159","178/18842",0.0337078651685393,3.99448802204791,4.22047423620611,3.70303185931788,0.00405400992919745,0.0485173446365243,0.00149974098401084,"CYP7A1/EHHADH/CYP2C9/EDN2/CYP3A4/CD74",6
"Time_24h","GO:0062197","cellular response to chemical stress","8/159","301/18842",0.026578073089701,3.14958523997576,3.32527179440816,3.46815558600517,0.00409851264343817,0.0488249419037107,0.0015092492584563,"ERN1/CASP1/CYP1B1/CAV1/GPX2/DAPK1/CRYGD/EDNRA",8
"Time_24h","GO:0006575","modified amino acid metabolic process","6/159","179/18842",0.0335195530726257,3.97217244650574,4.19585175110507,3.68584460334368,0.00416601103993475,0.0494024231539294,0.00152710003542975,"CPT1A/CPT1B/CPT2/CTSK/CRYM/FOLR2",6
"Time_24h","GO:0070633","transepithelial transport","3/159","39/18842",0.0769230769230769,9.11562651185293,9.96100427350427,4.68023880091536,0.00431312105436891,0.0498871553924085,0.0015420838068988,"EDNRB/CXADR/CSF2",3
"Time_24h","GO:0016322","neuron remodeling","2/159","12/18842",0.166666666666667,19.7505241090147,23.7872611464968,5.99385323390965,0.0044181924298244,0.0498871553924085,0.0015420838068988,"EPHA8/EDNRA",2
"Time_24h","GO:0019856","pyrimidine nucleobase biosynthetic process","2/159","12/18842",0.166666666666667,19.7505241090147,23.7872611464968,5.99385323390965,0.0044181924298244,0.0498871553924085,0.0015420838068988,"CTPS1/CPS1",2
"Time_24h","GO:0034651","cortisol biosynthetic process","2/159","12/18842",0.166666666666667,19.7505241090147,23.7872611464968,5.99385323390965,0.0044181924298244,0.0498871553924085,0.0015420838068988,"CYP11B1/CYP11B2",2
"Time_24h","GO:0035865","cellular response to potassium ion","2/159","12/18842",0.166666666666667,19.7505241090147,23.7872611464968,5.99385323390965,0.0044181924298244,0.0498871553924085,0.0015420838068988,"CYP11B1/CYP11B2",2
"Time_24h","GO:0042045","epithelial fluid transport","2/159","12/18842",0.166666666666667,19.7505241090147,23.7872611464968,5.99385323390965,0.0044181924298244,0.0498871553924085,0.0015420838068988,"EDNRB/CSF2",2
"Time_24h","GO:0042754","negative regulation of circadian rhythm","2/159","12/18842",0.166666666666667,19.7505241090147,23.7872611464968,5.99385323390965,0.0044181924298244,0.0498871553924085,0.0015420838068988,"DRD2/CRY1",2
"Time_24h","GO:0098911","regulation of ventricular cardiac muscle cell action potential","2/159","12/18842",0.166666666666667,19.7505241090147,23.7872611464968,5.99385323390965,0.0044181924298244,0.0498871553924085,0.0015420838068988,"CAV1/DSG2",2
"Time_24h","GO:1900038","negative regulation of cellular response to hypoxia","2/159","12/18842",0.166666666666667,19.7505241090147,23.7872611464968,5.99385323390965,0.0044181924298244,0.0498871553924085,0.0015420838068988,"DRD2/EPHA4",2
"Time_24h","GO:1901020","negative regulation of calcium ion transmembrane transporter activity","2/159","12/18842",0.166666666666667,19.7505241090147,23.7872611464968,5.99385323390965,0.0044181924298244,0.0498871553924085,0.0015420838068988,"CALM1/CRHR1",2
"Time_24h","GO:1902645","tertiary alcohol biosynthetic process","2/159","12/18842",0.166666666666667,19.7505241090147,23.7872611464968,5.99385323390965,0.0044181924298244,0.0498871553924085,0.0015420838068988,"CYP11B1/CYP11B2",2
