"Cluster","ID","Description","GeneRatio","BgRatio","RichFactor","FoldEnrichment","oddsRatio","zScore","pvalue","p.adjust","qvalue","geneID","Count"
"Drug_A_Up","GO:0009152","purine ribonucleotide biosynthetic process","12/134","157/18842",0.0764331210191083,10.7474094495674,12.592198982476,10.3796611960376,1.28867061690364e-09,3.26160372136962e-06,2.43452048239711e-06,"ADCY2/ADCY5/ATP5F1B/ATP5PF/ATP5PB/APRT/PARP1/AK2/ADCY3/ADK/ATP6V0C/ADCY8",12
"Drug_A_Up","GO:0009260","ribonucleotide biosynthetic process","12/134","173/18842",0.069364161849711,9.75342938486757,11.3310253538336,9.78884495156138,3.90716862810042e-09,3.26160372136962e-06,2.43452048239711e-06,"ADCY2/ADCY5/ATP5F1B/ATP5PF/ATP5PB/APRT/PARP1/AK2/ADCY3/ADK/ATP6V0C/ADCY8",12
"Drug_A_Up","GO:0030003","intracellular monoatomic cation homeostasis","17/134","410/18842",0.0414634146341463,5.83025118310885,6.77138383245253,8.36885621628256,5.44610579106007e-09,3.26160372136962e-06,2.43452048239711e-06,"BMP6/ANK2/ATP6V1B1/ATOX1/ARF1/ABCB7/BOK/ANXA6/ATP5F1B/ATP1B2/B2M/ATP7B/ATP1A1/ATP6V1B2/ATP2B4/ATP6V0C/ADCY8",17
"Drug_A_Up","GO:0055080","monoatomic cation homeostasis","18/134","466/18842",0.0386266094420601,5.43136250080072,6.32466133004926,8.19776451595303,5.65961757353518e-09,3.26160372136962e-06,2.43452048239711e-06,"AGTR1/BMP6/ANK2/ATP6V1B1/ATOX1/ARF1/ABCB7/BOK/ANXA6/ATP5F1B/ATP1B2/B2M/ATP7B/ATP1A1/ATP6V1B2/ATP2B4/ATP6V0C/ADCY8",18
"Drug_A_Up","GO:0046390","ribose phosphate biosynthetic process","12/134","179/18842",0.0670391061452514,9.42649879096139,10.9203887307353,9.58679947924434,5.75035917025673e-09,3.26160372136962e-06,2.43452048239711e-06,"ADCY2/ADCY5/ATP5F1B/ATP5PF/ATP5PB/APRT/PARP1/AK2/ADCY3/ADK/ATP6V0C/ADCY8",12
"Drug_A_Up","GO:0006873","intracellular monoatomic ion homeostasis","17/134","418/18842",0.0406698564593301,5.7186674284082,6.63339514461709,8.2566949797924,7.2593084899102e-09,3.40302864429091e-06,2.54008262329041e-06,"BMP6/ANK2/ATP6V1B1/ATOX1/ARF1/ABCB7/BOK/ANXA6/ATP5F1B/ATP1B2/B2M/ATP7B/ATP1A1/ATP6V1B2/ATP2B4/ATP6V0C/ADCY8",17
"Drug_A_Up","GO:0050801","monoatomic ion homeostasis","18/134","478/18842",0.0376569037656904,5.2950103041279,6.15562218890555,8.04980221275511,8.3995770486729e-09,3.40302864429091e-06,2.54008262329041e-06,"AGTR1/BMP6/ANK2/ATP6V1B1/ATOX1/ARF1/ABCB7/BOK/ANXA6/ATP5F1B/ATP1B2/B2M/ATP7B/ATP1A1/ATP6V1B2/ATP2B4/ATP6V0C/ADCY8",18
"Drug_A_Up","GO:0006164","purine nucleotide biosynthetic process","12/134","193/18842",0.0621761658031088,8.74271131389684,10.0681097726655,9.15028540580884,1.34191700809249e-08,4.75709579368789e-06,3.55078303062369e-06,"ADCY2/ADCY5/ATP5F1B/ATP5PF/ATP5PB/APRT/PARP1/AK2/ADCY3/ADK/ATP6V0C/ADCY8",12
"Drug_A_Up","GO:0009150","purine ribonucleotide metabolic process","15/134","340/18842",0.0441176470588235,6.20346795434592,7.12979961215255,8.19433468095262,2.02385952868116e-08,6.3774062481553e-06,4.76021229494481e-06,"ADCY2/ACTN3/ATP6V1B1/ADCY5/ATP5F1B/ATP5PF/ATP5PB/APRT/PARP1/AK2/ADCY3/ATP6V1B2/ADK/ATP6V0C/ADCY8",15
"Drug_A_Up","GO:0009259","ribonucleotide metabolic process","15/134","360/18842",0.0416666666666667,5.85883084577114,6.70917062477165,7.87769642240646,4.30693325626871e-08,1.22144627147781e-05,9.11709766142776e-06,"ADCY2/ACTN3/ATP6V1B1/ADCY5/ATP5F1B/ATP5PF/ATP5PB/APRT/PARP1/AK2/ADCY3/ATP6V1B2/ADK/ATP6V0C/ADCY8",15
"Drug_A_Up","GO:0072522","purine-containing compound biosynthetic process","13/134","264/18842",0.0492424242424242,6.92407281772953,7.9003325540812,8.20377169322087,5.23442668343072e-08,1.31042936890719e-05,9.78128372382287e-06,"ADCY2/ADCY5/ATP5F1B/ATP5PF/ACACB/ATP5PB/APRT/PARP1/AK2/ADCY3/ADK/ATP6V0C/ADCY8",13
"Drug_A_Up","GO:0019693","ribose phosphate metabolic process","15/134","367/18842",0.0408719346049046,5.74708202854935,6.57324293353705,7.77245539267621,5.54483512936752e-08,1.31042936890719e-05,9.78128372382287e-06,"ADCY2/ACTN3/ATP6V1B1/ADCY5/ATP5F1B/ATP5PF/ATP5PB/APRT/PARP1/AK2/ADCY3/ATP6V1B2/ADK/ATP6V0C/ADCY8",15
"Drug_A_Up","GO:0009165","nucleotide biosynthetic process","12/134","226/18842",0.0530973451327434,7.46612072381456,8.50038302436035,8.27647745735603,7.70399727098245e-08,1.68065663542356e-05,1.2544727540037e-05,"ADCY2/ADCY5/ATP5F1B/ATP5PF/ATP5PB/APRT/PARP1/AK2/ADCY3/ADK/ATP6V0C/ADCY8",12
"Drug_A_Up","GO:0097401","synaptic vesicle lumen acidification","5/134","18/18842",0.277777777777778,39.058872305141,55.7394156231366,13.6718380308886,1.34255161977299e-07,2.71962599548299e-05,2.02997842658908e-05,"ATP6V1B1/ATP6V1E1/ATP6V1C1/ATP6V1B2/ATP6V0C",5
"Drug_A_Up","GO:0071825","protein-lipid complex organization","7/134","57/18842",0.12280701754386,17.268133019115,20.567874015748,10.4102278797246,1.54538922816736e-07,2.92181590072176e-05,2.18089665813654e-05,"AGTR1/APOB/BIN1/APOC1/ABCA1/APOA4/APOH",7
"Drug_A_Up","GO:0098771","inorganic ion homeostasis","15/134","402/18842",0.0373134328358209,5.24671419024282,5.96736368966191,7.2841066333596,1.80831559504539e-07,3.20523939221795e-05,2.39244911949755e-05,"AGTR1/BMP6/ANK2/ATP6V1B1/ATOX1/ARF1/ABCB7/BOK/ANXA6/ATP1B2/B2M/ATP7B/ATP1A1/ATP2B4/ADCY8",15
"Drug_A_Up","GO:0048259","regulation of receptor-mediated endocytosis","9/134","123/18842",0.0731707317073171,10.2886785584274,11.7435789473684,8.74693422985705,2.356470630104e-07,3.93114747469115e-05,2.93428014683539e-05,"BICD1/AP2A1/ARF1/ABCA2/ANXA2/B2M/ARRB2/APOC1/ARF6",9
"Drug_A_Up","GO:0044282","small molecule catabolic process","14/134","359/18842",0.0389972144846797,5.48347399492787,6.20971014492754,7.25882524539947,2.79726351116534e-07,4.40724406536939e-05,3.28964732219503e-05,"AMT/AGXT/ACTN3/ABCD1/ADH5/BCAT2/BCAT1/ACOX1/ACACB/BLMH/BCKDHB/ATP2B4/ARG1/ALDH3B1",14
"Drug_A_Up","GO:0006163","purine nucleotide metabolic process","15/134","422/18842",0.0355450236966825,4.99805474994695,5.6679330208742,7.02992744937327,3.36499770175395e-07,5.02270183272327e-05,3.74903622062449e-05,"ADCY2/ACTN3/ATP6V1B1/ADCY5/ATP5F1B/ATP5PF/ATP5PB/APRT/PARP1/AK2/ADCY3/ATP6V1B2/ADK/ATP6V0C/ADCY8",15
"Drug_A_Up","GO:1901293","nucleoside phosphate biosynthetic process","13/134","318/18842",0.0408805031446541,5.74828686754905,6.48256333830104,7.22726228711871,4.4778323262972e-07,6.34956623868943e-05,4.73943200430719e-05,"ADCY2/ADCY5/ATP5F1B/ATP5PF/ACACB/ATP5PB/APRT/PARP1/AK2/ADCY3/ADK/ATP6V0C/ADCY8",13
"Drug_A_Up","GO:0006520","amino acid metabolic process","12/134","271/18842",0.044280442804428,6.22635898000771,7.0063928096715,7.33427061702295,5.4612634375123e-07,7.37530624227851e-05,5.50506304402869e-05,"AMT/AGXT/BCAT2/BCAT1/BPHL/ASPA/BLMH/ALDH1A1/BCKDHB/ATP2B4/ARG1/ASNS",12
"Drug_A_Up","GO:0046394","carboxylic acid biosynthetic process","13/134","327/18842",0.0397553516819572,5.59007713724953,6.29367794914987,7.08635158029492,6.13971357931105e-07,7.86630007146828e-05,5.87154978981617e-05,"ALOX5AP/AGXT/ABCD1/BCAT2/BCAT1/ACOX1/ACACB/APOC1/ALDH1A1/ATP2B4/APOA4/ALOX12/ASNS",13
"Drug_A_Up","GO:0015850","organic hydroxy compound transport","12/134","275/18842",0.0436363636363636,6.13579375848033,6.89833572274512,7.26095502510786,6.3795804528833e-07,7.86630007146828e-05,5.87154978981617e-05,"AGTR1/BMP6/AQP9/APOB/ABCA2/ANXA2/ADORA3/ADRA2C/APOC1/ADORA2A/ABCA1/APOA4",12
"Drug_A_Up","GO:0016053","organic acid biosynthetic process","13/134","331/18842",0.0392749244712991,5.5225233349867,6.21316076719164,7.02539207062863,7.04095624426903e-07,8.32006329531124e-05,6.21024693299343e-05,"ALOX5AP/AGXT/ABCD1/BCAT2/BCAT1/ACOX1/ACACB/APOC1/ALDH1A1/ATP2B4/APOA4/ALOX12/ASNS",13
"Drug_A_Up","GO:0016188","synaptic vesicle maturation","5/134","25/18842",0.2,28.1223880597015,36.2170542635659,11.4845353975799,7.99882218234245e-07,9.07386388364927e-05,6.77289743523817e-05,"ATP6V1B1/ATP6V1E1/ATP6V1C1/ATP6V1B2/ATP6V0C",5
"Drug_A_Up","GO:0065005","protein-lipid complex assembly","5/134","27/18842",0.185185185185185,26.0392482034273,32.9210711768851,11.0189889934648,1.20160688732068e-06,0.000126163906430457,9.41710399493907e-05,"APOB/BIN1/APOC1/ABCA1/APOA4",5
"Drug_A_Up","GO:1901605","alpha-amino acid metabolic process","10/134","193/18842",0.0518134715025907,7.2855927615807,8.16367001586462,7.42827226554605,1.22259575594173e-06,0.000126163906430457,9.41710399493907e-05,"AMT/AGXT/BCAT2/BCAT1/BPHL/ASPA/BLMH/ATP2B4/ARG1/ASNS",10
"Drug_A_Up","GO:0009063","amino acid catabolic process","8/134","111/18842",0.0720720720720721,10.1341938953879,11.4686392356295,8.16849273514695,1.26631510984171e-06,0.000126163906430457,9.41710399493907e-05,"AMT/AGXT/BCAT2/BCAT1/BLMH/BCKDHB/ATP2B4/ARG1",8
"Drug_A_Up","GO:0016054","organic acid catabolic process","11/134","243/18842",0.0452674897119342,6.36514956083779,7.12209139332773,7.12411409075877,1.33459703558311e-06,0.000126163906430457,9.41710399493907e-05,"AMT/AGXT/ABCD1/BCAT2/BCAT1/ACOX1/ACACB/BLMH/BCKDHB/ATP2B4/ARG1",11
"Drug_A_Up","GO:0046395","carboxylic acid catabolic process","11/134","243/18842",0.0452674897119342,6.36514956083779,7.12209139332773,7.12411409075877,1.33459703558311e-06,0.000126163906430457,9.41710399493907e-05,"AMT/AGXT/ABCD1/BCAT2/BCAT1/ACOX1/ACACB/BLMH/BCKDHB/ATP2B4/ARG1",11
"Drug_A_Up","GO:0009117","nucleotide metabolic process","15/134","478/18842",0.0313807531380753,4.41250858677325,4.96714884657967,6.39579820017007,1.60584248086586e-06,0.000146908686314051,0.000109655321868293,"ADCY2/ACTN3/ATP6V1B1/ADCY5/ATP5F1B/ATP5PF/ATP5PB/APRT/PARP1/AK2/ADCY3/ATP6V1B2/ADK/ATP6V0C/ADCY8",15
"Drug_A_Up","GO:0006171","cAMP biosynthetic process","4/134","13/18842",0.307692307692308,43.2652123995408,63.9282051282051,12.9012501943995,1.66385636236295e-06,0.000147459270114416,0.000110066287654996,"ADCY2/ADCY5/ADCY3/ADCY8",4
"Drug_A_Up","GO:1904322","cellular response to forskolin","4/134","14/18842",0.285714285714286,40.1748400852878,57.5323076923077,12.4096590237471,2.31656067312148e-06,0.000199083820271895,0.000148599793098797,"ADCY2/ADCY5/ADCY3/ADCY8",4
"Drug_A_Up","GO:0048261","negative regulation of receptor-mediated endocytosis","5/134","31/18842",0.161290322580645,22.6793452094367,27.850327966607,10.2237862117602,2.47192394471483e-06,0.000204041795123071,0.000152300515920309,"ABCA2/ANXA2/B2M/APOC1/ARF6",5
"Drug_A_Up","GO:0071827","plasma lipoprotein particle organization","6/134","55/18842",0.109090909090909,15.3394843962008,17.8498086734694,9.01315534030715,2.51814627267542e-06,0.000204041795123071,0.000152300515920309,"AGTR1/APOB/APOC1/ABCA1/APOA4/APOH",6
"Drug_A_Up","GO:1905952","regulation of lipid localization","9/134","168/18842",0.0535714285714286,7.53278251599147,8.39954716981132,7.19821571254916,3.23259891519963e-06,0.000254656958986282,0.000190080597031183,"AGTR1/BMP6/APOB/ABCA2/ANXA2/ACACB/APOC1/ABCA1/APOA4",9
"Drug_A_Up","GO:1904321","response to forskolin","4/134","16/18842",0.25,35.1529850746269,47.9384615384615,11.5664564195089,4.16564243683408e-06,0.000319290863536796,0.000238324521777335,"ADCY2/ADCY5/ADCY3/ADCY8",4
"Drug_A_Up","GO:0034616","response to laminar fluid shear stress","5/134","35/18842",0.142857142857143,20.0874200426439,24.1317829457364,9.56559929106934,4.61632143294833e-06,0.000344523357469512,0.000257158515281415,"ADCY2/ADCY5/ADCY3/ABCA1/ADCY8",5
"Drug_A_Up","GO:0051899","membrane depolarization","7/134","97/18842",0.0721649484536082,10.1472534236036,11.4020997375328,7.64406813451046,5.93126401363783e-06,0.000420526618566922,0.000313888735037518,"ANK2/BOK/ABCD1/HCN2/B2M/PARP1/ADORA2A",7
"Drug_A_Up","GO:0097306","cellular response to alcohol","7/134","97/18842",0.0721649484536082,10.1472534236036,11.4020997375328,7.64406813451046,5.93126401363783e-06,0.000420526618566922,0.000313888735037518,"ADCY2/BLM/ADCY5/HCN2/ADCY3/ABCA1/ADCY8",7
"Drug_A_Up","GO:0097006","regulation of plasma lipoprotein particle levels","7/134","99/18842",0.0707070707070707,9.94225840494497,11.1530297843204,7.54980880700682,6.7930369595396e-06,0.000469879337006202,0.000350726503867372,"AGTR1/APOB/ANXA2/APOC1/ABCA1/APOA4/APOH",7
"Drug_A_Up","GO:1901606","alpha-amino acid catabolic process","7/134","101/18842",0.0693069306930693,9.74538200088666,10.9145585525214,7.4581958608142,7.7563932558655e-06,0.000509485481160809,0.00038028925195397,"AMT/AGXT/BCAT2/BCAT1/BLMH/ATP2B4/ARG1",7
"Drug_A_Up","GO:0034368","protein-lipid complex remodeling","5/134","39/18842",0.128205128205128,18.027171833142,21.2881896944824,9.00848879430088,8.0027644689792e-06,0.000509485481160809,0.00038028925195397,"AGTR1/APOB/APOC1/APOA4/APOH",5
"Drug_A_Up","GO:0034369","plasma lipoprotein particle remodeling","5/134","39/18842",0.128205128205128,18.027171833142,21.2881896944824,9.00848879430088,8.0027644689792e-06,0.000509485481160809,0.00038028925195397,"AGTR1/APOB/APOC1/APOA4/APOH",5
"Drug_A_Up","GO:0008652","amino acid biosynthetic process","6/134","67/18842",0.0895522388059701,12.5921140565828,14.3291495901639,8.04453170087581,8.08421955297475e-06,0.000509485481160809,0.00038028925195397,"AGXT/BCAT2/BCAT1/ALDH1A1/ATP2B4/ASNS",6
"Drug_A_Up","GO:0008015","blood circulation","14/134","480/18842",0.0291666666666667,4.1011815920398,4.5670243204578,5.82476646837386,8.42010000395088e-06,0.000519117469808797,0.000387478743888906,"AGTR1/BMP6/BIN1/ANK2/ACVRL1/ATP1B2/ATP1A1/ADORA3/AZU1/ADRA2C/ANPEP/ADORA2A/ATP2B4/KLK3",14
"Drug_A_Up","GO:0034367","protein-containing complex remodeling","5/134","40/18842",0.125,17.5764925373134,20.6788482834994,8.88201101215314,9.09403853063649e-06,0.000542561752723852,0.000404977984087175,"AGTR1/APOB/APOC1/APOA4/APOH",5
"Drug_A_Up","GO:1902600","proton transmembrane transport","9/134","191/18842",0.0471204188481675,6.6256935219192,7.32896703296703,6.61351563789308,9.18299158347846e-06,0.000542561752723852,0.000404977984087175,"ATP6V1B1/ATP5F1B/ATP1A1/ATP5PF/ATP5PB/ATP6V1E1/ATP6V1C1/ATP6V1B2/ATP6V0C",9
"Drug_A_Up","GO:0030100","regulation of endocytosis","11/134","300/18842",0.0366666666666667,5.15577114427861,5.69974962725406,6.14079579344759,1.00574221180989e-05,0.000582098961774052,0.000434489277755036,"BICD1/BIN1/AP2A1/ARF1/ABCA2/ANXA2/B2M/AZU1/ARRB2/APOC1/ARF6",11
"Drug_A_Up","GO:0060391","positive regulation of SMAD protein signal transduction","5/134","42/18842",0.119047619047619,16.7395167022033,19.5589775822334,8.64226952971211,1.16234826693317e-05,0.00065578154946265,0.000489487304568848,"BMP6/BMP4/ACVRL1/PARP1/AMH",5
"Drug_A_Up","GO:0030336","negative regulation of cell migration","12/134","365/18842",0.0328767123287671,4.62285831118381,5.11447545627641,5.91524511307368,1.17929686257388e-05,0.00065578154946265,0.000489487304568848,"ADARB1/APOD/BMP4/BST2/ACVRL1/ATP1B2/ADORA3/ATP2B4/AIF1/APOH/ADGRB1/JAG1",12
"Drug_A_Up","GO:0071377","cellular response to glucagon stimulus","4/134","21/18842",0.19047619047619,26.7832267235252,33.8298642533937,10.0049808322446,1.33255552270764e-05,0.000726755281230552,0.000542463391936249,"ADCY2/ADCY5/ADCY3/ADCY8",4
"Drug_A_Up","GO:0009636","response to toxic substance","10/134","256/18842",0.0390625,5.49265391791045,6.05232100708104,6.12520565101641,1.49887037761103e-05,0.000802037054887713,0.000598655080312965,"ALOX5AP/AQP9/AMBP/ADH5/BPHL/ATP7B/BLMH/ALDH1A1/APOA4/ADK",10
"Drug_A_Up","GO:0097700","vascular endothelial cell response to laminar fluid shear stress","4/134","22/18842",0.181818181818182,25.5658073270014,31.9487179487179,9.75715637850336,1.61971643454008e-05,0.000850651075621417,0.00063494147170762,"ADCY2/ADCY5/ADCY3/ADCY8",4
"Drug_A_Up","GO:2000146","negative regulation of cell motility","12/134","380/18842",0.0315789473684211,4.44037706205813,4.90199572344975,5.73388742122522,1.75995917431347e-05,0.000907498948791455,0.000677373760678352,"ADARB1/APOD/BMP4/BST2/ACVRL1/ATP1B2/ADORA3/ATP2B4/AIF1/APOH/ADGRB1/JAG1",12
"Drug_A_Up","GO:0040013","negative regulation of locomotion","12/134","389/18842",0.0308483290488432,4.33764340252465,4.78262382049833,5.6295274025215,2.21702706272492e-05,0.00112276584819426,0.000838052899086429,"ADARB1/APOD/BMP4/BST2/ACVRL1/ATP1B2/ADORA3/ATP2B4/AIF1/APOH/ADGRB1/JAG1",12
"Drug_A_Up","GO:0006898","receptor-mediated endocytosis","10/134","271/18842",0.03690036900369,5.18863248333976,5.6998516870597,5.87800498694817,2.44546363043756e-05,0.00119670427657716,0.000893241890058892,"BICD1/AP2A1/ARF1/ABCA2/ANXA2/B2M/ARRB2/APOC1/ARF6/AP1B1",10
"Drug_A_Up","GO:0046034","ATP metabolic process","9/134","216/18842",0.0416666666666667,5.85883084577114,6.43513043478261,6.07840382513502,2.44742059384609e-05,0.00119670427657716,0.000893241890058892,"ACTN3/ATP6V1B1/ATP5F1B/ATP5PF/ATP5PB/PARP1/AK2/ATP6V1B2/ATP6V0C",9
"Drug_A_Up","GO:0019216","regulation of lipid metabolic process","11/134","331/18842",0.0332326283987915,4.67290436037336,5.13892276422764,5.70557435711279,2.50631358905173e-05,0.00120472971839843,0.000899232226152191,"AGTR1/BMP6/APOD/ABCA2/ALK/ABCD1/ACACB/NR0B1/APOC1/APOA4/APOH",11
"Drug_A_Up","GO:0003014","renal system process","7/134","122/18842",0.0573770491803279,8.06789821384879,8.91140020540911,6.62838877242246,2.66957491909489e-05,0.00124020691866769,0.000925713055244871,"AGTR1/ADCY2/ATP6V1B1/ADCY5/ADCY3/ADORA2A/ADCY8",7
"Drug_A_Up","GO:0009190","cyclic nucleotide biosynthetic process","4/134","25/18842",0.16,22.4979104477612,27.3802197802198,9.10294156133516,2.7550435781405e-05,0.00124020691866769,0.000925713055244871,"ADCY2/ADCY5/ADCY3/ADCY8",4
"Drug_A_Up","GO:0034377","plasma lipoprotein particle assembly","4/134","25/18842",0.16,22.4979104477612,27.3802197802198,9.10294156133516,2.7550435781405e-05,0.00124020691866769,0.000925713055244871,"APOB/APOC1/ABCA1/APOA4",4
"Drug_A_Up","GO:0046058","cAMP metabolic process","4/134","25/18842",0.16,22.4979104477612,27.3802197802198,9.10294156133516,2.7550435781405e-05,0.00124020691866769,0.000925713055244871,"ADCY2/ADCY5/ADCY3/ADCY8",4
"Drug_A_Up","GO:0003254","regulation of membrane depolarization","5/134","51/18842",0.0980392156862745,13.7854843429909,15.7246376811594,7.73780925753664,3.04939378741639e-05,0.00135126262204889,0.0010086070569892,"BOK/ABCD1/HCN2/B2M/PARP1",5
"Drug_A_Up","GO:0098754","detoxification","8/134","172/18842",0.0465116279069767,6.54009024644221,7.1792489353465,6.17731285576763,3.21536882533401e-05,0.0013913833215784,0.00103855387858888,"ALOX5AP/AQP9/AMBP/ADH5/ATP7B/ALDH1A1/APOA4/ADK",8
"Drug_A_Up","GO:0061036","positive regulation of cartilage development","4/134","26/18842",0.153846153846154,21.6326061997704,26.1342657342657,8.90979689930975,3.2380570953517e-05,0.0013913833215784,0.00103855387858888,"BMP6/BMP4/ACVRL1/BMPR1B",4
"Drug_A_Up","GO:0070050","neuron cellular homeostasis","5/134","53/18842",0.0943396226415094,13.2652773866516,15.0678294573643,7.56753031566958,3.68308037701318e-05,0.00155898745510588,0.00116365665957164,"ATP6V1B1/ATP6V1E1/ATP6V1C1/ATP6V1B2/ATP6V0C",5
"Drug_A_Up","GO:0048260","positive regulation of receptor-mediated endocytosis","5/134","54/18842",0.0925925925925926,13.0196241017137,14.7595317196646,7.48579937264915,4.03587905892183e-05,0.00168319897222093,0.00125637040054053,"BICD1/AP2A1/ANXA2/B2M/ARRB2",5
"Drug_A_Up","GO:0097699","vascular endothelial cell response to fluid shear stress","4/134","28/18842",0.142857142857143,20.0874200426439,23.9538461538462,8.55414031886247,4.38610827600496e-05,0.00180275406822465,0.00134560850389717,"ADCY2/ADCY5/ADCY3/ADCY8",4
"Drug_A_Up","GO:0034405","response to fluid shear stress","5/134","56/18842",0.0892857142857143,12.5546375266525,14.1792065663475,7.32864818843662,4.81956878403122e-05,0.00194778465444649,0.00145386197761558,"ADCY2/ADCY5/ADCY3/ABCA1/ADCY8",5
"Drug_A_Up","GO:0007188","adenylate cyclase-modulating G protein-coupled receptor signaling pathway","10/134","294/18842",0.0340136054421769,4.78271905777236,5.23171285779191,5.53248063437339,4.87632970612486e-05,0.00194778465444649,0.00145386197761558,"ADCY2/ADCY5/ADORA3/ADRA2C/ADCY3/ADORA2A/ASIP/ATP2B4/ABCA1/ADCY8",10
"Drug_A_Up","GO:0170040","proteinogenic amino acid catabolic process","6/134","92/18842",0.0652173913043478,9.17034393251136,10.1500726744186,6.64850974465148,4.99586137269468e-05,0.00196574632270657,0.00146726889427768,"AMT/AGXT/BCAT2/BCAT1/ATP2B4/ARG1",6
"Drug_A_Up","GO:0033762","response to glucagon","4/134","29/18842",0.137931034482759,19.394750386001,22.9944615384615,8.38985709350119,5.05992530174822e-05,0.00196574632270657,0.00146726889427768,"ADCY2/ADCY5/ADCY3/ADCY8",4
"Drug_A_Up","GO:0009205","purine ribonucleoside triphosphate metabolic process","9/134","238/18842",0.0378151260504202,5.31725824658221,5.80999126637555,5.67262447196266,5.22021405543866e-05,0.00200061176503028,0.00149329309608636,"ACTN3/ATP6V1B1/ATP5F1B/ATP5PF/ATP5PB/PARP1/AK2/ATP6V1B2/ATP6V0C",9
"Drug_A_Up","GO:0055088","lipid homeostasis","8/134","186/18842",0.043010752688172,6.04782538918312,6.60959514892099,5.85520658540808,5.6044597663678e-05,0.00211923305298921,0.00158183418809343,"APOB/ABCA2/ABCD1/ACOX1/ACACB/APOC1/ABCA1/APOA4",8
"Drug_A_Up","GO:0009144","purine nucleoside triphosphate metabolic process","9/134","243/18842",0.037037037037037,5.20784964068546,5.68430769230769,5.58739333863425,6.12899047220308e-05,0.00228708118146946,0.00170711909135739,"ACTN3/ATP6V1B1/ATP5F1B/ATP5PF/ATP5PB/PARP1/AK2/ATP6V1B2/ATP6V0C",9
"Drug_A_Up","GO:1903409","reactive oxygen species biosynthetic process","5/134","59/18842",0.0847457627118644,11.9162661269922,13.3893195521102,7.10736034239112,6.20985926258374e-05,0.00228716374918019,0.00170718072140204,"ABCB7/ABCD1/ACOX1/FAS/ADGRB1",5
"Drug_A_Up","GO:0170035","L-amino acid catabolic process","6/134","96/18842",0.0625,8.78824626865672,9.696875,6.47458116036529,6.34610312262594e-05,0.00230737800714964,0.00172226901209187,"AGXT/BCAT2/BCAT1/BLMH/ATP2B4/ARG1",6
"Drug_A_Up","GO:0071499","cellular response to laminar fluid shear stress","4/134","31/18842",0.129032258064516,18.1434761675493,21.2888888888889,8.08471074980336,6.62986810320195e-05,0.00238003872666845,0.0017765042978733,"ADCY2/ADCY5/ADCY3/ADCY8",4
"Drug_A_Up","GO:0032368","regulation of lipid transport","7/134","141/18842",0.049645390070922,6.9807346247486,7.64002820542955,6.03284777493013,6.73566472404384e-05,0.00238779314467354,0.00178229233684897,"AGTR1/BMP6/ABCA2/ANXA2/APOC1/ABCA1/APOA4",7
"Drug_A_Up","GO:0090100","positive regulation of transmembrane receptor protein serine/threonine kinase signaling pathway","6/134","98/18842",0.0612244897959184,8.60889430399025,9.48505434782609,6.39137272084093,7.12262154571998e-05,0.00249261668816935,0.00186053454083162,"BMP6/BMP4/ACVRL1/PARP1/AMH/ACVR1B",6
"Drug_A_Up","GO:0007189","adenylate cyclase-activating G protein-coupled receptor signaling pathway","8/134","193/18842",0.0414507772020725,5.82847420926456,6.35709995709996,5.70625912528327,7.2662224097987e-05,0.00249261668816935,0.00186053454083162,"ADCY2/ADCY5/ADCY3/ADORA2A/ASIP/ATP2B4/ABCA1/ADCY8",8
"Drug_A_Up","GO:0014061","regulation of norepinephrine secretion","3/134","12/18842",0.25,35.1529850746269,47.5801526717557,10.0157811104857,7.38292672095294e-05,0.00249261668816935,0.00186053454083162,"ADORA3/ADRA2C/ADORA2A",3
"Drug_A_Up","GO:0048243","norepinephrine secretion","3/134","12/18842",0.25,35.1529850746269,47.5801526717557,10.0157811104857,7.38292672095294e-05,0.00249261668816935,0.00186053454083162,"ADORA3/ADRA2C/ADORA2A",3
"Drug_A_Up","GO:0150115","cell-substrate junction organization","6/134","101/18842",0.0594059405940594,8.35318457218856,9.18404605263158,6.27090854745275,8.42771802592567e-05,0.00280541278834414,0.00209401125282461,"APOD/ACTN3/DST/ACVRL1/ARHGAP6/ARF6",6
"Drug_A_Up","GO:0003091","renal water homeostasis","4/134","33/18842",0.121212121212121,17.0438715513342,19.8185676392573,7.80681677031419,8.52765477802416e-05,0.00280541278834414,0.00209401125282461,"ADCY2/ADCY5/ADCY3/ADCY8",4
"Drug_A_Up","GO:0097305","response to alcohol","9/134","254/18842",0.0354330708661417,4.98231284522271,5.4258612244898,5.40787437503157,8.60616758060438e-05,0.00280541278834414,0.00209401125282461,"ADCY2/BLM/ABCA2/ADCY5/HCN2/PARP1/ADCY3/ABCA1/ADCY8",9
"Drug_A_Up","GO:0050994","regulation of lipid catabolic process","5/134","64/18842",0.078125,10.9853078358209,12.2513467349888,6.77200813595779,9.19239790626041e-05,0.00296245914342665,0.0022112335154892,"ALK/ABCD1/ACACB/APOC1/APOA4",5
"Drug_A_Up","GO:0045806","negative regulation of endocytosis","5/134","65/18842",0.0769230769230769,10.8163030998852,12.046511627907,6.70937750485354,9.90201939836236e-05,0.00311130857390819,0.00232233744418728,"ABCA2/ANXA2/B2M/APOC1/ARF6",5
"Drug_A_Up","GO:0034440","lipid oxidation","6/134","104/18842",0.0576923076923077,8.11222732491389,8.90146683673469,6.15533047784845,9.91657611666241e-05,0.00311130857390819,0.00232233744418728,"APOD/ABCD1/ADH5/ACOX1/ACACB/ALOX12",6
"Drug_A_Up","GO:0009141","nucleoside triphosphate metabolic process","9/134","259/18842",0.0347490347490347,4.88612919956203,5.315904,5.32966481788304,9.98339493038241e-05,0.00311130857390819,0.00232233744418728,"ACTN3/ATP6V1B1/ATP5F1B/ATP5PF/ATP5PB/PARP1/AK2/ATP6V1B2/ATP6V0C",9
"Drug_A_Up","GO:0140962","multicellular organismal-level chemical homeostasis","5/134","66/18842",0.0757575757575758,10.6524197195839,11.8483924259753,6.64809659579903,0.000106529785880639,0.00325915099798311,0.00243268972494397,"ADCY2/BMP6/ADCY5/ADCY3/ADCY8",5
"Drug_A_Up","GO:0072593","reactive oxygen species metabolic process","8/134","204/18842",0.0392156862745098,5.51419373719637,5.99676060900551,5.48638546584698,0.000106924766520505,0.00325915099798311,0.00243268972494397,"AGTR1/ABCB7/ABCD1/ACOX1/FAS/APOA4/ALOX12/ADGRB1",8
"Drug_A_Up","GO:0170039","proteinogenic amino acid metabolic process","7/134","152/18842",0.0460526315789474,6.47554988216811,7.05625848493076,5.73634913714694,0.000108025456209595,0.00325915099798311,0.00243268972494397,"AMT/AGXT/BCAT2/BCAT1/ATP2B4/ARG1/ASNS",7
"Drug_A_Up","GO:0050878","regulation of body fluid levels","10/134","327/18842",0.0305810397553517,4.30005933634579,4.67869136053729,5.09476856138283,0.000117804851313418,0.00346297940198622,0.00258483096184184,"ADCY2/AQP5/ADCY5/ADRA2C/ANXA5/ADCY3/ADORA2A/APOH/ALOX12/ADCY8",10
"Drug_A_Up","GO:0062012","regulation of small molecule metabolic process","10/134","328/18842",0.0304878048780488,4.28694939934474,4.66372489348752,5.08241944523783,0.000120784533623958,0.00346297940198622,0.00258483096184184,"AGTR1/BMP6/ACTN3/ABCD1/ACACB/NR0B1/APOC1/PARP1/ATP2B4/APOA4",10
"Drug_A_Up","GO:0006878","intracellular copper ion homeostasis","3/134","14/18842",0.214285714285714,30.1311300639659,38.9250520471895,9.22805020475394,0.000120886798588377,0.00346297940198622,0.00258483096184184,"ATOX1/ARF1/ATP7B",3
"Drug_A_Up","GO:0033700","phospholipid efflux","3/134","14/18842",0.214285714285714,30.1311300639659,38.9250520471895,9.22805020475394,0.000120886798588377,0.00346297940198622,0.00258483096184184,"APOC1/ABCA1/APOA4",3
"Drug_A_Up","GO:0046185","aldehyde catabolic process","3/134","14/18842",0.214285714285714,30.1311300639659,38.9250520471895,9.22805020475394,0.000120886798588377,0.00346297940198622,0.00258483096184184,"AGXT/ADH5/ALDH3B1",3
"Drug_A_Up","GO:0010876","lipid localization","12/134","468/18842",0.0256410256410256,3.6054343666284,3.93701466781708,4.83049793975285,0.000130527593555561,0.0036685291643802,0.00273825705202605,"AGTR1/BMP6/APOD/APOB/ABCA2/ABCD1/ANXA2/ACACB/APOC1/ABCA1/APOA4/APOH",12
"Drug_A_Up","GO:0099504","synaptic vesicle cycle","8/134","210/18842",0.0380952380952381,5.35664534470505,5.81675310388182,5.3730738571087,0.000130649310861213,0.0036685291643802,0.00273825705202605,"BIN1/ATP6V1B1/AP2A1/ATP6V1E1/ATP6V1C1/ATP6V1B2/ARF6/ATP6V0C",8
"Drug_A_Up","GO:0055092","sterol homeostasis","6/134","111/18842",0.0540540540540541,7.60064542154094,8.30491071428571,5.90280048690037,0.000142095947351928,0.00389898789565795,0.00291027565071937,"APOB/ABCA2/ABCD1/ACOX1/ABCA1/APOA4",6
"Drug_A_Up","GO:0045807","positive regulation of endocytosis","7/134","159/18842",0.0440251572327044,6.19046278043743,6.72876087857439,5.56252569044522,0.000142981220433155,0.00389898789565795,0.00291027565071937,"BICD1/BIN1/AP2A1/ANXA2/B2M/AZU1/ARRB2",7
"Drug_A_Up","GO:0170033","L-amino acid metabolic process","7/134","159/18842",0.0440251572327044,6.19046278043743,6.72876087857439,5.56252569044522,0.000142981220433155,0.00389898789565795,0.00291027565071937,"AGXT/BCAT2/BCAT1/BLMH/ATP2B4/ARG1/ASNS",7
"Drug_A_Up","GO:0045833","negative regulation of lipid metabolic process","6/134","113/18842",0.0530973451327434,7.46612072381456,8.14880257009346,5.83467175914387,0.000156732729214832,0.00423327638145966,0.00315979467118825,"APOD/ABCA2/ALK/ACACB/NR0B1/APOC1",6
"Drug_A_Up","GO:0050891","multicellular organismal-level water homeostasis","4/134","39/18842",0.102564102564103,14.4217374665136,16.4158241758242,7.10097793996507,0.000165842965863918,0.00443708161500068,0.00331191861323078,"ADCY2/ADCY5/ADCY3/ADCY8",4
"Drug_A_Up","GO:0001953","negative regulation of cell-matrix adhesion","4/134","40/18842",0.1,14.0611940298507,15.9589743589744,6.9984448726935,0.000183259513345394,0.00485723345651905,0.00362552760784642,"APOD/ACVRL1/ARHGAP6/JAG1",4
"Drug_A_Up","GO:0062014","negative regulation of small molecule metabolic process","6/134","117/18842",0.0512820512820513,7.21086873325679,7.85346283783784,5.70328483214772,0.000189576955621742,0.00497815042725241,0.00371578223933063,"ACTN3/ACACB/NR0B1/APOC1/PARP1/ATP2B4",6
"Drug_A_Up","GO:0030501","positive regulation of bone mineralization","4/134","41/18842",0.0975609756097561,13.7182380779032,15.5268191268191,6.89952348812861,0.000201958028717486,0.00525461439855772,0.00392213998793689,"BMP6/ACTN3/BMP4/BMPR1B",4
"Drug_A_Up","GO:0042391","regulation of membrane potential","11/134","419/18842",0.0262529832935561,3.69148291953122,4.01123864179818,4.71529813175197,0.000204809418123201,0.00526867902343046,0.00393263808036473,"BIN1/ANK2/BOK/ABCD1/HCN2/ATP1B2/B2M/ATP1A1/ARRB2/PARP1/ADORA2A",11
"Drug_A_Up","GO:0032371","regulation of sterol transport","5/134","76/18842",0.0657894736842105,9.25078554595444,10.1741456490883,6.09967832641886,0.000208071950149581,0.00526867902343046,0.00393263808036473,"ABCA2/ANXA2/APOC1/ABCA1/APOA4",5
"Drug_A_Up","GO:0032374","regulation of cholesterol transport","5/134","76/18842",0.0657894736842105,9.25078554595444,10.1741456490883,6.09967832641886,0.000208071950149581,0.00526867902343046,0.00393263808036473,"ABCA2/ANXA2/APOC1/ABCA1/APOA4",5
"Drug_A_Up","GO:0032332","positive regulation of chondrocyte differentiation","3/134","17/18842",0.176470588235294,24.8138718173837,30.5790621592148,8.31338078313557,0.000222330557799653,0.00543559880965358,0.00405723005204266,"BMP6/ACVRL1/BMPR1B",3
"Drug_A_Up","GO:0045603","positive regulation of endothelial cell differentiation","3/134","17/18842",0.176470588235294,24.8138718173837,30.5790621592148,8.31338078313557,0.000222330557799653,0.00543559880965358,0.00405723005204266,"BMP6/BMP4/ACVRL1",3
"Drug_A_Up","GO:0051900","regulation of mitochondrial depolarization","3/134","17/18842",0.176470588235294,24.8138718173837,30.5790621592148,8.31338078313557,0.000222330557799653,0.00543559880965358,0.00405723005204266,"BOK/ABCD1/PARP1",3
"Drug_A_Up","GO:0055070","copper ion homeostasis","3/134","17/18842",0.176470588235294,24.8138718173837,30.5790621592148,8.31338078313557,0.000222330557799653,0.00543559880965358,0.00405723005204266,"ATOX1/ARF1/ATP7B",3
"Drug_A_Up","GO:0006081","aldehyde metabolic process","5/134","78/18842",0.0641025641025641,9.01358591657099,9.89434002336201,6.00208553311225,0.000235081001885281,0.00569820274655262,0.0042532424182753,"BMP6/AGXT/ADH5/ALDH1A1/ALDH3B1",5
"Drug_A_Up","GO:1990748","cellular detoxification","6/134","123/18842",0.0487804878048781,6.85911903895158,7.44831730769231,5.51739717939917,0.000248787242388352,0.00597932728316412,0.00446307889779639,"ALOX5AP/AMBP/ADH5/ALDH1A1/APOA4/ADK",6
"Drug_A_Up","GO:0030301","cholesterol transport","6/134","124/18842",0.0483870967741935,6.80380356283101,7.38479872881356,5.4876261785422,0.000259929839287256,0.00619027598256513,0.00462053485299476,"APOB/ABCA2/ANXA2/APOC1/ABCA1/APOA4",6
"Drug_A_Up","GO:0007162","negative regulation of cell adhesion","9/134","295/18842",0.0305084745762712,4.28985580571718,4.63770629370629,4.81994107162652,0.000264476051458931,0.00619027598256513,0.00462053485299476,"BMP6/APOD/BMP4/ACVRL1/ARHGAP6/ARG1/ALOX12/ADAM10/JAG1",9
"Drug_A_Up","GO:0045601","regulation of endothelial cell differentiation","4/134","44/18842",0.0909090909090909,12.7829036635007,14.36,6.62237143670399,0.000266295370194974,0.00619027598256513,0.00462053485299476,"BMP6/BMP4/ACVRL1/JAG1",4
"Drug_A_Up","GO:0071498","cellular response to fluid shear stress","4/134","44/18842",0.0909090909090909,12.7829036635007,14.36,6.62237143670399,0.000266295370194974,0.00619027598256513,0.00462053485299476,"ADCY2/ADCY5/ADCY3/ADCY8",4
"Drug_A_Up","GO:0060390","regulation of SMAD protein signal transduction","5/134","81/18842",0.0617283950617284,8.67974940114244,9.50224398204814,5.86208700318879,0.000280495966981164,0.00646737042567952,0.00482736319725392,"BMP6/BMP4/ACVRL1/PARP1/AMH",5
"Drug_A_Up","GO:0062197","cellular response to chemical stress","9/134","301/18842",0.0299003322259136,4.2043437298557,4.54093150684932,4.74292722421089,0.000306659137888234,0.00701359125041155,0.00523507237939931,"AMBP/ABCD1/AQP5/ATP1A1/PARP1/FAS/APOA4/AIF1/ALDH3B1",9
"Drug_A_Up","GO:0051895","negative regulation of focal adhesion assembly","3/134","19/18842",0.157894736842105,22.2018853102906,26.7538167938931,7.82523797079777,0.000313539856326968,0.00711359226034624,0.00530971495640869,"APOD/ACVRL1/ARHGAP6",3
"Drug_A_Up","GO:0052652","cyclic purine nucleotide metabolic process","4/134","46/18842",0.0869565217391304,12.2271252433485,13.6747252747253,6.45216490248591,0.000316613965339475,0.00712632702938692,0.00531922042019787,"ADCY2/ADCY5/ADCY3/ADCY8",4
"Drug_A_Up","GO:0015918","sterol transport","6/134","129/18842",0.0465116279069767,6.54009024644221,7.08269817073171,5.34355986222312,0.000321667367895828,0.00718306027836669,0.00536156715158318,"APOB/ABCA2/ANXA2/APOC1/ABCA1/APOA4",6
"Drug_A_Up","GO:0099003","vesicle-mediated transport in synapse","8/134","242/18842",0.0330578512396694,4.64832860490934,5.01261701261701,4.83432509933318,0.000342366665421271,0.0075664355493577,0.0056477254434557,"BIN1/ATP6V1B1/AP2A1/ATP6V1E1/ATP6V1C1/ATP6V1B2/ARF6/ATP6V0C",8
"Drug_A_Up","GO:0009187","cyclic nucleotide metabolic process","4/134","47/18842",0.0851063829787234,11.9669736424262,13.3559928443649,6.37096555423139,0.000344171433662604,0.0075664355493577,0.0056477254434557,"ADCY2/ADCY5/ADCY3/ADCY8",4
"Drug_A_Up","GO:0006869","lipid transport","11/134","447/18842",0.0246085011185682,3.46024909011987,3.74789289177295,4.45526600160419,0.000355695561902825,0.00775963548889548,0.00579193340070107,"AGTR1/BMP6/APOD/APOB/ABCA2/ABCD1/ANXA2/APOC1/ABCA1/APOA4/APOH",11
"Drug_A_Up","GO:0051882","mitochondrial depolarization","3/134","20/18842",0.15,21.0917910447761,25.1787157611136,7.60836710952709,0.00036695623275804,0.00788399906137728,0.00588476063856793,"BOK/ABCD1/PARP1",3
"Drug_A_Up","GO:0150118","negative regulation of cell-substrate junction organization","3/134","20/18842",0.15,21.0917910447761,25.1787157611136,7.60836710952709,0.00036695623275804,0.00788399906137728,0.00588476063856793,"APOD/ACVRL1/ARHGAP6",3
"Drug_A_Up","GO:0007423","sensory organ development","10/134","379/18842",0.0263852242744063,3.71007758043555,4.00799895095725,4.51066825096374,0.000384929679781897,0.00820797422452225,0.00612658160697582,"BMP6/ATP6V1B1/ACTL6A/ACVRL1/ATP2B4/SHROOM2/BMPR1B/ADAM10/ASCL1/JAG1",10
"Drug_A_Up","GO:1903426","regulation of reactive oxygen species biosynthetic process","4/134","49/18842",0.0816326530612245,11.4785257386537,12.7610256410256,6.21571167664468,0.000404370165307544,0.00855816260307608,0.00638796859727785,"ABCB7/ABCD1/FAS/ADGRB1",4
"Drug_A_Up","GO:0097237","cellular response to toxic substance","6/134","135/18842",0.0444444444444444,6.24941956882255,6.75109011627907,5.18044169741998,0.000410320079164667,0.00861976107045183,0.00643394681637541,"ALOX5AP/AMBP/ADH5/ALDH1A1/APOA4/ADK",6
"Drug_A_Up","GO:0070169","positive regulation of biomineral tissue development","4/134","50/18842",0.08,11.2489552238806,12.4829431438127,6.14141986470168,0.00043712745640254,0.00911539313498238,0.00680389562558443,"BMP6/ACTN3/BMP4/BMPR1B",4
"Drug_A_Up","GO:0048545","response to steroid hormone","9/134","317/18842",0.028391167192429,3.99213710626677,4.3012987012987,4.54697646276343,0.000447120047084674,0.00925571133965063,0.00690863169179624,"ACR/BMP6/ABCA2/HCN2/ATP1A1/NR0B1/PARP1/AREG/AGL",9
"Drug_A_Up","GO:0045778","positive regulation of ossification","4/134","51/18842",0.0784313725490196,11.0283874743927,12.2166939443535,6.06920687209321,0.000471734564362402,0.00962474262253074,0.00718408336942666,"BMP6/ACTN3/BMP4/BMPR1B",4
"Drug_A_Up","GO:0061035","regulation of cartilage development","4/134","51/18842",0.0784313725490196,11.0283874743927,12.2166939443535,6.06920687209321,0.000471734564362402,0.00962474262253074,0.00718408336942666,"BMP6/BMP4/ACVRL1/BMPR1B",4
"Drug_A_Up","GO:0007044","cell-substrate junction assembly","5/134","91/18842",0.0549450549450549,7.72593078563228,8.39282495042365,5.44316584006325,0.000481078239126982,0.009745270615458,0.00727404766078466,"APOD/ACTN3/DST/ACVRL1/ARHGAP6",5
"Drug_A_Up","GO:0003018","vascular process in circulatory system","8/134","255/18842",0.0313725490196078,4.4113549897571,4.74545337703232,4.64176392634291,0.000484777067335087,0.00975055151037096,0.00727798941702769,"AGTR1/BMP6/ABCA2/ATP1B2/AZU1/ADRA2C/ADORA2A/ATP2B4",8
"Drug_A_Up","GO:0015874","norepinephrine transport","3/134","22/18842",0.136363636363636,19.174355495251,22.5259140216955,7.21857117436417,0.000490583760276537,0.00979785594467788,0.00731329830923733,"ADORA3/ADRA2C/ADORA2A",3
"Drug_A_Up","GO:1903522","regulation of blood circulation","8/134","257/18842",0.0311284046692607,4.37702537894187,4.70682730923695,4.61328512130071,0.000510426787432214,0.0101228697143899,0.0075558945125225,"AGTR1/BIN1/ANK2/ATP1B2/ATP1A1/ADORA3/ADRA2C/ATP2B4",8
"Drug_A_Up","GO:1990573","potassium ion import across plasma membrane","4/134","53/18842",0.0754716981132075,10.6122219093213,11.7167974882261,5.93062663049891,0.00054673345256871,0.0107676116075338,0.00803714161634266,"ANK2/HCN2/ATP1B2/ATP1A1",4
"Drug_A_Up","GO:0009083","branched-chain amino acid catabolic process","3/134","23/18842",0.130434782608696,18.3406878650227,21.3984732824427,7.04243198269475,0.000561246441663549,0.0108278565208015,0.00808210951797635,"BCAT2/BCAT1/BCKDHB",3
"Drug_A_Up","GO:0046033","AMP metabolic process","3/134","23/18842",0.130434782608696,18.3406878650227,21.3984732824427,7.04243198269475,0.000561246441663549,0.0108278565208015,0.00808210951797635,"APRT/AK2/ADK",3
"Drug_A_Up","GO:0110096","cellular response to aldehyde","3/134","23/18842",0.130434782608696,18.3406878650227,21.3984732824427,7.04243198269475,0.000561246441663549,0.0108278565208015,0.00808210951797635,"ADH5/HCN2/ALDH1A1",3
"Drug_A_Up","GO:0061337","cardiac conduction","5/134","95/18842",0.0526315789473684,7.40062843676355,8.01808785529716,5.29308932333986,0.000585967337509111,0.0111773312402334,0.00834296382009846,"BIN1/ANK2/ATP1B2/ATP1A1/ATP2B4",5
"Drug_A_Up","GO:0170041","non-proteinogenic amino acid metabolic process","4/134","54/18842",0.0740740740740741,10.4156992813709,11.4818461538462,5.86407987280488,0.00058724342552707,0.0111773312402334,0.00834296382009846,"BPHL/BLMH/ALDH1A1/ATP2B4",4
"Drug_A_Up","GO:0019395","fatty acid oxidation","5/134","96/18842",0.0520833333333333,7.32353855721393,7.92955106908595,5.25692976275676,0.000614676475216959,0.0113936110046751,0.00850439897943794,"ABCD1/ADH5/ACOX1/ACACB/ALOX12",5
"Drug_A_Up","GO:0060395","SMAD protein signal transduction","5/134","96/18842",0.0520833333333333,7.32353855721393,7.92955106908595,5.25692976275676,0.000614676475216959,0.0113936110046751,0.00850439897943794,"BMP6/BMP4/ACVRL1/PARP1/AMH",5
"Drug_A_Up","GO:1901655","cellular response to ketone","5/134","96/18842",0.0520833333333333,7.32353855721393,7.92955106908595,5.25692976275676,0.000614676475216959,0.0113936110046751,0.00850439897943794,"ADCY2/ADCY5/HCN2/ADCY3/ADCY8",5
"Drug_A_Up","GO:1905954","positive regulation of lipid localization","5/134","96/18842",0.0520833333333333,7.32353855721393,7.92955106908595,5.25692976275676,0.000614676475216959,0.0113936110046751,0.00850439897943794,"BMP6/APOB/ANXA2/ACACB/ABCA1",5
"Drug_A_Up","GO:0032365","intracellular lipid transport","4/134","56/18842",0.0714285714285714,10.043710021322,11.0390532544379,5.73606648513439,0.000674581384155082,0.0124228104250897,0.00927261219094922,"ABCA2/ABCD1/ANXA2/ABCA1",4
"Drug_A_Up","GO:0009081","branched-chain amino acid metabolic process","3/134","25/18842",0.12,16.8734328358209,19.4510756419153,6.72134772509037,0.000721356951305309,0.0131985052509797,0.00985160495127319,"BCAT2/BCAT1/BCKDHB",3
"Drug_A_Up","GO:0006754","ATP biosynthetic process","5/134","100/18842",0.05,7.03059701492537,7.59404324765402,5.11732541475192,0.000740174674385031,0.0134559960035638,0.0100438007435108,"ATP5F1B/ATP5PF/ATP5PB/PARP1/ATP6V0C",5
"Drug_A_Up","GO:0051260","protein homooligomerization","7/134","212/18842",0.0330188679245283,4.64284708532808,4.97487996927213,4.5143282815243,0.000812366319954104,0.014674336836878,0.0109531925539906,"ALOX5AP/BLM/AQP5/B2M/ACACB/ADCY8/C9",7
"Drug_A_Up","GO:0009611","response to wounding","11/134","496/18842",0.0221774193548387,3.11840996629754,3.36020450926159,4.04641896944452,0.000842962085957367,0.0151306359226272,0.011293782510728,"APOD/DST/ACVRL1/ANXA2/ADORA3/ADRA2C/ANXA5/ADORA2A/APOA4/APOH/ALOX12",11
"Drug_A_Up","GO:0051881","regulation of mitochondrial membrane potential","4/134","60/18842",0.0666666666666667,9.37412935323383,10.2483516483516,5.49838397922197,0.000876201536248504,0.0156283494138412,0.0116652849347616,"BOK/ABCD1/PARP1/ADORA2A",4
"Drug_A_Up","GO:0030278","regulation of ossification","5/134","104/18842",0.0480769230769231,6.76018943742824,7.2856471693681,4.98519914825868,0.000883902908316918,0.0156671790499174,0.0116942680830613,"BMP6/ACTN3/BMP4/BMPR1B/ACVR1B",5
"Drug_A_Up","GO:0051259","protein complex oligomerization","8/134","280/18842",0.0285714285714286,4.01748400852878,4.30345471521942,4.30528892564157,0.000892751055223789,0.0157103166440762,0.0117264667698156,"ALOX5AP/BLM/BOK/AQP5/B2M/ACACB/ADCY8/C9",8
"Drug_A_Up","GO:0050995","negative regulation of lipid catabolic process","3/134","27/18842",0.111111111111111,15.6235489220564,17.8282442748092,6.43536592266684,0.000907900990225554,0.0157103166440762,0.0117264667698156,"ALK/ACACB/APOC1",3
"Drug_A_Up","GO:0010563","negative regulation of phosphorus metabolic process","6/134","157/18842",0.0382165605095541,5.37370472478372,5.76065811258278,4.65739881448999,0.000908495038656028,0.0157103166440762,0.0117264667698156,"ADARB1/ACTN3/ABCA2/ADAR/APOC1/PARP1",6
"Drug_A_Up","GO:0045936","negative regulation of phosphate metabolic process","6/134","157/18842",0.0382165605095541,5.37370472478372,5.76065811258278,4.65739881448999,0.000908495038656028,0.0157103166440762,0.0117264667698156,"ADARB1/ACTN3/ABCA2/ADAR/APOC1/PARP1",6
"Drug_A_Up","GO:0002443","leukocyte mediated immunity","10/134","429/18842",0.0233100233100233,3.27766760602581,3.52009392562938,4.03875406345925,0.000999963042007731,0.0171872435583874,0.0128288719456303,"BST2/B2M/C6/ADORA3/AZU1/ARRB2/ARG1/C4BPA/C9/JAG1",10
"Drug_A_Up","GO:0010812","negative regulation of cell-substrate adhesion","4/134","64/18842",0.0625,8.78824626865672,9.56307692307692,5.28196706234548,0.00111694493126957,0.019082264006509,0.0142433497576608,"APOD/ACVRL1/ARHGAP6/JAG1",4
"Drug_A_Up","GO:0009145","purine nucleoside triphosphate biosynthetic process","5/134","110/18842",0.0454545454545455,6.39145183175034,6.8671096345515,4.7995518843417,0.00113718034637503,0.0190830974101751,0.0142439718253516,"ATP5F1B/ATP5PF/ATP5PB/PARP1/ATP6V0C",5
"Drug_A_Up","GO:0009206","purine ribonucleoside triphosphate biosynthetic process","5/134","110/18842",0.0454545454545455,6.39145183175034,6.8671096345515,4.7995518843417,0.00113718034637503,0.0190830974101751,0.0142439718253516,"ATP5F1B/ATP5PF/ATP5PB/PARP1/ATP6V0C",5
"Drug_A_Up","GO:0042632","cholesterol homeostasis","5/134","110/18842",0.0454545454545455,6.39145183175034,6.8671096345515,4.7995518843417,0.00113718034637503,0.0190830974101751,0.0142439718253516,"APOB/ABCA2/ACOX1/ABCA1/APOA4",5
"Drug_A_Up","GO:0002704","negative regulation of leukocyte mediated immunity","4/134","65/18842",0.0615384615384615,8.65304247990815,9.40580075662043,5.23080334173716,0.00118369409437029,0.0197468026566714,0.0147393735218492,"BST2/ARRB2/ARG1/C4BPA",4
"Drug_A_Up","GO:0030258","lipid modification","6/134","166/18842",0.036144578313253,5.08235928789786,5.433984375,4.47109635198375,0.00121159260651087,0.0200940153921921,0.0149985394379401,"APOD/ABCD1/ADH5/ACOX1/ACACB/ALOX12",6
"Drug_A_Up","GO:0072330","monocarboxylic acid biosynthetic process","7/134","232/18842",0.0301724137931034,4.24260164693773,4.52776902887139,4.20586276872907,0.00137047666321112,0.0225969291678298,0.0168667599125921,"ABCD1/ACOX1/ACACB/APOC1/ALDH1A1/APOA4/ALOX12",7
"Drug_A_Up","GO:0042063","gliogenesis","7/134","234/18842",0.0299145299145299,4.2063400943998,4.48739116861494,4.17694117629204,0.00143959606193626,0.023480538152017,0.0175263017681338,"BIN1/ABCA2/BOK/ATP1B2/AZU1/AREG/ADORA2A",7
"Drug_A_Up","GO:0009201","ribonucleoside triphosphate biosynthetic process","5/134","116/18842",0.0431034482758621,6.06085949562532,6.49381940079614,4.62723395971576,0.00144062540142841,0.023480538152017,0.0175263017681338,"ATP5F1B/ATP5PF/ATP5PB/PARP1/ATP6V0C",5
"Drug_A_Up","GO:0016050","vesicle organization","9/134","379/18842",0.0237467018469657,3.339069822392,3.56847567567568,3.89316086772516,0.0015736494104991,0.0255021127324312,0.0190352418918117,"ATP6V1B1/ANXA2/ATP6V1E1/ATP6V1C1/ATP6V1B2/ABCA1/SHROOM2/ATP6V0C/AP1B1",9
"Drug_A_Up","GO:0000096","sulfur amino acid metabolic process","3/134","33/18842",0.0909090909090909,12.7829036635007,14.2580152671756,5.73346462098569,0.00164162932398962,0.0264526179706509,0.0197447163309995,"AGXT/BPHL/BLMH",3
"Drug_A_Up","GO:0031667","response to nutrient levels","10/134","461/18842",0.0216919739696312,3.05015054877456,3.26460911236678,3.7717451651304,0.00170895130720673,0.0271166570707225,0.0202403672218926,"APAF1/ACACB/BNIP2/ADCY3/AGL/BCKDHB/FAS/ABCA1/ASCL1/ASNS",10
"Drug_A_Up","GO:0006633","fatty acid biosynthetic process","6/134","178/18842",0.0337078651685393,4.73972832466879,5.0515988372093,4.24266152220186,0.00172957725086226,0.0271166570707225,0.0202403672218926,"ABCD1/ACOX1/ACACB/APOC1/APOA4/ALOX12",6
"Drug_A_Up","GO:0030500","regulation of bone mineralization","4/134","72/18842",0.0555555555555556,7.81177446102819,8.43438914027149,4.90100409315099,0.00173115236980902,0.0271166570707225,0.0202403672218926,"BMP6/ACTN3/BMP4/BMPR1B",4
"Drug_A_Up","GO:0045664","regulation of neuron differentiation","5/134","121/18842",0.0413223140495868,5.81041075613667,6.21224271585138,4.49263378580299,0.00173593280393533,0.0271166570707225,0.0202403672218926,"BIN1/ALK/B2M/ADRA2C/ASCL1",5
"Drug_A_Up","GO:0071214","cellular response to abiotic stimulus","8/134","311/18842",0.0257234726688103,3.61702740317704,3.85667138142386,3.93848984517747,0.00174020859903791,0.0271166570707225,0.0202403672218926,"BMP6/BLM/AQP5/ATP1A1/ASIC2/PARP1/FAS/ASCL1",8
"Drug_A_Up","GO:0104004","cellular response to environmental stimulus","8/134","311/18842",0.0257234726688103,3.61702740317704,3.85667138142386,3.93848984517747,0.00174020859903791,0.0271166570707225,0.0202403672218926,"BMP6/BLM/AQP5/ATP1A1/ASIC2/PARP1/FAS/ASCL1",8
"Drug_A_Up","GO:0009142","nucleoside triphosphate biosynthetic process","5/134","122/18842",0.040983606557377,5.76278443846342,6.15881534486186,4.46661595034322,0.00179994600077801,0.0277734966718071,0.0207306442754822,"ATP5F1B/ATP5PF/ATP5PB/PARP1/ATP6V0C",5
"Drug_A_Up","GO:0033344","cholesterol efflux","4/134","73/18842",0.0547945205479452,7.70476385197301,8.31170568561873,4.85752497777013,0.00182153398482233,0.0277734966718071,0.0207306442754822,"ABCA2/APOC1/ABCA1/APOA4",4
"Drug_A_Up","GO:0045744","negative regulation of G protein-coupled receptor signaling pathway","4/134","73/18842",0.0547945205479452,7.70476385197301,8.31170568561873,4.85752497777013,0.00182153398482233,0.0277734966718071,0.0207306442754822,"BICD1/ARRB2/ASIP/ATP2B4",4
"Drug_A_Up","GO:0150116","regulation of cell-substrate junction organization","4/134","73/18842",0.0547945205479452,7.70476385197301,8.31170568561873,4.85752497777013,0.00182153398482233,0.0277734966718071,0.0207306442754822,"APOD/ACVRL1/ARHGAP6/ARF6",4
"Drug_A_Up","GO:0010743","regulation of macrophage derived foam cell differentiation","3/134","35/18842",0.0857142857142857,12.0524520255864,13.3654580152672,5.53890085848828,0.00194900191370125,0.0295581252794479,0.0220627236051405,"AGTR1/APOB/ABCA1",3
"Drug_A_Up","GO:0022407","regulation of cell-cell adhesion","10/134","472/18842",0.0211864406779661,2.97906653174804,3.18496020108923,3.68525470187349,0.00203079098218854,0.030634698007908,0.0228662971174757,"BMP6/BMP4/ACTL6A/RHOH/B2M/BMI1/AIF1/ARG1/ALOX12/JAG1",10
"Drug_A_Up","GO:0015986","proton motive force-driven ATP synthesis","4/134","76/18842",0.0526315789473684,7.40062843676355,7.96410256410256,4.73188574999747,0.0021122370205536,0.0310138730205174,0.0231493202599141,"ATP5F1B/ATP5PF/ATP5PB/ATP6V0C",4
"Drug_A_Up","GO:0007035","vacuolar acidification","3/134","36/18842",0.0833333333333333,11.7176616915423,12.9597501734906,5.44745651400825,0.00211520694129612,0.0310138730205174,0.0231493202599141,"ATP6V1B1/ATP6V1B2/ATP6V0C",3
"Drug_A_Up","GO:0060348","bone development","5/134","127/18842",0.0393700787401575,5.53590316135856,5.90481636802643,4.34071639968741,0.0021462662731077,0.0310138730205174,0.0231493202599141,"BMP6/ACTN3/BMP4/ANXA2/BMPR1B",5
"Drug_A_Up","GO:0001973","G protein-coupled adenosine receptor signaling pathway","2/134","10/18842",0.2,28.1223880597015,35.4166666666667,7.26056463648374,0.0021762202859954,0.0310138730205174,0.0231493202599141,"ADORA3/ADORA2A",2
"Drug_A_Up","GO:0006544","glycine metabolic process","2/134","10/18842",0.2,28.1223880597015,35.4166666666667,7.26056463648374,0.0021762202859954,0.0310138730205174,0.0231493202599141,"AMT/AGXT",2
"Drug_A_Up","GO:0035588","G protein-coupled purinergic receptor signaling pathway","2/134","10/18842",0.2,28.1223880597015,35.4166666666667,7.26056463648374,0.0021762202859954,0.0310138730205174,0.0231493202599141,"ADORA3/ADORA2A",2
"Drug_A_Up","GO:0042451","purine nucleoside biosynthetic process","2/134","10/18842",0.2,28.1223880597015,35.4166666666667,7.26056463648374,0.0021762202859954,0.0310138730205174,0.0231493202599141,"APRT/ADK",2
"Drug_A_Up","GO:0046129","purine ribonucleoside biosynthetic process","2/134","10/18842",0.2,28.1223880597015,35.4166666666667,7.26056463648374,0.0021762202859954,0.0310138730205174,0.0231493202599141,"APRT/ADK",2
"Drug_A_Up","GO:0061307","cardiac neural crest cell differentiation involved in heart development","2/134","10/18842",0.2,28.1223880597015,35.4166666666667,7.26056463648374,0.0021762202859954,0.0310138730205174,0.0231493202599141,"BMP4/JAG1",2
"Drug_A_Up","GO:0061308","cardiac neural crest cell development involved in heart development","2/134","10/18842",0.2,28.1223880597015,35.4166666666667,7.26056463648374,0.0021762202859954,0.0310138730205174,0.0231493202599141,"BMP4/JAG1",2
"Drug_A_Up","GO:0061309","cardiac neural crest cell development involved in outflow tract morphogenesis","2/134","10/18842",0.2,28.1223880597015,35.4166666666667,7.26056463648374,0.0021762202859954,0.0310138730205174,0.0231493202599141,"BMP4/JAG1",2
"Drug_A_Up","GO:0090257","regulation of muscle system process","7/134","252/18842",0.0277777777777778,3.9058872305141,4.15365579302587,3.93033913182266,0.00219173498576004,0.031077536631801,0.0231968399400756,"BIN1/ACTN3/ANK2/ARRB2/ADRA2C/PARP1/ATP2B4",7
"Drug_A_Up","GO:0009306","protein secretion","8/134","323/18842",0.0247678018575851,3.48264867612402,3.70733182161754,3.80889021323887,0.00220260397143582,0.031077536631801,0.0231968399400756,"BMP6/ADCY5/ADRA2C/ADORA2A/ABCA1/ARF6/ADCY8/AP1B1",8
"Drug_A_Up","GO:0006979","response to oxidative stress","9/134","400/18842",0.0225,3.16376865671642,3.37295140664962,3.70192406133853,0.00226890040226736,0.0318512081120942,0.023774322438357,"APOD/AMBP/ATOX1/ABCD1/PARP1/AREG/APOA4/AIF1/ALDH3B1",9
"Drug_A_Up","GO:0050433","regulation of catecholamine secretion","3/134","37/18842",0.0810810810810811,11.4009681323114,12.5779074988774,5.3595540153075,0.00228996287033634,0.0318512081120942,0.023774322438357,"ADORA3/ADRA2C/ADORA2A",3
"Drug_A_Up","GO:0021700","developmental maturation","7/134","254/18842",0.0275590551181102,3.87513221295099,4.11957665210877,3.90435267733868,0.0022911306258347,0.0318512081120942,0.023774322438357,"ACTN3/ATP6V1B1/ACVRL1/ATP6V1E1/ATP6V1C1/ATP6V1B2/ATP6V0C",7
"Drug_A_Up","GO:0035592","establishment of protein localization to extracellular region","8/134","326/18842",0.0245398773006135,3.45059976192656,3.67175801138065,3.77744625796062,0.00233207730453627,0.0321056856100236,0.0239642690823834,"BMP6/ADCY5/ADRA2C/ADORA2A/ABCA1/ARF6/ADCY8/AP1B1",8
"Drug_A_Up","GO:0071692","protein localization to extracellular region","8/134","326/18842",0.0245398773006135,3.45059976192656,3.67175801138065,3.77744625796062,0.00233207730453627,0.0321056856100236,0.0239642690823834,"BMP6/ADCY5/ADRA2C/ADORA2A/ABCA1/ARF6/ADCY8/AP1B1",8
"Drug_A_Up","GO:0035725","sodium ion transmembrane transport","6/134","191/18842",0.031413612565445,4.4171290146128,4.6933277027027,4.01714670143108,0.00246441959562742,0.0337241017094623,0.0251722843655737,"HCN2/ATP1B2/ATP1A1/ASIC2/ATP2B4/SHROOM2",6
"Drug_A_Up","GO:1901889","negative regulation of cell junction assembly","3/134","38/18842",0.0789473684210526,11.1009426551453,12.2178844056707,5.27496127797738,0.00247341789688581,0.0337241017094623,0.0251722843655737,"APOD/ACVRL1/ARHGAP6",3
"Drug_A_Up","GO:0150076","neuroinflammatory response","4/134","80/18842",0.05,7.03059701492537,7.54331983805668,4.57463480031736,0.00254764932983726,0.0337498662095222,0.0251915154581505,"AZU1/ADORA2A/AIF1/ADCY8",4
"Drug_A_Up","GO:0032380","regulation of intracellular sterol transport","2/134","11/18842",0.181818181818182,25.5658073270014,31.479797979798,6.89733604146957,0.0026474555669295,0.0337498662095222,0.0251915154581505,"ABCA2/ANXA2",2
"Drug_A_Up","GO:0032383","regulation of intracellular cholesterol transport","2/134","11/18842",0.181818181818182,25.5658073270014,31.479797979798,6.89733604146957,0.0026474555669295,0.0337498662095222,0.0251915154581505,"ABCA2/ANXA2",2
"Drug_A_Up","GO:0033079","immature T cell proliferation","2/134","11/18842",0.181818181818182,25.5658073270014,31.479797979798,6.89733604146957,0.0026474555669295,0.0337498662095222,0.0251915154581505,"BMP4/BMI1",2
"Drug_A_Up","GO:0034379","very-low-density lipoprotein particle assembly","2/134","11/18842",0.181818181818182,25.5658073270014,31.479797979798,6.89733604146957,0.0026474555669295,0.0337498662095222,0.0251915154581505,"APOB/APOC1",2
"Drug_A_Up","GO:0042455","ribonucleoside biosynthetic process","2/134","11/18842",0.181818181818182,25.5658073270014,31.479797979798,6.89733604146957,0.0026474555669295,0.0337498662095222,0.0251915154581505,"APRT/ADK",2
"Drug_A_Up","GO:0045602","negative regulation of endothelial cell differentiation","2/134","11/18842",0.181818181818182,25.5658073270014,31.479797979798,6.89733604146957,0.0026474555669295,0.0337498662095222,0.0251915154581505,"ACVRL1/JAG1",2
"Drug_A_Up","GO:0070943","neutrophil-mediated killing of symbiont cell","2/134","11/18842",0.181818181818182,25.5658073270014,31.479797979798,6.89733604146957,0.0026474555669295,0.0337498662095222,0.0251915154581505,"AZU1/ARG1",2
"Drug_A_Up","GO:2000727","positive regulation of cardiac muscle cell differentiation","2/134","11/18842",0.181818181818182,25.5658073270014,31.479797979798,6.89733604146957,0.0026474555669295,0.0337498662095222,0.0251915154581505,"BMP4/ARRB2",2
"Drug_A_Up","GO:0002062","chondrocyte differentiation","4/134","81/18842",0.0493827160493827,6.94379952091395,7.44495504495505,4.53700610542398,0.00266542353050511,0.0337498662095222,0.0251915154581505,"BMP6/BMP4/ACVRL1/BMPR1B",4
"Drug_A_Up","GO:0042157","lipoprotein metabolic process","4/134","81/18842",0.0493827160493827,6.94379952091395,7.44495504495505,4.53700610542398,0.00266542353050511,0.0337498662095222,0.0251915154581505,"APOD/APOC1/ABCA1/APOA4",4
"Drug_A_Up","GO:0006958","complement activation, classical pathway","3/134","39/18842",0.0769230769230769,10.8163030998852,11.8778625954198,5.19346708562927,0.00266571580780429,0.0337498662095222,0.0251915154581505,"C6/C4BPA/C9",3
"Drug_A_Up","GO:0010742","macrophage derived foam cell differentiation","3/134","39/18842",0.0769230769230769,10.8163030998852,11.8778625954198,5.19346708562927,0.00266571580780429,0.0337498662095222,0.0251915154581505,"AGTR1/APOB/ABCA1",3
"Drug_A_Up","GO:0032330","regulation of chondrocyte differentiation","3/134","39/18842",0.0769230769230769,10.8163030998852,11.8778625954198,5.19346708562927,0.00266571580780429,0.0337498662095222,0.0251915154581505,"BMP6/ACVRL1/BMPR1B",3
"Drug_A_Up","GO:0044273","sulfur compound catabolic process","3/134","39/18842",0.0769230769230769,10.8163030998852,11.8778625954198,5.19346708562927,0.00266571580780429,0.0337498662095222,0.0251915154581505,"AGXT/ABCD1/BLMH",3
"Drug_A_Up","GO:0050432","catecholamine secretion","3/134","39/18842",0.0769230769230769,10.8163030998852,11.8778625954198,5.19346708562927,0.00266571580780429,0.0337498662095222,0.0251915154581505,"ADORA3/ADRA2C/ADORA2A",3
"Drug_A_Up","GO:0007626","locomotory behavior","4/134","82/18842",0.0487804878048781,6.85911903895158,7.3491124260355,4.50001046883444,0.00278688003106345,0.034971644991575,0.0261034734162488,"ABCA2/ARRB2/ADORA2A/ADCY8",4
"Drug_A_Up","GO:0042440","pigment metabolic process","4/134","82/18842",0.0487804878048781,6.85911903895158,7.3491124260355,4.50001046883444,0.00278688003106345,0.034971644991575,0.0261034734162488,"AMBP/ABCB7/ASIP/BLVRA",4
"Drug_A_Up","GO:0055074","calcium ion homeostasis","6/134","196/18842",0.0306122448979592,4.30444715199513,4.56858552631579,3.93572458508561,0.00280201509535884,0.0350066731737343,0.0261296190900377,"ANK2/ATP6V1B1/BOK/ANXA6/ATP2B4/ADCY8",6
"Drug_A_Up","GO:0032366","intracellular sterol transport","3/134","40/18842",0.075,10.5458955223881,11.5562203424799,5.11487873323385,0.00286699604789555,0.0352780801875827,0.0263322022334009,"ABCA2/ANXA2/ABCA1",3
"Drug_A_Up","GO:0032367","intracellular cholesterol transport","3/134","40/18842",0.075,10.5458955223881,11.5562203424799,5.11487873323385,0.00286699604789555,0.0352780801875827,0.0263322022334009,"ABCA2/ANXA2/ABCA1",3
"Drug_A_Up","GO:0046890","regulation of lipid biosynthetic process","6/134","197/18842",0.0304568527918782,4.282597166452,4.54442081151832,3.91976655356515,0.0028734966584385,0.0352780801875827,0.0263322022334009,"BMP6/ABCA2/ABCD1/NR0B1/APOC1/APOA4",6
"Drug_A_Up","GO:1901654","response to ketone","6/134","197/18842",0.0304568527918782,4.282597166452,4.54442081151832,3.91976655356515,0.0028734966584385,0.0352780801875827,0.0263322022334009,"ADCY2/ADCY5/HCN2/PARP1/ADCY3/ADCY8",6
"Drug_A_Up","GO:0048041","focal adhesion assembly","4/134","83/18842",0.0481927710843374,6.77647905053048,7.25569620253165,4.46362910234433,0.00291207519289644,0.03559760882351,0.0265707042328255,"APOD/ACTN3/ACVRL1/ARHGAP6",4
"Drug_A_Up","GO:0006066","alcohol metabolic process","8/134","339/18842",0.023598820058997,3.31827587725091,3.52505634680861,3.64531098433954,0.00296380286447705,0.0360744417324331,0.0269266210095475,"AGTR1/BMP6/APOB/ABCA2/ALDH1A1/ABCA1/APOA4/ALDH3B1",8
"Drug_A_Up","GO:0045834","positive regulation of lipid metabolic process","5/134","138/18842",0.036231884057971,5.09463551806186,5.41324240834645,4.08581067665161,0.00307590370521813,0.0367266873426503,0.0274134690245972,"AGTR1/BMP6/ABCD1/APOA4/APOH",5
"Drug_A_Up","GO:0090077","foam cell differentiation","3/134","41/18842",0.0731707317073171,10.2886785584274,11.2515066291683,5.03901998806679,0.00307739378625171,0.0367266873426503,0.0274134690245972,"AGTR1/APOB/ABCA1",3
"Drug_A_Up","GO:0006790","sulfur compound metabolic process","7/134","269/18842",0.0260223048327138,3.65904677356711,3.88056740998978,3.71750687854727,0.00315202548573942,0.0367266873426503,0.0274134690245972,"AGXT/ABCD1/BPHL/ACACB/BLMH/BCKDHB/AHCY",7
"Drug_A_Up","GO:0000098","sulfur amino acid catabolic process","2/134","12/18842",0.166666666666667,23.4353233830846,28.330303030303,6.57943332499151,0.00316218082687349,0.0367266873426503,0.0274134690245972,"AGXT/BLMH",2
"Drug_A_Up","GO:0006167","AMP biosynthetic process","2/134","12/18842",0.166666666666667,23.4353233830846,28.330303030303,6.57943332499151,0.00316218082687349,0.0367266873426503,0.0274134690245972,"APRT/ADK",2
"Drug_A_Up","GO:0032377","regulation of intracellular lipid transport","2/134","12/18842",0.166666666666667,23.4353233830846,28.330303030303,6.57943332499151,0.00316218082687349,0.0367266873426503,0.0274134690245972,"ABCA2/ANXA2",2
"Drug_A_Up","GO:0043174","nucleoside salvage","2/134","12/18842",0.166666666666667,23.4353233830846,28.330303030303,6.57943332499151,0.00316218082687349,0.0367266873426503,0.0274134690245972,"APRT/ADK",2
"Drug_A_Up","GO:0070885","negative regulation of calcineurin-NFAT signaling cascade","2/134","12/18842",0.166666666666667,23.4353233830846,28.330303030303,6.57943332499151,0.00316218082687349,0.0367266873426503,0.0274134690245972,"ACTN3/ATP2B4",2
"Drug_A_Up","GO:0106057","negative regulation of calcineurin-mediated signaling","2/134","12/18842",0.166666666666667,23.4353233830846,28.330303030303,6.57943332499151,0.00316218082687349,0.0367266873426503,0.0274134690245972,"ACTN3/ATP2B4",2
"Drug_A_Up","GO:0160257","complement activation, GZMK pathway","2/134","12/18842",0.166666666666667,23.4353233830846,28.330303030303,6.57943332499151,0.00316218082687349,0.0367266873426503,0.0274134690245972,"C6/C9",2
"Drug_A_Up","GO:0006119","oxidative phosphorylation","5/134","139/18842",0.0359712230215827,5.05798346397509,5.37255582552354,4.06399092536092,0.003172792101181,0.0367266873426503,0.0274134690245972,"ACTN3/ABCD1/ATP5F1B/ATP5PF/ATP5PB",5
"Drug_A_Up","GO:2000377","regulation of reactive oxygen species metabolic process","5/134","139/18842",0.0359712230215827,5.05798346397509,5.37255582552354,4.06399092536092,0.003172792101181,0.0367266873426503,0.0274134690245972,"AGTR1/ABCB7/ABCD1/FAS/ADGRB1",5
"Drug_A_Up","GO:0009167","purine ribonucleoside monophosphate metabolic process","3/134","42/18842",0.0714285714285714,10.043710021322,10.9624192601292,4.96572931886034,0.00329703998180254,0.0378558922606964,0.0282563281628166,"APRT/AK2/ADK",3
"Drug_A_Up","GO:0090207","regulation of triglyceride metabolic process","3/134","42/18842",0.0714285714285714,10.043710021322,10.9624192601292,4.96572931886034,0.00329703998180254,0.0378558922606964,0.0282563281628166,"APOC1/APOA4/APOH",3
"Drug_A_Up","GO:0061448","connective tissue development","6/134","203/18842",0.0295566502463054,4.15601793985736,4.40458439086294,3.82619298701166,0.00333146548426339,0.0380969198119798,0.0284362355214503,"BMP6/BMP4/ACTA2/ACVRL1/PARP1/BMPR1B",6
"Drug_A_Up","GO:0010565","regulation of ketone metabolic process","5/134","141/18842",0.0354609929078014,4.98623901767757,5.29297765617875,4.02097312404104,0.00337314469051633,0.0381125033557941,0.0284478673626687,"BMP6/ABCD1/ACACB/APOC1/APOA4",5
"Drug_A_Up","GO:0098659","inorganic cation import across plasma membrane","5/134","141/18842",0.0354609929078014,4.98623901767757,5.29297765617875,4.02097312404104,0.00337314469051633,0.0381125033557941,0.0284478673626687,"ANK2/HCN2/ATP1B2/ATP1A1/ATP2B4",5
"Drug_A_Up","GO:0099587","inorganic ion import across plasma membrane","5/134","141/18842",0.0354609929078014,4.98623901767757,5.29297765617875,4.02097312404104,0.00337314469051633,0.0381125033557941,0.0284478673626687,"ANK2/HCN2/ATP1B2/ATP1A1/ATP2B4",5
"Drug_A_Up","GO:0002697","regulation of immune effector process","8/134","347/18842",0.0230547550432277,3.24177383973504,3.44037083860093,3.56713922229582,0.00341434885375826,0.0384249736081684,0.0286811008559226,"BST2/B2M/C6/ADORA3/ARRB2/KLK3/ARG1/C4BPA",8
"Drug_A_Up","GO:0086001","cardiac muscle cell action potential","4/134","87/18842",0.0459770114942529,6.46491679533368,6.90454124189064,4.32389699485109,0.00345135743811607,0.0386879434565105,0.0288773863451276,"BIN1/ANK2/HCN2/ATP1A1",4
"Drug_A_Up","GO:0031960","response to corticosteroid","5/134","142/18842",0.0352112676056338,4.95112465839815,5.2540598653313,3.99976793266423,0.00347666426752616,0.0388181884358432,0.0289746035722963,"BMP6/HCN2/PARP1/AREG/AGL",5
"Drug_A_Up","GO:0003197","endocardial cushion development","3/134","43/18842",0.0697674418604651,9.81013536966331,10.687786259542,4.89485835242149,0.00352606144807782,0.0389101566799561,0.0290432503464448,"BMP4/ACVRL1/JAG1",3
"Drug_A_Up","GO:0051155","positive regulation of striated muscle cell differentiation","3/134","43/18842",0.0697674418604651,9.81013536966331,10.687786259542,4.89485835242149,0.00352606144807782,0.0389101566799561,0.0290432503464448,"ACTN3/BMP4/ARRB2",3
"Drug_A_Up","GO:0055078","sodium ion homeostasis","3/134","43/18842",0.0697674418604651,9.81013536966331,10.687786259542,4.89485835242149,0.00352606144807782,0.0389101566799561,0.0290432503464448,"AGTR1/ATP1B2/ATP1A1",3
"Drug_A_Up","GO:0070942","neutrophil mediated cytotoxicity","2/134","13/18842",0.153846153846154,21.6326061997704,25.7534435261708,6.29800253289745,0.00371976299712982,0.0398371323923666,0.0297351619185841,"AZU1/ARG1",2
"Drug_A_Up","GO:0110095","cellular detoxification of aldehyde","2/134","13/18842",0.153846153846154,21.6326061997704,25.7534435261708,6.29800253289745,0.00371976299712982,0.0398371323923666,0.0297351619185841,"ADH5/ALDH1A1",2
"Drug_A_Up","GO:1903490","positive regulation of mitotic cytokinesis","2/134","13/18842",0.153846153846154,21.6326061997704,25.7534435261708,6.29800253289745,0.00371976299712982,0.0398371323923666,0.0297351619185841,"BIRC5/ARF6",2
"Drug_A_Up","GO:0015837","amine transport","4/134","89/18842",0.0449438202247191,6.31963776622505,6.74135746606335,4.25728162643182,0.00374486962198091,0.0398371323923666,0.0297351619185841,"AQP9/ADORA3/ADRA2C/ADORA2A",4
"Drug_A_Up","GO:0043502","regulation of muscle adaptation","4/134","89/18842",0.0449438202247191,6.31963776622505,6.74135746606335,4.25728162643182,0.00374486962198091,0.0398371323923666,0.0297351619185841,"ACTN3/ARRB2/PARP1/ATP2B4",4
"Drug_A_Up","GO:0008016","regulation of heart contraction","6/134","208/18842",0.0288461538461538,4.05611366245695,4.29439975247525,3.75092877579647,0.00375296078666013,0.0398371323923666,0.0297351619185841,"BIN1/ANK2/ATP1B2/ATP1A1/ADORA3/ATP2B4",6
"Drug_A_Up","GO:0002455","humoral immune response mediated by circulating immunoglobulin","3/134","44/18842",0.0681818181818182,9.58717774762551,10.4265499906907,4.82627052395675,0.0037645809171912,0.0398371323923666,0.0297351619185841,"C6/C4BPA/C9",3
"Drug_A_Up","GO:0002920","regulation of humoral immune response","3/134","44/18842",0.0681818181818182,9.58717774762551,10.4265499906907,4.82627052395675,0.0037645809171912,0.0398371323923666,0.0297351619185841,"C6/KLK3/C4BPA",3
"Drug_A_Up","GO:0009953","dorsal/ventral pattern formation","3/134","44/18842",0.0681818181818182,9.58717774762551,10.4265499906907,4.82627052395675,0.0037645809171912,0.0398371323923666,0.0297351619185841,"ACVRL1/BMPR1B/ASCL1",3
"Drug_A_Up","GO:1903115","regulation of actin filament-based movement","3/134","44/18842",0.0681818181818182,9.58717774762551,10.4265499906907,4.82627052395675,0.0037645809171912,0.0398371323923666,0.0297351619185841,"BIN1/ANK2/ACTA2",3
"Drug_A_Up","GO:2000404","regulation of T cell migration","3/134","44/18842",0.0681818181818182,9.58717774762551,10.4265499906907,4.82627052395675,0.0037645809171912,0.0398371323923666,0.0297351619185841,"APOD/AIF1/ADAM10",3
"Drug_A_Up","GO:0001503","ossification","8/134","354/18842",0.0225988700564972,3.17767096719791,3.3694834388476,3.50057687311673,0.00385073219731036,0.0405973104519412,0.0303025726816323,"BMP6/ACTN3/BMP4/ATP6V1B1/ATP5F1B/AREG/BMPR1B/ACVR1B",8
"Drug_A_Up","GO:0009126","purine nucleoside monophosphate metabolic process","3/134","45/18842",0.0666666666666667,9.37412935323383,10.1777535441658,4.75983989299755,0.0040127171030536,0.0421483914972593,0.0314603278527906,"APRT/AK2/ADK",3
"Drug_A_Up","GO:0006091","generation of precursor metabolites and energy","9/134","438/18842",0.0205479452054795,2.88928644448988,3.0678041958042,3.38586349351257,0.00413295929371173,0.0432511902471087,0.0322834769456372,"ACTN3/ABCD1/ACOX1/ATP5F1B/ATP5PF/ATP5PB/ACO2/ASIP/AGL",9
"Drug_A_Up","GO:0051453","regulation of intracellular pH","4/134","92/18842",0.0434782608695652,6.11356262167424,6.51048951048951,4.1610942208692,0.0042161921498626,0.0434408392779105,0.0324250344398627,"ATP6V1B1/ATP5F1B/ATP6V1B2/ATP6V0C",4
"Drug_A_Up","GO:0007584","response to nutrient","5/134","149/18842",0.0335570469798658,4.7185214865271,4.99677002583979,3.85668900625426,0.00426628821899604,0.0434408392779105,0.0324250344398627,"APAF1/AGL/BCKDHB/ABCA1/ASCL1",5
"Drug_A_Up","GO:0045912","negative regulation of carbohydrate metabolic process","3/134","46/18842",0.0652173913043478,9.17034393251136,9.94052902538612,4.69545010142471,0.00427058476382435,0.0434408392779105,0.0324250344398627,"ACTN3/AP2A1/NR0B1",3
"Drug_A_Up","GO:0070266","necroptotic process","3/134","46/18842",0.0652173913043478,9.17034393251136,9.94052902538612,4.69545010142471,0.00427058476382435,0.0434408392779105,0.0324250344398627,"BOK/PARP1/FAS",3
"Drug_A_Up","GO:0007530","sex determination","2/134","14/18842",0.142857142857143,20.0874200426439,23.6060606060606,6.04644138576082,0.00431957569688673,0.0434408392779105,0.0324250344398627,"NR0B1/AMH",2
"Drug_A_Up","GO:0034374","low-density lipoprotein particle remodeling","2/134","14/18842",0.142857142857143,20.0874200426439,23.6060606060606,6.04644138576082,0.00431957569688673,0.0434408392779105,0.0324250344398627,"AGTR1/APOB",2
"Drug_A_Up","GO:0042117","monocyte activation","2/134","14/18842",0.142857142857143,20.0874200426439,23.6060606060606,6.04644138576082,0.00431957569688673,0.0434408392779105,0.0324250344398627,"AZU1/ADAM10",2
"Drug_A_Up","GO:0097254","renal tubular secretion","2/134","14/18842",0.142857142857143,20.0874200426439,23.6060606060606,6.04644138576082,0.00431957569688673,0.0434408392779105,0.0324250344398627,"AGTR1/ATP6V1B1",2
"Drug_A_Up","GO:0106072","negative regulation of adenylate cyclase-activating G protein-coupled receptor signaling pathway","2/134","14/18842",0.142857142857143,20.0874200426439,23.6060606060606,6.04644138576082,0.00431957569688673,0.0434408392779105,0.0324250344398627,"ASIP/ATP2B4",2
"Drug_A_Up","GO:0170043","non-proteinogenic amino acid biosynthetic process","2/134","14/18842",0.142857142857143,20.0874200426439,23.6060606060606,6.04644138576082,0.00431957569688673,0.0434408392779105,0.0324250344398627,"ALDH1A1/ATP2B4",2
"Drug_A_Up","GO:2000644","regulation of receptor catabolic process","2/134","14/18842",0.142857142857143,20.0874200426439,23.6060606060606,6.04644138576082,0.00431957569688673,0.0434408392779105,0.0324250344398627,"ABCA2/ANXA2",2
"Drug_A_Up","GO:0070167","regulation of biomineral tissue development","4/134","93/18842",0.043010752688172,6.04782538918312,6.43699222126188,4.12997513341097,0.00438179268550841,0.0439108270533635,0.0327758418841637,"BMP6/ACTN3/BMP4/BMPR1B",4
"Drug_A_Up","GO:0060349","bone morphogenesis","3/134","47/18842",0.0638297872340425,8.97523023181962,9.71408743927828,4.63299345385745,0.00453829476360811,0.0453190279915232,0.0338269487383836,"ACTN3/BMP4/BMPR1B",3
"Drug_A_Up","GO:0030641","regulation of cellular pH","4/134","95/18842",0.0421052631578947,5.92050274941084,6.29484361792054,4.06907865777322,0.00472604583450175,0.0470283017075332,0.0351027818030767,"ATP6V1B1/ATP5F1B/ATP6V1B2/ATP6V0C",4
"Drug_A_Up","GO:0010883","regulation of lipid storage","3/134","48/18842",0.0625,8.78824626865672,9.49770992366412,4.57237010377023,0.0048159541334054,0.0473716957903566,0.0353590974071736,"APOB/ACACB/ABCA1",3
"Drug_A_Up","GO:0042168","heme metabolic process","3/134","48/18842",0.0625,8.78824626865672,9.49770992366412,4.57237010377023,0.0048159541334054,0.0473716957903566,0.0353590974071736,"AMBP/ABCB7/BLVRA",3
"Drug_A_Up","GO:0002703","regulation of leukocyte mediated immunity","6/134","219/18842",0.0273972602739726,3.85238192598651,4.07020246478873,3.59331760373103,0.00481829430131115,0.0473716957903566,0.0353590974071736,"BST2/B2M/ADORA3/ARRB2/ARG1/C4BPA",6
"Drug_A_Up","GO:0030282","bone mineralization","4/134","96/18842",0.0416666666666667,5.85883084577114,6.22608695652174,4.03927836514824,0.00490480102403587,0.0473716957903566,0.0353590974071736,"BMP6/ACTN3/BMP4/BMPR1B",4
"Drug_A_Up","GO:0006825","copper ion transport","2/134","15/18842",0.133333333333333,18.7482587064677,21.7890442890443,5.8197122529397,0.00496099917127501,0.0473716957903566,0.0353590974071736,"ATOX1/ATP7B",2
"Drug_A_Up","GO:0007190","activation of adenylate cyclase activity","2/134","15/18842",0.133333333333333,18.7482587064677,21.7890442890443,5.8197122529397,0.00496099917127501,0.0473716957903566,0.0353590974071736,"ACR/ADORA3",2
"Drug_A_Up","GO:0010896","regulation of triglyceride catabolic process","2/134","15/18842",0.133333333333333,18.7482587064677,21.7890442890443,5.8197122529397,0.00496099917127501,0.0473716957903566,0.0353590974071736,"APOC1/APOA4",2
"Drug_A_Up","GO:0034372","very-low-density lipoprotein particle remodeling","2/134","15/18842",0.133333333333333,18.7482587064677,21.7890442890443,5.8197122529397,0.00496099917127501,0.0473716957903566,0.0353590974071736,"APOA4/APOH",2
"Drug_A_Up","GO:0042167","heme catabolic process","2/134","15/18842",0.133333333333333,18.7482587064677,21.7890442890443,5.8197122529397,0.00496099917127501,0.0473716957903566,0.0353590974071736,"AMBP/BLVRA",2
"Drug_A_Up","GO:0046149","pigment catabolic process","2/134","15/18842",0.133333333333333,18.7482587064677,21.7890442890443,5.8197122529397,0.00496099917127501,0.0473716957903566,0.0353590974071736,"AMBP/BLVRA",2
"Drug_A_Up","GO:0050667","homocysteine metabolic process","2/134","15/18842",0.133333333333333,18.7482587064677,21.7890442890443,5.8197122529397,0.00496099917127501,0.0473716957903566,0.0353590974071736,"BPHL/BLMH",2
"Drug_A_Up","GO:0072109","glomerular mesangium development","2/134","15/18842",0.133333333333333,18.7482587064677,21.7890442890443,5.8197122529397,0.00496099917127501,0.0473716957903566,0.0353590974071736,"BMP4/ACTA2",2
"Drug_A_Up","GO:0000041","transition metal ion transport","4/134","97/18842",0.0412371134020619,5.7984305277735,6.15880893300248,4.00989545106158,0.00508804288805117,0.0484217772836011,0.036142897378562,"ATOX1/ABCB7/B2M/ATP7B",4
"Drug_A_Up","GO:0071248","cellular response to metal ion","5/134","156/18842",0.032051282051282,4.5067929582855,4.76333487345346,3.72224492173593,0.00517637100813443,0.0490976193279908,0.0366473582022825,"ALOX5AP/BMP6/B2M/PARP1/ADCY8",5
"Drug_A_Up","GO:0140115","export across plasma membrane","4/134","98/18842",0.0408163265306122,5.73926286932684,6.09296235679214,3.98091946211225,0.00527582152290331,0.0498740994631793,0.0372269371317844,"ATP1B2/ATP7B/ATP1A1/ABCA1",4
"Drug_A_Down","GO:0006816","calcium ion transport","13/109","416/18842",0.03125,5.4019495412844,6.15927419354839,6.9252865666174,8.42511069354248e-07,0.00178359593382294,0.00144645847801766,"CCR5/CHRNA3/CAV1/CALM3/CHRNB4/CCR1/CHRND/CACNA1D/CACNB2/CNGA3/CALML3/CACNA1B/CRH",13
"Drug_A_Down","GO:0007204","positive regulation of cytosolic calcium ion concentration","8/109","160/18842",0.05,8.64311926605505,9.68264721208963,7.40594531936252,4.16859069075248e-06,0.0044124532461615,0.00357840600874594,"CCR5/CCR8/CD36/CD52/CDK5/CAV1/CCR1/CCR3",8
"Drug_A_Down","GO:0046718","symbiont entry into host cell","7/109","129/18842",0.0542635658914729,9.38012943602873,10.4690613950498,7.28509853407475,9.99527725547004e-06,0.00629542017787454,0.00510545225871435,"CCR5/SCARB2/CD80/CDK1/CAV1/CR2/CAV2",7
"Drug_A_Down","GO:0044409","symbiont entry into host","7/109","134/18842",0.0522388059701493,9.03012460632617,10.0541917554423,7.11578078225955,1.28190989405227e-05,0.00629542017787454,0.00510545225871435,"CCR5/SCARB2/CD80/CDK1/CAV1/CR2/CAV2",7
"Drug_A_Down","GO:0034332","adherens junction organization","5/109","55/18842",0.0909090909090909,15.7147623019183,17.9644230769231,8.33618675012517,1.6324163777196e-05,0.00629542017787454,0.00510545225871435,"CDH5/CDH13/CDH6/CSK/CDH10",5
"Drug_A_Down","GO:0001954","positive regulation of cell-matrix adhesion","5/109","56/18842",0.0892857142857143,15.4341415465269,17.6112368024133,8.25143288405447,1.78424757048877e-05,0.00629542017787454,0.00510545225871435,"CD36/CDK6/CDH13/CFL1/COL16A1",5
"Drug_A_Down","GO:0051899","membrane depolarization","6/109","97/18842",0.0618556701030928,10.6925186796557,11.9334257975035,7.30031077728245,2.10361561417132e-05,0.00636193465028669,0.00515939408528334,"CHRNA3/CAV1/CHRNB4/CHRND/CACNA1D/CACNB2",6
"Drug_A_Down","GO:0071312","cellular response to alkaloid","4/109","31/18842",0.129032258064516,22.3048239124001,26.3929453262787,9.05554121286113,2.95591982072913e-05,0.00782210282560447,0.00634355951001213,"CASP3/CRHBP/CASP6/CRH",4
"Drug_A_Down","GO:0051701","biological process involved in interaction with host","7/109","168/18842",0.0416666666666667,7.20259938837921,7.91645353793691,6.15986583071819,5.49144420365464e-05,0.0127888222301687,0.0103714636190265,"CCR5/SCARB2/CD80/CDK1/CAV1/CR2/CAV2",7
"Drug_A_Down","GO:0044794","host-mediated activation of viral process","4/109","37/18842",0.108108108108108,18.687825440119,21.5873015873016,8.21486051935017,6.04101191788792e-05,0.0127888222301687,0.0103714636190265,"CCNT1/CAV2/CDK9/CFL1",4
"Drug_A_Down","GO:0010038","response to metal ion","9/109","308/18842",0.0292207792207792,5.05117359704516,5.54869565217391,5.46805897140855,7.56097560139532e-05,0.0145514412255945,0.0118009102448572,"CASP3/CRIP1/CDK1/CAV1/CALM3/CNGA3/CRHBP/CALML3/ENTPD6",9
"Drug_A_Down","GO:0044403","biological process involved in symbiotic interaction","7/109","181/18842",0.0386740331491713,6.68528562015307,7.31986702727068,5.86253807160465,8.78237181624795e-05,0.015210707293991,0.0123355610454214,"CCR5/SCARB2/CD80/CDK1/CAV1/CR2/CAV2",7
"Drug_A_Down","GO:0043279","response to alkaloid","5/109","79/18842",0.0632911392405063,10.9406572988039,12.1225311850312,6.75365801427565,9.47364081974302e-05,0.015210707293991,0.0123355610454214,"CAD/CASP3/CRHBP/CASP6/CRH",5
"Drug_A_Down","GO:0046928","regulation of neurotransmitter secretion","5/109","80/18842",0.0625,10.8038990825688,11.9602564102564,6.70294748728471,0.000100590411958372,0.015210707293991,0.0123355610454214,"CHRNA3/CDK5/CALM3/CHRNB4/CACNA1B",5
"Drug_A_Down","GO:0095500","acetylcholine receptor signaling pathway","4/109","44/18842",0.0909090909090909,15.7147623019183,17.8028571428571,7.45393023785993,0.000120364475881405,0.0169874396960623,0.0137764533447418,"CHRNA3/CHRNB4/CHRM2/CHRND",4
"Drug_A_Down","GO:0016339","calcium-dependent cell-cell adhesion","4/109","45/18842",0.0888888888888889,15.3655453618756,17.3677119628339,7.35945512034288,0.000131521732561324,0.0171186815008017,0.0138828876651705,"CDH5/CDH13/CDH6/CDH10",4
"Drug_A_Down","GO:1905145","cellular response to acetylcholine","4/109","46/18842",0.0869565217391304,15.0315117670523,16.9532879818594,7.26795483238789,0.000143409159992434,0.0171186815008017,0.0138828876651705,"CHRNA3/CHRNB4/CHRM2/CHRND",4
"Drug_A_Down","GO:0051983","regulation of chromosome segregation","6/109","140/18842",0.0428571428571429,7.4083879423329,8.08534994928271,5.8053758680841,0.000163399592746005,0.0171186815008017,0.0138828876651705,"CDC27/CSNK2A1/CDK1/CSNK2A2/CDC6/CENPE",6
"Drug_A_Down","GO:0007269","neurotransmitter secretion","6/109","142/18842",0.0422535211267606,7.30404445018736,7.96559109080525,5.75180551449385,0.00017653773040704,0.0171186815008017,0.0138828876651705,"CHRNA3/CDK5/CALM3/CHRNB4/CACNA1B/CRH",6
"Drug_A_Down","GO:0099643","signal release from synapse","6/109","142/18842",0.0422535211267606,7.30404445018736,7.96559109080525,5.75180551449385,0.00017653773040704,0.0171186815008017,0.0138828876651705,"CHRNA3/CDK5/CALM3/CHRNB4/CACNA1B/CRH",6
"Drug_A_Down","GO:0006898","receptor-mediated endocytosis","8/109","271/18842",0.029520295202952,5.10294864416534,5.56262470353499,5.18948951291368,0.00017916688429336,0.0171186815008017,0.0138828876651705,"CLTB/AP1S1/CD36/SCARB2/CAV1/CD14/CBLB/CAV2",8
"Drug_A_Down","GO:1905144","response to acetylcholine","4/109","49/18842",0.0816326530612245,14.1112151282531,15.8205291005291,7.00978154455166,0.000183735332471977,0.0171186815008017,0.0138828876651705,"CHRNA3/CHRNB4/CHRM2/CHRND",4
"Drug_A_Down","GO:0043434","response to peptide hormone","10/109","427/18842",0.0234192037470726,4.04829942203983,4.4366930697866,4.86012295888641,0.00018598473052359,0.0171186815008017,0.0138828876651705,"COL1A1/CAD/CAV1/CSF2RA/MAPK14/CAV2/CRHBP/CSK/CFL1/CDC6",10
"Drug_A_Down","GO:0051928","positive regulation of calcium ion transport","5/109","93/18842",0.0537634408602151,9.29367663016672,10.1862980769231,6.11590985003077,0.000204901731803922,0.0180740402595376,0.0146576633584297,"CAV1/CCR1/CACNA1D/CACNB2/CRH",5
"Drug_A_Down","GO:0051924","regulation of calcium ion transport","7/109","211/18842",0.033175355450237,5.73477107700335,6.23332372164552,5.27574368693641,0.000226832195093471,0.0182028942713326,0.0147621612294177,"CAV1/CALM3/CCR1/CACNA1D/CACNB2/CALML3/CRH",7
"Drug_A_Down","GO:0098926","postsynaptic signal transduction","4/109","52/18842",0.0769230769230769,13.2971065631616,14.8293650793651,6.7733384269217,0.000231662745372526,0.0182028942713326,0.0147621612294177,"CHRNA3/CHRNB4/CHRM2/CHRND",4
"Drug_A_Down","GO:2000114","regulation of establishment of cell polarity","3/109","21/18842",0.142857142857143,24.694626474443,29.4261006289308,8.2870455129101,0.000232157839076986,0.0182028942713326,0.0147621612294177,"KRIT1/CDH5/CFL1",3
"Drug_A_Down","GO:0051588","regulation of neurotransmitter transport","5/109","98/18842",0.0510204081632653,8.81950945515821,9.63606286186931,5.92001717062277,0.00026169301502647,0.0194281453944758,0.0157558139066654,"CHRNA3/CDK5/CALM3/CHRNB4/CACNA1B",5
"Drug_A_Down","GO:0030834","regulation of actin filament depolymerization","4/109","54/18842",0.0740740740740741,12.8046211348964,14.2346666666667,6.62628657581577,0.000268229070350833,0.0194281453944758,0.0157558139066654,"CAPZA1/CFL2/CFL1/CAPZB",4
"Drug_A_Down","GO:0019722","calcium-mediated signaling","7/109","219/18842",0.0319634703196347,5.52528172259227,5.99551424343322,5.13812202960744,0.00028449339028283,0.0194281453944758,0.0157558139066654,"CCR5/CCR8/CALM3/CDH13/CCR1/CALML3/CCR3",7
"Drug_A_Down","GO:0034612","response to tumor necrosis factor","7/109","219/18842",0.0319634703196347,5.52528172259227,5.99551424343322,5.13812202960744,0.00028449339028283,0.0194281453944758,0.0157558139066654,"COL1A1/CASP3/CD58/MAPK14/CRHBP/CAMP/CFL1",7
"Drug_A_Down","GO:0006123","mitochondrial electron transport, cytochrome c to oxygen","3/109","23/18842",0.130434782608696,22.5472676505784,26.4806603773585,7.88713746801121,0.000306544580074095,0.0202798398755268,0.0164465200691069,"COX8A/COX7A2/COX6A2",3
"Drug_A_Down","GO:0044331","cell-cell adhesion mediated by cadherin","4/109","57/18842",0.0701754385964912,12.1306937067439,13.4267744833783,6.41971306598584,0.00033060043118829,0.021208518570473,0.0171996587964307,"CDH5/CDH13/CDH6/CDH10",4
"Drug_A_Down","GO:0032878","regulation of establishment or maintenance of cell polarity","3/109","24/18842",0.125,21.6077981651376,25.2183288409704,7.70569895618199,0.00034886544340368,0.0213828139722481,0.0173410086710274,"KRIT1/CDH5/CFL1",3
"Drug_A_Down","GO:0086065","cell communication involved in cardiac conduction","4/109","58/18842",0.0689655172413793,11.9215438152483,13.1774250440917,6.354268274606,0.000353518417113219,0.0213828139722481,0.0173410086710274,"CAV1/CALM3/CACNA1D/CACNB2",4
"Drug_A_Down","GO:0010811","positive regulation of cell-substrate adhesion","5/109","106/18842",0.0471698113207547,8.15388610005193,8.86900228484387,5.63401595134425,0.000376496706214833,0.0216020613248914,0.0175188136244924,"CD36/CDK6/CDH13/CFL1/COL16A1",5
"Drug_A_Down","GO:0030042","actin filament depolymerization","4/109","59/18842",0.0677966101694915,11.7194837505831,12.9371428571429,6.29041001408703,0.000377551378847889,0.0216020613248914,0.0175188136244924,"CAPZA1/CFL2/CFL1/CAPZB",4
"Drug_A_Down","GO:0051016","barbed-end actin filament capping","3/109","26/18842",0.115384615384615,19.9456598447424,23.0229696472518,7.37385026676897,0.0004443926657028,0.0247573492971797,0.0200776852565448,"CAPZA1/CFL1/CAPZB",3
"Drug_A_Down","GO:0070588","calcium ion transmembrane transport","8/109","314/18842",0.0254777070063694,4.40413720563314,4.76981815828642,4.64001267013695,0.000481389850476063,0.0261308285502006,0.0211915478036831,"CCR5/CAV1/CALM3/CACNA1D/CACNB2/CNGA3/CALML3/CACNA1B",8
"Drug_A_Down","GO:0035821","modulation of process of another organism","5/109","115/18842",0.0434782608695652,7.51575588352613,8.13942307692308,5.34615045718566,0.000547232954068863,0.0287226358617606,0.0232934485694908,"CCNT1/CAV2/CDK9/CAMP/CFL1",5
"Drug_A_Down","GO:0097553","calcium ion transmembrane import into cytosol","6/109","176/18842",0.0340909090909091,5.89303586321935,6.36082238720731,4.97474311078603,0.000557858593348833,0.0287226358617606,0.0232934485694908,"CCR5/CAV1/CALM3/CACNA1D/CALML3/CACNA1B",6
"Drug_A_Down","GO:0007346","regulation of mitotic cell cycle","10/109","492/18842",0.0203252032520325,3.51346311628254,3.82476214426422,4.30921924616566,0.000569839728953209,0.0287226358617606,0.0232934485694908,"CDC27/CCNE1/CDK1/CKS2/CDC25C/CHEK1/CCNH/CAV2/CDC6/CENPE",10
"Drug_A_Down","GO:0001952","regulation of cell-matrix adhesion","5/109","121/18842",0.0413223140495868,7.14307377359921,7.71593169761273,5.17101088077417,0.000689674436070221,0.033010173701375,0.0267705508325797,"CD36/CDK6/CDH13/CFL1/COL16A1",5
"Drug_A_Down","GO:0097305","response to alcohol","7/109","254/18842",0.0275590551181102,4.76392400491223,5.13622291021672,4.60683788719657,0.000690360807242356,0.033010173701375,0.0267705508325797,"CCR5/CAD/CASP3/CDK1/CALM3/CRHBP/CRH",7
"Drug_A_Down","GO:0021761","limbic system development","4/109","70/18842",0.0571428571428571,9.87785058977719,10.7746031746032,5.67627119041658,0.000724445271846136,0.033010173701375,0.0267705508325797,"CASP3/CDK6/CFL1/CRH",4
"Drug_A_Down","GO:0032272","negative regulation of protein polymerization","4/109","70/18842",0.0571428571428571,9.87785058977719,10.7746031746032,5.67627119041658,0.000724445271846136,0.033010173701375,0.0267705508325797,"CAPZA1/CDH5/CFL1/CAPZB",4
"Drug_A_Down","GO:0042391","regulation of membrane potential","9/109","419/18842",0.0214797136038186,3.71303452957019,4.02212195121951,4.28394329711583,0.00073286639771593,0.033010173701375,0.0267705508325797,"CD36/CHRNA3/CAV1/CALM3/CHRNB4/CHRND/CACNA1D/CACNB2/CRH",9
"Drug_A_Down","GO:0000079","regulation of cyclin-dependent protein serine/threonine kinase activity","3/109","31/18842",0.0967741935483871,16.7286179343001,18.9066711590296,6.68539428023629,0.000752309296802633,0.0331163847627472,0.0268566857509588,"CDC25C/CCNT1/CDC6",3
"Drug_A_Down","GO:0045216","cell-cell junction organization","6/109","187/18842",0.0320855614973262,5.54638669479468,5.97071286810063,4.76596782201257,0.000766510558986592,0.0331163847627472,0.0268566857509588,"CAV1/CDH5/CDH13/CDH6/CSK/CDH10",6
"Drug_A_Down","GO:0051592","response to calcium ion","5/109","125/18842",0.04,6.91449541284404,7.45713141025641,5.06076467139143,0.000798957990731077,0.0338278813275538,0.0274336943764713,"CAV1/CALM3/CRHBP/CALML3/ENTPD6",5
"Drug_A_Down","GO:0023061","signal release","9/109","430/18842",0.0209302325581395,3.61804992532537,3.91467933491686,4.189124097881,0.000880032874680789,0.0360306089127216,0.0292200597353002,"CHRNA3/CDK5/CALM3/CHRNB4/CRHBP/CAMP/CACNA1B/CCKAR/CRH",9
"Drug_A_Down","GO:0071260","cellular response to mechanical stimulus","4/109","74/18842",0.0540540540540541,9.34391272005951,10.1567346938776,5.48577728994405,0.000893172434457023,0.0360306089127216,0.0292200597353002,"TNFRSF8/COL1A1/CNN2/CHEK1",4
"Drug_A_Down","GO:0007271","synaptic transmission, cholinergic","3/109","33/18842",0.0909090909090909,15.7147623019183,17.6443396226415,6.45340505505319,0.000905510676314303,0.0360306089127216,0.0292200597353002,"CHRNA3/CHRNB4/CHRND",3
"Drug_A_Down","GO:0044772","mitotic cell cycle phase transition","9/109","434/18842",0.0207373271889401,3.5847038430643,3.87698823529412,4.15541025929707,0.000939175023380294,0.0360306089127216,0.0292200597353002,"CDC27/CCNE1/CDK1/CDK6/CDC25C/CHEK1/CCNH/CDC6/CENPE",9
"Drug_A_Down","GO:0071496","cellular response to external stimulus","4/109","75/18842",0.0533333333333333,9.21932721712538,10.0131455399061,5.44040250923545,0.000939329106675516,0.0360306089127216,0.0292200597353002,"TNFRSF8/COL1A1/CNN2/CHEK1",4
"Drug_A_Down","GO:0000086","G2/M transition of mitotic cell cycle","5/109","131/18842",0.0381679389312977,6.59780096645423,7.09974053724054,4.90417725068779,0.000986473034477336,0.0360306089127216,0.0292200597353002,"CDK1/CDK6/CDC25C/CHEK1/CDC6",5
"Drug_A_Down","GO:0030901","midbrain development","4/109","76/18842",0.0526315789473684,9.09802028005794,9.87354497354497,5.39586850287237,0.00098713997021155,0.0360306089127216,0.0292200597353002,"CKB/CALM3/CSNK1D/CNP",4
"Drug_A_Down","GO:0044788","host-mediated perturbation of viral process","4/109","76/18842",0.0526315789473684,9.09802028005794,9.87354497354497,5.39586850287237,0.00098713997021155,0.0360306089127216,0.0292200597353002,"CCNT1/CAV2/CDK9/CFL1",4
"Drug_A_Down","GO:0099560","synaptic membrane adhesion","3/109","35/18842",0.0857142857142857,14.8167758846658,16.5397995283019,6.24083255326846,0.00107716735235109,0.0383830728429819,0.0311278580945745,"CDH6/MAPK14/CDH10",3
"Drug_A_Down","GO:0070509","calcium ion import","4/109","78/18842",0.0512820512820513,8.86473770877441,9.60566280566281,5.30921594173286,0.00108785279668347,0.0383830728429819,0.0311278580945745,"CACNA1D/CACNB2/CACNA1B/CRH",4
"Drug_A_Down","GO:0071356","cellular response to tumor necrosis factor","6/109","202/18842",0.0297029702970297,5.13452629666636,5.50931246284922,4.50650696277699,0.00114279182633034,0.039291482699351,0.0318645592236489,"COL1A1/CD58/MAPK14/CRHBP/CAMP/CFL1",6
"Drug_A_Down","GO:0030198","extracellular matrix organization","7/109","278/18842",0.0251798561151079,4.35264999009966,4.67527675276753,4.29572421179749,0.00116869545095969,0.039291482699351,0.0318645592236489,"COL1A1/COL10A1/DDR1/COL5A1/COL11A2/COL16A1/COL15A1",7
"Drug_A_Down","GO:0014075","response to amine","3/109","36/18842",0.0833333333333333,14.4051987767584,16.0377358490566,6.14098236071956,0.0011701717032905,0.039291482699351,0.0318645592236489,"CAD/CDK1/CALM3",3
"Drug_A_Down","GO:0043062","extracellular structure organization","7/109","279/18842",0.025089605734767,4.3370490940778,4.65783592848904,4.28353354682536,0.00119315307981012,0.039291482699351,0.0318645592236489,"COL1A1/COL10A1/DDR1/COL5A1/COL11A2/COL16A1/COL15A1",7
"Drug_A_Down","GO:0045229","external encapsulating structure organization","7/109","280/18842",0.025,4.32155963302752,4.64052287581699,4.27139999265293,0.00121801089552728,0.039291482699351,0.0318645592236489,"COL1A1/COL10A1/DDR1/COL5A1/COL11A2/COL16A1/COL15A1",7
"Drug_A_Down","GO:0006836","neurotransmitter transport","6/109","206/18842",0.029126213592233,5.03482675692527,5.39796116504854,4.44164361127491,0.00126368835901615,0.039291482699351,0.0318645592236489,"CHRNA3/CDK5/CALM3/CHRNB4/CACNA1B/CRH",6
"Drug_A_Down","GO:0019058","viral life cycle","7/109","284/18842",0.0246478873239437,4.26069259594263,4.57252070503292,4.22342707142168,0.00132153554406644,0.039291482699351,0.0318645592236489,"CCR5/SCARB2/CD80/CDK1/CAV1/CR2/CAV2",7
"Drug_A_Down","GO:0007565","female pregnancy","5/109","140/18842",0.0357142857142857,6.17365661861075,6.62321937321937,4.68682944193021,0.00132663321511565,0.039291482699351,0.0318645592236489,"CAD/DDR1/CRHBP/COL16A1/CRH",5
"Drug_A_Down","GO:0009410","response to xenobiotic stimulus","8/109","368/18842",0.0217391304347826,3.75787794176306,4.04246424642464,4.07549193582482,0.00134401432969822,0.039291482699351,0.0318645592236489,"COL1A1/CAD/CASP3/CDH13/CBR1/CRHBP/ABCC2/CRH",8
"Drug_A_Down","GO:0042542","response to hydrogen peroxide","4/109","83/18842",0.0481927710843374,8.33071736487233,8.99529837251356,5.10554651574673,0.00137083104240173,0.039291482699351,0.0318645592236489,"COL1A1/CASP3/CDK1/CFL1",4
"Drug_A_Down","GO:0071222","cellular response to lipopolysaccharide","6/109","210/18842",0.0285714285714286,4.9389252948886,5.29097658480868,4.37843806623465,0.00139414559363617,0.039291482699351,0.0318645592236489,"CCR5/CD36/CD80/CD14/MAPK14/CAMP",6
"Drug_A_Down","GO:0007043","cell-cell junction assembly","5/109","142/18842",0.0352112676056338,6.08670370848947,6.52582818641213,4.64110471813321,0.00141268774898222,0.039291482699351,0.0318645592236489,"CAV1/CDH5/CDH13/CDH6/CDH10",5
"Drug_A_Down","GO:0002713","negative regulation of B cell mediated immunity","2/109","10/18842",0.2,34.5724770642202,43.75,8.10021824442313,0.00144767862567283,0.039291482699351,0.0318645592236489,"CR2/CR1L",2
"Drug_A_Down","GO:0002890","negative regulation of immunoglobulin mediated immune response","2/109","10/18842",0.2,34.5724770642202,43.75,8.10021824442313,0.00144767862567283,0.039291482699351,0.0318645592236489,"CR2/CR1L",2
"Drug_A_Down","GO:0002923","regulation of humoral immune response mediated by circulating immunoglobulin","2/109","10/18842",0.2,34.5724770642202,43.75,8.10021824442313,0.00144767862567283,0.039291482699351,0.0318645592236489,"CR2/CR1L",2
"Drug_A_Down","GO:0070339","response to bacterial lipopeptide","2/109","10/18842",0.2,34.5724770642202,43.75,8.10021824442313,0.00144767862567283,0.039291482699351,0.0318645592236489,"CD36/CD14",2
"Drug_A_Down","GO:0071220","cellular response to bacterial lipoprotein","2/109","10/18842",0.2,34.5724770642202,43.75,8.10021824442313,0.00144767862567283,0.039291482699351,0.0318645592236489,"CD36/CD14",2
"Drug_A_Down","GO:0071221","cellular response to bacterial lipopeptide","2/109","10/18842",0.2,34.5724770642202,43.75,8.10021824442313,0.00144767862567283,0.039291482699351,0.0318645592236489,"CD36/CD14",2
"Drug_A_Down","GO:0044839","cell cycle G2/M phase transition","5/109","146/18842",0.0342465753424658,5.91994470277743,6.33933442444081,4.55222644082987,0.00159706210505224,0.0427972212201974,0.0347076388186569,"CDK1/CDK6/CDC25C/CHEK1/CDC6",5
"Drug_A_Down","GO:0086001","cardiac muscle cell action potential","4/109","87/18842",0.0459770114942529,7.94769587683223,8.55995410212278,4.95454125466396,0.00163141374424052,0.0431712862069648,0.0350109975902143,"CAV1/CALM3/CACNA1D/CACNB2",4
"Drug_A_Down","GO:1901879","regulation of protein depolymerization","4/109","88/18842",0.0454545454545455,7.85738115095913,8.45759637188209,4.91829106523965,0.00170157497308362,0.0433913374781497,0.0351894545045681,"CAPZA1/CFL2/CFL1/CAPZB",4
"Drug_A_Down","GO:0014808","release of sequestered calcium ion into cytosol by sarcoplasmic reticulum","3/109","41/18842",0.0731707317073171,12.6484672186171,13.9237835153923,5.69549916680128,0.00171082172539079,0.0433913374781497,0.0351894545045681,"CCR5/CALM3/CALML3",3
"Drug_A_Down","GO:0031295","T cell costimulation","3/109","41/18842",0.0731707317073171,12.6484672186171,13.9237835153923,5.69549916680128,0.00171082172539079,0.0433913374781497,0.0351894545045681,"CD80/CAV1/CSK",3
"Drug_A_Down","GO:0019065","receptor-mediated endocytosis of virus by host cell","2/109","11/18842",0.181818181818182,31.4295246038365,38.8868120456905,7.70045479269362,0.00176270903312276,0.0433913374781497,0.0351894545045681,"CAV1/CAV2",2
"Drug_A_Down","GO:0032493","response to bacterial lipoprotein","2/109","11/18842",0.181818181818182,31.4295246038365,38.8868120456905,7.70045479269362,0.00176270903312276,0.0433913374781497,0.0351894545045681,"CD36/CD14",2
"Drug_A_Down","GO:1901844","regulation of cell communication by electrical coupling involved in cardiac conduction","2/109","11/18842",0.181818181818182,31.4295246038365,38.8868120456905,7.70045479269362,0.00176270903312276,0.0433913374781497,0.0351894545045681,"CAV1/CALM3",2
"Drug_A_Down","GO:0031294","lymphocyte costimulation","3/109","42/18842",0.0714285714285714,12.3473132372215,13.5660377358491,5.61565373794119,0.00183472113517286,0.0434935204567418,0.0352723227332352,"CD80/CAV1/CSK",3
"Drug_A_Down","GO:0051693","actin filament capping","3/109","42/18842",0.0714285714285714,12.3473132372215,13.5660377358491,5.61565373794119,0.00183472113517286,0.0434935204567418,0.0352723227332352,"CAPZA1/CFL1/CAPZB",3
"Drug_A_Down","GO:0086091","regulation of heart rate by cardiac conduction","3/109","42/18842",0.0714285714285714,12.3473132372215,13.5660377358491,5.61565373794119,0.00183472113517286,0.0434935204567418,0.0352723227332352,"CAV1/CACNA1D/CACNB2",3
"Drug_A_Down","GO:0034762","regulation of transmembrane transport","8/109","388/18842",0.0206185567010309,3.56417289321858,3.8255341323606,3.89295574452886,0.00187443061348604,0.0434935204567418,0.0352723227332352,"CAV1/CALM3/CACNA1D/CREBL2/CACNB2/CRHBP/CALML3/CRH",8
"Drug_A_Down","GO:0032496","response to lipopolysaccharide","7/109","302/18842",0.0231788079470199,4.00674403062154,4.28933200398804,4.01796936543266,0.00187560736311746,0.0434935204567418,0.0352723227332352,"CCR5/CD36/CASP3/CD80/CD14/MAPK14/CAMP",7
"Drug_A_Down","GO:0071219","cellular response to molecule of bacterial origin","6/109","223/18842",0.0269058295964126,4.65100588307895,4.97051586058789,4.18358257551082,0.00189012937270678,0.0434935204567418,0.0352723227332352,"CCR5/CD36/CD80/CD14/MAPK14/CAMP",6
"Drug_A_Down","GO:1901992","positive regulation of mitotic cell cycle phase transition","4/109","91/18842",0.043956043956044,7.59834660752092,8.16464148877942,4.81288141848842,0.00192460233833945,0.0438105715082217,0.0355294444123559,"CCNE1/CDK1/CDC25C/CDC6",4
"Drug_A_Down","GO:1903514","release of sequestered calcium ion into cytosol by endoplasmic reticulum","3/109","43/18842",0.0697674418604651,12.0601664177512,13.226179245283,5.53847338054826,0.00196408200457656,0.0441514558087838,0.035805894351056,"CCR5/CALM3/CALML3",3
"Drug_A_Down","GO:0007519","skeletal muscle tissue development","4/109","92/18842",0.0434782608695652,7.51575588352613,8.07142857142857,4.7788086341727,0.00200323088211096,0.0441514558087838,0.035805894351056,"CAV1/CHRND/CAV2/CFL2",4
"Drug_A_Down","GO:0044703","multi-organism reproductive process","5/109","155/18842",0.032258064516129,5.57620597810003,5.95608974358974,4.36378331668454,0.00207591781386936,0.0441514558087838,0.035805894351056,"CAD/DDR1/CRHBP/COL16A1/CRH",5
"Drug_A_Down","GO:0002920","regulation of humoral immune response","3/109","44/18842",0.0681818181818182,11.7860717264387,12.9028992176714,5.46380733441725,0.00209898816521279,0.0441514558087838,0.035805894351056,"CR2/CR1L/CAMP",3
"Drug_A_Down","GO:0021762","substantia nigra development","3/109","44/18842",0.0681818181818182,11.7860717264387,12.9028992176714,5.46380733441725,0.00209898816521279,0.0441514558087838,0.035805894351056,"CKB/CALM3/CNP",3
"Drug_A_Down","GO:0030836","positive regulation of actin filament depolymerization","2/109","12/18842",0.166666666666667,28.8103975535168,34.996261682243,7.35079341177505,0.00210727343671267,0.0441514558087838,0.035805894351056,"CFL2/CFL1",2
"Drug_A_Down","GO:0071493","cellular response to UV-B","2/109","12/18842",0.166666666666667,28.8103975535168,34.996261682243,7.35079341177505,0.00210727343671267,0.0441514558087838,0.035805894351056,"CRIP1/MAPK14",2
"Drug_A_Down","GO:0007160","cell-matrix adhesion","6/109","229/18842",0.0262008733624454,4.52914546692841,4.83521267795725,4.09864844963054,0.00215965291831213,0.0441514558087838,0.035805894351056,"CD36/CDK6/DDR1/CDH13/CFL1/COL16A1",6
"Drug_A_Down","GO:0034329","cell junction assembly","9/109","490/18842",0.0183673469387755,3.17502340385696,3.41513513513514,3.72118988153248,0.00216466421399607,0.0441514558087838,0.035805894351056,"CAPZA1/CDK5/CAV1/CDH5/CDH13/CDH6/CFL1/COL16A1/CDH10",9
"Drug_A_Down","GO:0071214","cellular response to abiotic stimulus","7/109","311/18842",0.022508038585209,3.89079323873861,4.16031346749226,3.92111296232409,0.00221292276813272,0.0441514558087838,0.035805894351056,"TNFRSF8/COL1A1/CASP3/CRIP1/CNN2/CHEK1/MAPK14",7
"Drug_A_Down","GO:0104004","cellular response to environmental stimulus","7/109","311/18842",0.022508038585209,3.89079323873861,4.16031346749226,3.92111296232409,0.00221292276813272,0.0441514558087838,0.035805894351056,"TNFRSF8/COL1A1/CASP3/CRIP1/CNN2/CHEK1/MAPK14",7
"Drug_A_Down","GO:0071354","cellular response to interleukin-6","3/109","45/18842",0.0666666666666667,11.5241590214067,12.5950134770889,5.39151657986773,0.00223952148183075,0.0441514558087838,0.035805894351056,"CAMP/CFL1/CEBPA",3
"Drug_A_Down","GO:0071364","cellular response to epidermal growth factor stimulus","3/109","45/18842",0.0666666666666667,11.5241590214067,12.5950134770889,5.39151657986773,0.00223952148183075,0.0441514558087838,0.035805894351056,"COL1A1/CAD/CFL1",3
"Drug_A_Down","GO:0061337","cardiac conduction","4/109","95/18842",0.0421052631578947,7.27841622404635,7.80408163265306,4.67958751664158,0.00225241248339568,0.0441514558087838,0.035805894351056,"CAV1/CALM3/CACNA1D/CACNB2",4
"Drug_A_Down","GO:0070098","chemokine-mediated signaling pathway","4/109","95/18842",0.0421052631578947,7.27841622404635,7.80408163265306,4.67958751664158,0.00225241248339568,0.0441514558087838,0.035805894351056,"CCR5/CCR8/CCR1/CCR3",4
"Drug_A_Down","GO:0044706","multi-multicellular organism process","5/109","159/18842",0.0314465408805031,5.43592406670129,5.80013736263736,4.28470489655437,0.00231934130082072,0.0445112870629981,0.0360977098673644,"CAD/DDR1/CRHBP/COL16A1/CRH",5
"Drug_A_Down","GO:0042773","ATP synthesis coupled electron transport","4/109","96/18842",0.0416666666666667,7.20259938837921,7.71884057971014,4.64747004634651,0.00234000851090141,0.0445112870629981,0.0360977098673644,"COX8A/COX7A2/CDK1/COX6A2",4
"Drug_A_Down","GO:0042775","mitochondrial ATP synthesis coupled electron transport","4/109","96/18842",0.0416666666666667,7.20259938837921,7.71884057971014,4.64747004634651,0.00234000851090141,0.0445112870629981,0.0360977098673644,"COX8A/COX7A2/CDK1/COX6A2",4
"Drug_A_Down","GO:0030835","negative regulation of actin filament depolymerization","3/109","46/18842",0.0652173913043478,11.2736338252892,12.3014480035103,5.32147268564637,0.00238576187637761,0.0445112870629981,0.0360977098673644,"CAPZA1/CFL1/CAPZB",3
"Drug_A_Down","GO:0010389","regulation of G2/M transition of mitotic cell cycle","4/109","97/18842",0.0412371134020619,7.12834578643715,7.63543266769073,4.61581042763899,0.00242992374711438,0.0445112870629981,0.0360977098673644,"CDK1/CDC25C/CHEK1/CDC6",4
"Drug_A_Down","GO:0001508","action potential","5/109","161/18842",0.031055900621118,5.36839705966152,5.72516025641026,4.24616182116824,0.00244855535897942,0.0445112870629981,0.0360977098673644,"CD36/CAV1/CALM3/CACNA1D/CACNB2",5
"Drug_A_Down","GO:2000058","regulation of ubiquitin-dependent protein catabolic process","5/109","161/18842",0.031055900621118,5.36839705966152,5.72516025641026,4.24616182116824,0.00244855535897942,0.0445112870629981,0.0360977098673644,"CSNK2A1/CDK1/CSNK2A2/CSNK1D/CEBPA",5
"Drug_A_Down","GO:0001765","membrane raft assembly","2/109","13/18842",0.153846153846154,26.5942131263232,31.8130841121495,7.04143845424278,0.00248102592037496,0.0445112870629981,0.0360977098673644,"CAV1/CAV2",2
"Drug_A_Down","GO:0044857","plasma membrane raft organization","2/109","13/18842",0.153846153846154,26.5942131263232,31.8130841121495,7.04143845424278,0.00248102592037496,0.0445112870629981,0.0360977098673644,"CAV1/CAV2",2
"Drug_A_Down","GO:0075509","endocytosis involved in viral entry into host cell","2/109","13/18842",0.153846153846154,26.5942131263232,31.8130841121495,7.04143845424278,0.00248102592037496,0.0445112870629981,0.0360977098673644,"CAV1/CAV2",2
"Drug_A_Down","GO:0048732","gland development","6/109","236/18842",0.0254237288135593,4.39480640646867,4.68628113127902,4.00318871233079,0.00250972875547256,0.0446239937526484,0.0361891126025257,"CAD/CRIP1/CAV1/DDR1/CSNK2A2/CEBPA",6
"Drug_A_Down","GO:0070296","sarcoplasmic reticulum calcium ion transport","3/109","47/18842",0.0638297872340425,11.033769275815,12.0212264150943,5.25355679217512,0.00253778735182659,0.0446239937526484,0.0361891126025257,"CCR5/CALM3/CALML3",3
"Drug_A_Down","GO:0002237","response to molecule of bacterial origin","7/109","319/18842",0.0219435736677116,3.79321848666993,4.05187908496732,3.83801036335068,0.00255054475393031,0.0446239937526484,0.0361891126025257,"CCR5/CD36/CASP3/CD80/CD14/MAPK14/CAMP",7
"Drug_A_Down","GO:2000300","regulation of synaptic vesicle exocytosis","3/109","48/18842",0.0625,10.8038990825688,11.7534591194969,5.18765871173856,0.00269567401577539,0.0467765728802992,0.0379348086257952,"CDK5/CALM3/CACNA1B",3
"Drug_A_Down","GO:0071375","cellular response to peptide hormone stimulus","7/109","325/18842",0.0215384615384615,3.72318983768525,3.97413367862868,3.77742492912619,0.00282880707190276,0.0471550231447234,0.0382417237645346,"CAV1/CSF2RA/CAV2/CRHBP/CSK/CFL1/CDC6",7
"Drug_A_Down","GO:0099003","vesicle-mediated transport in synapse","6/109","242/18842",0.0247933884297521,4.28584426415953,4.56565739674181,3.92427780272779,0.00284240020586443,0.0471550231447234,0.0382417237645346,"CLTB/CASP3/CDK5/CALM3/CBLB/CACNA1B",6
"Drug_A_Down","GO:0070741","response to interleukin-6","3/109","49/18842",0.0612244897959184,10.5834113461899,11.4973338802297,5.12367613003379,0.00285949610381692,0.0471550231447234,0.0382417237645346,"CAMP/CFL1/CEBPA",3
"Drug_A_Down","GO:0070849","response to epidermal growth factor","3/109","49/18842",0.0612244897959184,10.5834113461899,11.4973338802297,5.12367613003379,0.00285949610381692,0.0471550231447234,0.0382417237645346,"COL1A1/CAD/CFL1",3
"Drug_A_Down","GO:0032725","positive regulation of granulocyte macrophage colony-stimulating factor production","2/109","14/18842",0.142857142857143,24.694626474443,29.1604361370717,6.76508639193529,0.00288362351800197,0.0471550231447234,0.0382417237645346,"CD80/CAMP",2
"Drug_A_Down","GO:0045916","negative regulation of complement activation","2/109","14/18842",0.142857142857143,24.694626474443,29.1604361370717,6.76508639193529,0.00288362351800197,0.0471550231447234,0.0382417237645346,"CR2/CR1L",2
"Drug_A_Down","GO:0048791","calcium ion-regulated exocytosis of neurotransmitter","2/109","14/18842",0.142857142857143,24.694626474443,29.1604361370717,6.76508639193529,0.00288362351800197,0.0471550231447234,0.0382417237645346,"CDK5/CACNA1B",2
"Drug_A_Down","GO:0002027","regulation of heart rate","4/109","102/18842",0.0392156862745098,6.77891707141572,7.24392614188533,4.46399101814647,0.00291535766077811,0.0471550231447234,0.0382417237645346,"CAV1/CALM3/CACNA1D/CACNB2",4
"Drug_A_Down","GO:0001936","regulation of endothelial cell proliferation","5/109","169/18842",0.029585798816568,5.11427175506216,5.44353893058161,4.09817816553886,0.00301818944015522,0.0471550231447234,0.0382417237645346,"KRIT1/CAV1/CDH13/CAV2/CCR3",5
"Drug_A_Down","GO:0060538","skeletal muscle organ development","4/109","103/18842",0.0388349514563107,6.71310234256703,7.17037037037037,4.43485033302923,0.00301982799032951,0.0471550231447234,0.0382417237645346,"CAV1/CHRND/CAV2/CFL2",4
"Drug_A_Down","GO:1990868","response to chemokine","4/109","103/18842",0.0388349514563107,6.71310234256703,7.17037037037037,4.43485033302923,0.00301982799032951,0.0471550231447234,0.0382417237645346,"CCR5/CCR8/CCR1/CCR3",4
"Drug_A_Down","GO:1990869","cellular response to chemokine","4/109","103/18842",0.0388349514563107,6.71310234256703,7.17037037037037,4.43485033302923,0.00301982799032951,0.0471550231447234,0.0382417237645346,"CCR5/CCR8/CCR1/CCR3",4
"Drug_A_Down","GO:0071216","cellular response to biotic stimulus","6/109","245/18842",0.0244897959183673,4.23336453847594,4.50761668765487,3.88577656540619,0.00302063327456187,0.0471550231447234,0.0382417237645346,"CCR5/CD36/CD80/CD14/MAPK14/CAMP",6
"Drug_A_Down","GO:0021766","hippocampus development","3/109","50/18842",0.06,10.3717431192661,11.2521075873143,5.06151389585284,0.00302932600268417,0.0471550231447234,0.0382417237645346,"CASP3/CDK6/CFL1",3
"Drug_A_Down","GO:0010959","regulation of metal ion transport","7/109","332/18842",0.0210843373493976,3.64468884713165,3.88705882352941,3.70853151036058,0.0031823095443658,0.0491748124483387,0.039879730056555,"CAV1/CALM3/CCR1/CACNA1D/CACNB2/CALML3/CRH",7
"Drug_A_Down","GO:0006937","regulation of muscle contraction","5/109","172/18842",0.0290697674418605,5.02506934072968,5.34488714877936,4.04507881712383,0.00325463377847689,0.0494174320225438,0.0400764893860572,"CHRNA3/CAV1/CALM3/CHRM2/CACNB2",5
"Drug_A_Down","GO:0005513","detection of calcium ion","2/109","15/18842",0.133333333333333,23.0483180428135,26.9158878504673,6.51616526230789,0.0033147261914035,0.0494174320225438,0.0400764893860572,"CALM3/CALML3",2
"Drug_A_Down","GO:0034145","positive regulation of toll-like receptor 4 signaling pathway","2/109","15/18842",0.133333333333333,23.0483180428135,26.9158878504673,6.51616526230789,0.0033147261914035,0.0494174320225438,0.0400764893860572,"CD36/CD14",2
"Drug_A_Down","GO:0051412","response to corticosterone","2/109","15/18842",0.133333333333333,23.0483180428135,26.9158878504673,6.51616526230789,0.0033147261914035,0.0494174320225438,0.0400764893860572,"CALM3/CRH",2
"Drug_A_Down","GO:0060143","positive regulation of syncytium formation by plasma membrane fusion","2/109","15/18842",0.133333333333333,23.0483180428135,26.9158878504673,6.51616526230789,0.0033147261914035,0.0494174320225438,0.0400764893860572,"CD53/MAPK14",2
"Drug_A_Down","GO:0006940","regulation of smooth muscle contraction","3/109","52/18842",0.0576923076923077,9.97282992237121,10.7916827108202,4.94230194715041,0.00338728967283238,0.0499247529747764,0.0404879159196779,"CHRNA3/CAV1/CHRM2",3
"Drug_A_Down","GO:0002429","immune response-activating cell surface receptor signaling pathway","7/109","336/18842",0.0208333333333333,3.6012996941896,3.8389653733834,3.66999359968029,0.00339895622148704,0.0499247529747764,0.0404879159196779,"CD36/CD80/CR2/CD14/CBLB/CD3G/CSK",7
"Drug_A_Down","GO:0043270","positive regulation of monoatomic ion transport","5/109","174/18842",0.028735632183908,4.96730992302014,5.2810650887574,4.01036049734363,0.00341950362840934,0.0499247529747764,0.0404879159196779,"CAV1/CCR1/CACNA1D/CACNB2/CRH",5
"Drug_B_Up","GO:0097191","extrinsic apoptotic signaling pathway","15/159","186/18842",0.0806451612903226,9.55670521403936,11.2768031189084,10.8188476722793,5.49006710898123e-11,6.33893967355536e-08,4.47420706187105e-08,"CASP7/APP/AGTR2/BID/BCL2L1/AGT/AR/BOK/CAV1/AKT1/CASP8/FAS/BIRC2/BAK1/BRCA1",15
"Drug_B_Up","GO:0097193","intrinsic apoptotic signaling pathway","18/159","294/18842",0.0612244897959184,7.25529457065845,8.51387604070305,9.97240981984706,6.00427829361064e-11,6.33893967355536e-08,4.47420706187105e-08,"CA3/CASP7/APP/ATM/BID/BCL2L1/PARP1/BOK/ATP2A1/CAV1/AKT1/APAF1/CASP3/BIRC2/ATP2A3/BAK1/BRCA1/BCL3",18
"Drug_B_Up","GO:1903522","regulation of blood circulation","17/159","257/18842",0.066147859922179,7.83872941291633,9.19985328638498,10.1832857231567,6.30949536186665e-11,6.33893967355536e-08,4.47420706187105e-08,"ATP2A2/ATP2B3/ATP1B2/AVPR1B/APP/AGTR2/CACNA1D/CAMK2D/ADRA1D/AGT/BDKRB2/ATP2A1/CAV1/CALM2/ADRB3/ADRA1B/ATP2A3",17
"Drug_B_Up","GO:0008015","blood circulation","22/159","480/18842",0.0458333333333333,5.43139412997904,6.39004876804896,9.07252628841314,1.10826429716342e-10,8.3507714791264e-08,5.8942161699139e-08,"ATP2A2/ATP2B3/BDKRB1/APOE/ATP1B2/AVPR1B/APP/AGTR2/CACNA1D/CAMK2D/ADRA1D/ANGPT1/AGT/BDKRB2/ATP2A1/CAV1/CALM2/ANPEP/ADRB3/ADRA1B/ATP2A3/BCR",22
"Drug_B_Up","GO:0050801","monoatomic ion homeostasis","21/159","478/18842",0.0439330543933054,5.20620509986579,6.06897535914756,8.59306272465989,6.56879746656536e-10,3.9596711128456e-07,2.79485045893234e-07,"ATP2A2/ALPL/ATP2B3/ATP1B2/CA12/APP/ATOX1/CAMK2D/CALR/AGT/BOK/ATP2A1/ATP7B/CAV1/CA2/ATP7A/ATP4A/ATP2A3/BAK1/ATP6V0C/ATP6V0B",21
"Drug_B_Up","GO:0055080","monoatomic cation homeostasis","20/159","466/18842",0.0429184549356223,5.08597187356601,5.88347259412201,8.23929533080597,2.58808030915905e-09,1.30007900863423e-06,9.17633386808848e-07,"ATP2A2/ALPL/ATP2B3/ATP1B2/APP/ATOX1/CAMK2D/CALR/AGT/BOK/ATP2A1/ATP7B/CAV1/CA2/ATP7A/ATP4A/ATP2A3/BAK1/ATP6V0C/ATP6V0B",20
"Drug_B_Up","GO:0061337","cardiac conduction","10/159","95/18842",0.105263157894737,12.4740152267461,14.6845637583893,10.3428104338804,7.52503319738756e-09,2.68654397799707e-06,1.89624048459194e-06,"ATP2A2/ATP2B3/ATP1B2/CACNA1D/CAMK2D/AGT/ATP2A1/CAV1/CALM2/ATP2A3",10
"Drug_B_Up","GO:0010038","response to metal ion","16/159","308/18842",0.051948051948052,6.15600751449808,7.0470351566242,8.41650044236631,7.85735825031529e-09,2.68654397799707e-06,1.89624048459194e-06,"ALAD/ATP5F1D/APP/AQP2/CAMK2D/CALR/PARP1/ATP7B/CAV1/ALOX15/CALM2/CASP3/CASP8/ATP7A/AMELX/CALML3",16
"Drug_B_Up","GO:0009168","purine ribonucleoside monophosphate biosynthetic process","6/159","19/18842",0.315789473684211,37.4220456802383,56.3197586726998,14.6529120918007,8.13906674322737e-09,2.68654397799707e-06,1.89624048459194e-06,"AMPD1/ATIC/AMPD3/APRT/NUDT2/ADK",6
"Drug_B_Up","GO:0098771","inorganic ion homeostasis","18/159","402/18842",0.0447761194029851,5.30611095466066,6.08344414893617,8.05091078752942,8.91355002653310e-09,2.68654397799707e-06,1.89624048459194e-06,"ATP2A2/ALPL/ATP2B3/ATP1B2/CA12/APP/ATOX1/CAMK2D/CALR/AGT/BOK/ATP2A1/ATP7B/CAV1/ATP7A/ATP4A/ATP2A3/BAK1",18
"Drug_B_Up","GO:2001233","regulation of apoptotic signaling pathway","16/159","317/18842",0.0504731861198738,5.98123127591612,6.83298097251586,8.25114955807475,1.18074831060345e-08,3.03645722377053e-06,2.14321937947132e-06,"CA3/APP/AGTR2/BID/BCL2L1/PARP1/AGT/AR/BOK/CAV1/AKT1/BDNF/FAS/BAK1/BRCA1/SLC25A5",16
"Drug_B_Up","GO:0030003","intracellular monoatomic cation homeostasis","18/159","410/18842",0.0439024390243902,5.2025770823746,5.95668693009119,7.93685809304787,1.20894116407586e-08,3.03645722377053e-06,2.14321937947132e-06,"ATP2A2/ATP2B3/ATP1B2/APP/ATOX1/CAMK2D/CALR/BOK/ATP2A1/ATP7B/CAV1/CA2/ATP7A/ATP4A/ATP2A3/BAK1/ATP6V0C/ATP6V0B",18
"Drug_B_Up","GO:0009127","purine nucleoside monophosphate biosynthetic process","6/159","21/18842",0.285714285714286,33.8580413297394,48.8052287581699,13.8981566237774,1.60525614629998e-08,3.50480910100991e-06,2.47379568789195e-06,"AMPD1/ATIC/AMPD3/APRT/NUDT2/ADK",6
"Drug_B_Up","GO:0006873","intracellular monoatomic ion homeostasis","18/159","418/18842",0.0430622009569378,5.10300622912341,5.835,7.8257430601213,1.62798033888981e-08,3.50480910100991e-06,2.47379568789195e-06,"ATP2A2/ATP2B3/ATP1B2/APP/ATOX1/CAMK2D/CALR/BOK/ATP2A1/ATP7B/CAV1/CA2/ATP7A/ATP4A/ATP2A3/BAK1/ATP6V0C/ATP6V0B",18
"Drug_B_Up","GO:0008016","regulation of heart contraction","13/159","208/18842",0.0625,7.4064465408805,8.44200913242009,8.57083350024052,2.43339516067608e-08,4.88950200951846e-06,3.45115201384305e-06,"ATP2A2/ATP2B3/ATP1B2/AGTR2/CACNA1D/CAMK2D/AGT/ATP2A1/CAV1/CALM2/ADRB3/ADRA1B/ATP2A3",13
"Drug_B_Up","GO:0043065","positive regulation of apoptotic process","19/159","484/18842",0.0392561983471074,4.65198295129685,5.31708141321045,7.50872103286014,2.79292116657323e-08,5.22109107221028e-06,3.68519717002654e-06,"CASP7/APP/AGTR2/ATM/BID/BCL2L1/CAMK2D/AGT/BOK/CAPN2/CAV1/APC/BCL6/APAF1/CASP3/CASP8/FAS/BAK1/BTG1",19
"Drug_B_Up","GO:0046033","AMP metabolic process","6/159","23/18842",0.260869565217391,30.9138638228056,43.0588235294118,13.242359969273,2.94487552181735e-08,5.22109107221028e-06,3.68519717002654e-06,"AMPD1/ATIC/AMPD3/APRT/NUDT2/ADK",6
"Drug_B_Up","GO:0097305","response to alcohol","14/159","254/18842",0.0551181102362205,6.53166939038281,7.41959770114943,8.18811573014792,3.3850510056321e-08,5.66807985054175e-06,4.00069478501899e-06,"BLM/ALAD/CA3/APP/PARP1/DAGLA/ADH7/AKT1/CASP3/CASP8/BIRC2/HCN2/BAK1/BRCA1",14
"Drug_B_Up","GO:0000302","response to reactive oxygen species","12/159","179/18842",0.0670391061452514,7.94434489301149,9.05095930587804,8.61180722462975,3.95839177053386e-08,6.17111242679033e-06,4.35574973441248e-06,"AREG/APOE/CA3/ATM/CAPN2/AKT1/CASP3/ATP7A/AMBP/APOA4/BAK1/BTK",12
"Drug_B_Up","GO:0062197","cellular response to chemical stress","15/159","301/18842",0.0498338870431894,5.90547232495455,6.70053904428904,7.91452273182557,4.09496511399491e-08,6.17111242679033e-06,4.35574973441248e-06,"CA3/ATM/AKR1B1/PARP1/NUDT2/CAV1/AKT1/CASP3/AQP5/ATP7A/FAS/AMBP/APOA4/BTK/FXYD2",15
"Drug_B_Up","GO:0006979","response to oxidative stress","17/159","400/18842",0.0425,5.03638364779874,5.72022211598573,7.52741144373937,5.05621085210645e-08,7.25686643249945e-06,5.12210633188328e-06,"AREG/ALAD/APOE/CA3/ATOX1/ATM/PARP1/CAPN2/NUDT2/AKT1/CASP3/ATP7A/AMBP/APOA4/BAK1/BTK/BTG1",17
"Drug_B_Up","GO:0060047","heart contraction","13/159","236/18842",0.0550847457627119,6.52771559535231,7.37084587505375,7.88319761283579,1.07474694603149e-07,1.47240331606315e-05,1.0392648698228e-05,"ATP2A2/ATP2B3/ATP1B2/AGTR2/CACNA1D/CAMK2D/AGT/ATP2A1/CAV1/CALM2/ADRB3/ADRA1B/ATP2A3",13
"Drug_B_Up","GO:0045471","response to ethanol","10/159","130/18842",0.0769230769230769,9.11562651185293,10.3819910514541,8.56566043832596,1.54155416710592e-07,1.98689816899296e-05,1.40241022580057e-05,"ALAD/CA3/APP/PARP1/DAGLA/ADH7/CASP3/CASP8/BIRC2/BAK1",10
"Drug_B_Up","GO:0003015","heart process","13/159","244/18842",0.0532786885245902,6.31369213320961,7.11249481112495,7.70700090536048,1.58213523741974e-07,1.98689816899296e-05,1.40241022580057e-05,"ATP2A2/ATP2B3/ATP1B2/AGTR2/CACNA1D/CAMK2D/AGT/ATP2A1/CAV1/CALM2/ADRB3/ADRA1B/ATP2A3",13
"Drug_B_Up","GO:0003018","vascular process in circulatory system","13/159","255/18842",0.0509803921568627,6.04133678628684,6.78515226989698,7.47718941025223,2.62913046858841e-07,3.16967969293018e-05,2.23725165348091e-05,"APOE/ATP1B2/AVPR1B/AGTR2/ADRA1D/ANGPT1/AGT/BDKRB2/CAV1/ADRB3/ADRA1B/ATP2A3/BCR",13
"Drug_B_Up","GO:0009156","ribonucleoside monophosphate biosynthetic process","6/159","35/18842",0.171428571428571,20.3148247978437,25.2251521298174,10.5509669588346,4.35519279643122e-07,5.04867349555527e-05,3.56349985489372e-05,"AMPD1/ATIC/AMPD3/APRT/NUDT2/ADK",6
"Drug_B_Up","GO:0034976","response to endoplasmic reticulum stress","13/159","269/18842",0.0483271375464684,5.72691777138715,6.40921982020548,7.20344738113876,4.83833476091707e-07,5.40101517385335e-05,3.81219280772452e-05,"ATP2A2/APP/BCL2L1/CALR/BOK/ATP2A1/CANX/CAV1/AKT1/ALOX15/APAF1/ATP2A3/BAK1",13
"Drug_B_Up","GO:0010613","positive regulation of cardiac muscle hypertrophy","6/159","36/18842",0.166666666666667,19.7505241090147,24.3830065359477,10.3882806983016,5.18995297623027e-07,5.58661366798502e-05,3.94319359585015e-05,"CAMK2D/ARRB2/ARRB1/PARP1/AGT/ADRA1B",6
"Drug_B_Up","GO:0090066","regulation of anatomical structure size","16/159","423/18842",0.0378250591016548,4.48238845027283,5.02424356969812,6.68254056224651,6.11392492846733e-07,6.18017199198373e-05,4.36214423769746e-05,"APOE/CAPZA2/CAPZB/AVPR1B/RHOA/AGTR2/ADRA1D/AGT/BDKRB2/CAPG/CAV1/ALOX15/BDNF/ADRB3/ADRA1B/AQP4",16
"Drug_B_Up","GO:0014742","positive regulation of muscle hypertrophy","6/159","37/18842",0.162162162162162,19.2167261601224,23.595192915876,10.2320287820642,6.15146515459562e-07,6.18017199198373e-05,4.36214423769746e-05,"CAMK2D/ARRB2/ARRB1/PARP1/AGT/ADRA1B",6
"Drug_B_Up","GO:0009152","purine ribonucleotide biosynthetic process","10/159","157/18842",0.0636942675159236,7.54797099707567,8.46276765739853,7.6004140528985,8.91518780927445e-07,8.66786324424297e-05,6.11802871393673e-05,"AMPD1/ATIC/AMPD3/ATP5F1D/PARP1/APRT/NUDT2/ATP5ME/ATP6V0C/ADK",10
"Drug_B_Up","GO:1901029","negative regulation of mitochondrial outer membrane permeabilization involved in apoptotic signaling pathway","4/159","10/18842",0.4,47.4012578616352,80.3311827956989,13.5396912472959,9.85664455010147e-07,8.87456480847594e-05,6.26392465963395e-05,"BCL2L1/BOK/BAK1/SLC25A5",4
"Drug_B_Up","GO:0070059","intrinsic apoptotic signaling pathway in response to endoplasmic reticulum stress","7/159","63/18842",0.111111111111111,13.1670160726764,15.3182565789474,8.92370809494007,9.9343124250258e-07,8.87456480847594e-05,6.26392465963395e-05,"APP/BCL2L1/BOK/ATP2A1/APAF1/ATP2A3/BAK1",7
"Drug_B_Up","GO:0045807","positive regulation of endocytosis","10/159","159/18842",0.0628930817610063,7.45302796566591,8.34827260033332,7.5381718249788,1.00111215490439e-06,8.87456480847594e-05,6.26392465963395e-05,"AP2A1/BICD1/APOE/APP/APOA2/ARRB2/ARRB1/CALR/ANGPT1/BTK",10
"Drug_B_Up","GO:2001236","regulation of extrinsic apoptotic signaling pathway","9/159","127/18842",0.0708661417322835,8.39786064477789,9.43983050847458,7.71685466293109,1.31097181238533e-06,0.000109201475211091,7.70775613458648e-05,"APP/AGTR2/BID/BCL2L1/AGT/AR/CAV1/AKT1/BRCA1",9
"Drug_B_Up","GO:0009124","nucleoside monophosphate biosynthetic process","6/159","42/18842",0.142857142857143,16.9290206648697,20.3126361655773,9.5337119544871,1.34056223716336e-06,0.000109201475211091,7.70775613458648e-05,"AMPD1/ATIC/AMPD3/APRT/NUDT2/ADK",6
"Drug_B_Up","GO:0009167","purine ribonucleoside monophosphate metabolic process","6/159","42/18842",0.142857142857143,16.9290206648697,20.3126361655773,9.5337119544871,1.34056223716336e-06,0.000109201475211091,7.70775613458648e-05,"AMPD1/ATIC/AMPD3/APRT/NUDT2/ADK",6
"Drug_B_Up","GO:0006188","IMP biosynthetic process","4/159","11/18842",0.363636363636364,43.0920526014866,68.8516129032258,12.8821094698668,1.53871999327069e-06,0.000122044791045207,8.61427453296415e-05,"AMPD1/ATIC/AMPD3/APRT",4
"Drug_B_Up","GO:0090257","regulation of muscle system process","12/159","252/18842",0.0476190476190476,5.64300688828991,6.27312925170068,6.8452156332137,1.58094269979687e-06,0.000122178494799686,8.62371173087577e-05,"ATP2A2/CAMK2D/ARRB2/ARRB1/PARP1/AGT/ATP2A1/CAMK2B/CAV1/CALM2/ADRB3/ADRA1B",12
"Drug_B_Up","GO:0009636","response to toxic substance","12/159","256/18842",0.046875,5.55483490566038,6.16895282703245,6.76903697635892,1.86319562087578e-06,0.00014039179003299,9.9092588152367e-05,"ALAD/APOE/AQP9/ADH5/ATP7B/BLMH/AUH/ATP7A/AMBP/APOA4/ALDH2/ADK",12
"Drug_B_Up","GO:0009126","purine nucleoside monophosphate metabolic process","6/159","45/18842",0.133333333333333,15.8004192872117,18.7471091000503,9.16987118912125,2.0384632983751e-06,0.00014679404228504,0.000103611483064319,"AMPD1/ATIC/AMPD3/APRT/NUDT2/ADK",6
"Drug_B_Up","GO:0098754","detoxification","10/159","172/18842",0.0581395348837209,6.88971771244698,7.67296379153202,7.15836393807517,2.04557059587647e-06,0.00014679404228504,0.000103611483064319,"APOE/AQP9/ADH5/ATP7B/AUH/ATP7A/AMBP/APOA4/ALDH2/ADK",10
"Drug_B_Up","GO:0009260","ribonucleotide biosynthetic process","10/159","173/18842",0.0578034682080925,6.84989275457156,7.62547865113023,7.13079018501466,2.15549530272411e-06,0.000151085182381638,0.000106640293924245,"AMPD1/ATIC/AMPD3/ATP5F1D/PARP1/APRT/NUDT2/ATP5ME/ATP6V0C/ADK",10
"Drug_B_Up","GO:0006167","AMP biosynthetic process","4/159","12/18842",0.333333333333333,39.5010482180294,60.241935483871,12.307369704914,2.29291200085188e-06,0.000155922765425819,0.000110054800029889,"ATIC/APRT/NUDT2/ADK",4
"Drug_B_Up","GO:0070266","necroptotic process","6/159","46/18842",0.130434782608696,15.4569319114028,18.2774509803922,9.0562741996784,2.32797758598602e-06,0.000155922765425819,0.000110054800029889,"PARP1/BOK/CAV1/CASP8/FAS/BIRC2",6
"Drug_B_Up","GO:0006833","water transport","5/159","27/18842",0.185185185185185,21.9450267877941,27.5398465171192,10.0470351332599,2.79144997686048e-06,0.000182900657179511,0.000129096576733067,"AQP9/AQP2/AQP7/AQP5/AQP4",5
"Drug_B_Up","GO:0003012","muscle system process","16/159","477/18842",0.0335429769392034,3.97494824835516,4.42261426209365,6.07114168679464,2.9223494217495e-06,0.000183947264174276,0.000129835302237353,"ATP2A2/CALD1/CA3/CACNA1D/CAMK2D/ARRB2/ARRB1/PARP1/AGT/BDKRB2/ATP2A1/CAMK2B/CAV1/CALM2/ADRB3/ADRA1B",16
"Drug_B_Up","GO:0046390","ribose phosphate biosynthetic process","10/159","179/18842",0.0558659217877095,6.62028741084291,7.35236884952941,6.96981968420106,2.92948529540984e-06,0.000183947264174276,0.000129835302237353,"AMPD1/ATIC/AMPD3/ATP5F1D/PARP1/APRT/NUDT2/ATP5ME/ATP6V0C/ADK",10
"Drug_B_Up","GO:0006898","receptor-mediated endocytosis","12/159","271/18842",0.044280442804428,5.24737171900021,5.80694980694981,6.4970244550252,3.35957496078506e-06,0.000206648141465432,0.000145858238361904,"AP2A1/BICD1/APOE/AP1B1/APP/AP2A2/ARRB2/ARRB1/ANGPT1/CANX/CAV1/ASGR1",12
"Drug_B_Up","GO:1903779","regulation of cardiac conduction","5/159","29/18842",0.172413793103448,20.4315766644979,25.2421536796537,9.66062538605957,4.05069584416254e-06,0.000244175945486118,0.000172346448443211,"ATP2A2/ATP2B3/AGT/ATP2A1/ATP2A3",5
"Drug_B_Up","GO:0006081","aldehyde metabolic process","7/159","78/18842",0.0897435897435897,10.6348975971617,12.0722757598221,7.86609020565331,4.26737041407382e-06,0.000252193224078794,0.000178005275683038,"ALPL/ALDH3A2/AGXT/ALDH1A3/ADH5/ALDH9A1/ALDH2",7
"Drug_B_Up","GO:0006878","intracellular copper ion homeostasis","4/159","14/18842",0.285714285714286,33.8580413297394,48.1883870967742,11.3456876883357,4.57605630652697e-06,0.000265235263612929,0.000187210724605081,"APP/ATOX1/ATP7B/ATP7A",4
"Drug_B_Up","GO:0006164","purine nucleotide biosynthetic process","10/159","193/18842",0.0518134715025907,6.14005930850197,6.78475813254117,6.62134535296937,5.73175299397821e-06,0.000325952896676421,0.000230066987106851,"AMPD1/ATIC/AMPD3/ATP5F1D/PARP1/APRT/NUDT2/ATP5ME/ATP6V0C/ADK",10
"Drug_B_Up","GO:0048260","positive regulation of receptor-mediated endocytosis","6/159","54/18842",0.111111111111111,13.1670160726764,15.2246732026144,8.25976927255509,6.07155344776227e-06,0.000338882631325102,0.00023919316799079,"AP2A1/BICD1/APP/ARRB2/ARRB1/ANGPT1",6
"Drug_B_Up","GO:0034372","very-low-density lipoprotein particle remodeling","4/159","15/18842",0.266666666666667,31.6008385744235,43.8052785923754,10.9374385532974,6.19909794735124e-06,0.000339710567514848,0.000239777549312859,"APOE/APOA2/APOH/APOA4",4
"Drug_B_Up","GO:0055074","calcium ion homeostasis","10/159","196/18842",0.0510204081632653,6.04607880888204,6.6742440643718,6.55113357719047,6.56908813539201e-06,0.00035355770785842,0.000249551261684723,"ATP2A2/ALPL/ATP2B3/CAMK2D/CALR/BOK/ATP2A1/CAV1/ATP2A3/BAK1",10
"Drug_B_Up","GO:0034370","triglyceride-rich lipoprotein particle remodeling","4/159","16/18842",0.25,29.625786163522,40.152688172043,10.5673384437289,8.21119716107824e-06,0.000424387360320888,0.000299544880106351,"APOE/APOA2/APOH/APOA4",4
"Drug_B_Up","GO:0035795","negative regulation of mitochondrial membrane permeability","4/159","16/18842",0.25,29.625786163522,40.152688172043,10.5673384437289,8.21119716107824e-06,0.000424387360320888,0.000299544880106351,"BCL2L1/BOK/BAK1/SLC25A5",4
"Drug_B_Up","GO:0010639","negative regulation of organelle organization","13/159","348/18842",0.0373563218390805,4.42684161064122,4.87679411163361,5.9524459021612,8.30751634337505e-06,0.000424387360320888,0.000299544880106351,"CAPZA2/CAPZB/ATM/BCL2L1/PARP1/BOK/CAPG/AKT1/APC/ARHGAP6/BAK1/BRCA1/SLC25A5",13
"Drug_B_Up","GO:0055117","regulation of cardiac muscle contraction","7/159","87/18842",0.0804597701149425,9.5347357767657,10.7089638157895,7.36068788303137,8.85845173048875e-06,0.000444989558594885,0.00031408650784768,"ATP2A2/CAMK2D/ATP2A1/CAV1/CALM2/ADRB3/ADRA1B",7
"Drug_B_Up","GO:0042044","fluid transport","5/159","34/18842",0.147058823529412,17.4269330373659,20.884460367219,8.8440638087752,9.17355343631148e-06,0.000449874729700611,0.000317534602984296,"AQP9/AQP2/AQP7/AQP5/AQP4",5
"Drug_B_Up","GO:0097300","programmed necrotic cell death","6/159","58/18842",0.103448275862069,12.2589459986988,14.0505279034691,7.9221839653118,9.25422469855271e-06,0.000449874729700611,0.000317534602984296,"PARP1/BOK/CAV1/CASP8/FAS/BIRC2",6
"Drug_B_Up","GO:0030100","regulation of endocytosis","12/159","300/18842",0.04,4.74012578616352,5.2140022675737,6.02415000423355,9.4526511852415e-06,0.000452226836068538,0.000319194787725532,"AP2A1/BICD1/APOE/APP/APOA2/ARRB2/ARRB1/CALR/ANGPT1/CAV1/ALOX15/BTK",12
"Drug_B_Up","GO:1990748","cellular detoxification","8/159","123/18842",0.0650406504065041,7.70752160351792,8.55421825511086,6.88494608540691,9.7640611415239e-06,0.000459826254383641,0.000324558677089142,"APOE/ADH5/AUH/ATP7A/AMBP/APOA4/ALDH2/ADK",8
"Drug_B_Up","GO:0019229","regulation of vasoconstriction","6/159","59/18842",0.101694915254237,12.0511672529581,13.7846836847947,7.84294028497113,1.02305408147853e-05,0.000470339891060281,0.000331979506105832,"AVPR1B/ADRA1D/AGT/BDKRB2/CAV1/ADRA1B",6
"Drug_B_Up","GO:0043502","regulation of muscle adaptation","7/159","89/18842",0.0786516853932584,9.32047205144513,10.4466463414634,7.25829846577028,1.02994136728529e-05,0.000470339891060281,0.000331979506105832,"CAMK2D/ARRB2/ARRB1/PARP1/AGT/CAMK2B/ADRA1B",7
"Drug_B_Up","GO:0055070","copper ion homeostasis","4/159","17/18842",0.235294117647059,27.8830928597854,37.0620347394541,10.2297125516117,1.06672377870209e-05,0.000479866487911656,0.000338703653850263,"APP/ATOX1/ATP7B/ATP7A",4
"Drug_B_Up","GO:0008630","intrinsic apoptotic signaling pathway in response to DNA damage","7/159","91/18842",0.0769230769230769,9.11562651185293,10.1968201754386,7.15908900028785,1.19294626156129e-05,0.000527739442041137,0.000372493770252903,"ATM/BCL2L1/BOK/BIRC2/BAK1/BRCA1/BCL3",7
"Drug_B_Up","GO:0006816","calcium ion transport","14/159","416/18842",0.0336538461538462,3.98808659893565,4.39070166409333,5.6852758525815,1.20816262444719e-05,0.000527739442041137,0.000372493770252903,"ATP2A2/ATP2B3/CACNA1E/BDKRB1/CACNA1A/APP/CACNA1D/CAMK2D/ATP2A1/CAMK2B/CAV1/CALM2/ATP2A3/CALML3",14
"Drug_B_Up","GO:0042391","regulation of membrane potential","14/159","419/18842",0.0334128878281623,3.95953227961153,4.35746275010643,5.65167456927203,1.30940139205022e-05,0.000549159307352352,0.000387612531051271,"ATP2A2/ATP1B2/APP/CACNA1D/BCL2L1/CAMK2D/ARRB2/PARP1/AGT/BOK/CAV1/AKT1/HCN2/BAK1",14
"Drug_B_Up","GO:0071214","cellular response to abiotic stimulus","12/159","311/18842",0.0385852090032154,4.57246860401626,5.01917957818579,5.860388632746,1.35567523079748e-05,0.000549159307352352,0.000387612531051271,"BLM/ATM/AKR1B1/CALR/PARP1/CASP3/AQP5/CASP8/FAS/BAK1/BRCA1/FXYD2",12
"Drug_B_Up","GO:0104004","cellular response to environmental stimulus","12/159","311/18842",0.0385852090032154,4.57246860401626,5.01917957818579,5.860388632746,1.35567523079748e-05,0.000549159307352352,0.000387612531051271,"BLM/ATM/AKR1B1/CALR/PARP1/CASP3/AQP5/CASP8/FAS/BAK1/BRCA1/FXYD2",12
"Drug_B_Up","GO:0046040","IMP metabolic process","4/159","18/18842",0.222222222222222,26.3340321453529,34.4129032258065,9.92000389746612,1.36250170860835e-05,0.000549159307352352,0.000387612531051271,"AMPD1/ATIC/AMPD3/APRT",4
"Drug_B_Up","GO:0035150","regulation of tube size","8/159","129/18842",0.062015503875969,7.34903222661011,8.12741502928137,6.67510202285682,1.38474145185065e-05,0.000549159307352352,0.000387612531051271,"AVPR1B/AGTR2/ADRA1D/AGT/BDKRB2/CAV1/ADRB3/ADRA1B",8
"Drug_B_Up","GO:0035296","regulation of tube diameter","8/159","129/18842",0.062015503875969,7.34903222661011,8.12741502928137,6.67510202285682,1.38474145185065e-05,0.000549159307352352,0.000387612531051271,"AVPR1B/AGTR2/ADRA1D/AGT/BDKRB2/CAV1/ADRB3/ADRA1B",8
"Drug_B_Up","GO:0097746","blood vessel diameter maintenance","8/159","129/18842",0.062015503875969,7.34903222661011,8.12741502928137,6.67510202285682,1.38474145185065e-05,0.000549159307352352,0.000387612531051271,"AVPR1B/AGTR2/ADRA1D/AGT/BDKRB2/CAV1/ADRB3/ADRA1B",8
"Drug_B_Up","GO:0060544","regulation of necroptotic process","5/159","37/18842",0.135135135135135,16.0139384667687,18.9234983766234,8.43307678744212,1.40802972983778e-05,0.000551143065679359,0.000389012725085735,"PARP1/BOK/CAV1/CASP8/BIRC2",5
"Drug_B_Up","GO:0070588","calcium ion transmembrane transport","12/159","314/18842",0.0382165605095541,4.5287825982454,4.96850925800784,5.81704851865263,1.49166674693263e-05,0.000576395330160889,0.00040683650412292,"ATP2A2/ATP2B3/CACNA1E/BDKRB1/CACNA1A/CACNA1D/CAMK2D/ATP2A1/CAV1/CALM2/ATP2A3/CALML3",12
"Drug_B_Up","GO:1901028","regulation of mitochondrial outer membrane permeabilization involved in apoptotic signaling pathway","4/159","19/18842",0.210526315789474,24.9480304534922,32.1169892473118,9.63450510406616,1.71451264189053e-05,0.000645942637832259,0.00045592500648168,"BCL2L1/BOK/BAK1/SLC25A5",4
"Drug_B_Up","GO:1905709","negative regulation of membrane permeability","4/159","19/18842",0.210526315789474,24.9480304534922,32.1169892473118,9.63450510406616,1.71451264189053e-05,0.000645942637832259,0.00045592500648168,"BCL2L1/BOK/BAK1/SLC25A5",4
"Drug_B_Up","GO:0006874","intracellular calcium ion homeostasis","9/159","175/18842",0.0514285714285714,6.0944474393531,6.69289156626506,6.24605891784169,1.80524358896395e-05,0.000658299379597485,0.000464646752406844,"ATP2A2/ATP2B3/CAMK2D/CALR/BOK/ATP2A1/CAV1/ATP2A3/BAK1",9
"Drug_B_Up","GO:0034368","protein-lipid complex remodeling","5/159","39/18842",0.128205128205128,15.1927108530882,17.8084415584416,8.1848611352163,1.83467643948868e-05,0.000658299379597485,0.000464646752406844,"APOE/APOA2/APOH/AGT/APOA4",5
"Drug_B_Up","GO:0034369","plasma lipoprotein particle remodeling","5/159","39/18842",0.128205128205128,15.1927108530882,17.8084415584416,8.1848611352163,1.83467643948868e-05,0.000658299379597485,0.000464646752406844,"APOE/APOA2/APOH/AGT/APOA4",5
"Drug_B_Up","GO:0046688","response to copper ion","5/159","39/18842",0.128205128205128,15.1927108530882,17.8084415584416,8.1848611352163,1.83467643948868e-05,0.000658299379597485,0.000464646752406844,"ATP5F1D/APP/AQP2/ATP7B/ATP7A",5
"Drug_B_Up","GO:0097237","cellular response to toxic substance","8/159","135/18842",0.0592592592592593,7.02240857209411,7.7409396673098,6.4783179166298,1.9282132685093e-05,0.000683721740151416,0.000482590590174278,"APOE/ADH5/AUH/ATP7A/AMBP/APOA4/ALDH2/ADK",8
"Drug_B_Up","GO:0008637","apoptotic mitochondrial changes","7/159","99/18842",0.0707070707070707,8.37901022806683,9.30613558352403,6.79083826377128,2.07397572769887e-05,0.000713006391824041,0.000503260544782729,"BID/BCL2L1/BOK/ATP2A1/AKT1/BAK1/SLC25A5",7
"Drug_B_Up","GO:0034367","protein-containing complex remodeling","5/159","40/18842",0.125,14.812893081761,17.2987012987013,8.06751630317555,2.08256375743254e-05,0.000713006391824041,0.000503260544782729,"APOE/APOA2/APOH/AGT/APOA4",5
"Drug_B_Up","GO:0032261","purine nucleotide salvage","4/159","20/18842",0.2,23.7006289308176,30.108064516129,9.37016488199992,2.12908345269289e-05,0.000713006391824041,0.000503260544782729,"AMPD1/AMPD3/APRT/ADK",4
"Drug_B_Up","GO:0038166","angiotensin-activated signaling pathway","4/159","20/18842",0.2,23.7006289308176,30.108064516129,9.37016488199992,2.12908345269289e-05,0.000713006391824041,0.000503260544782729,"AGTR2/AGT/CAV1/CA2",4
"Drug_B_Up","GO:0060546","negative regulation of necroptotic process","4/159","20/18842",0.2,23.7006289308176,30.108064516129,9.37016488199992,2.12908345269289e-05,0.000713006391824041,0.000503260544782729,"BOK/CAV1/CASP8/BIRC2",4
"Drug_B_Up","GO:0051402","neuron apoptotic process","10/159","225/18842",0.0444444444444444,5.26680642907058,5.76494459185266,5.93972831296151,2.18506916994058e-05,0.000723714118483618,0.000510818368126075,"CASP7/APP/BID/PARP1/BOK/AKT1/CASP3/BDNF/CASP8/FAS",10
"Drug_B_Up","GO:0045834","positive regulation of lipid metabolic process","8/159","138/18842",0.0579710144927536,6.86974751617902,7.56107997962303,6.38438321386754,2.2609570437839e-05,0.000735629011287676,0.00051922824426794,"APOE/APOA2/APOH/AGT/CAPN2/AKT1/ADRB3/APOA4",8
"Drug_B_Up","GO:0009165","nucleotide biosynthetic process","10/159","226/18842",0.0442477876106195,5.2435019758446,5.73794432015909,5.92055845290916,2.26985726774233e-05,0.000735629011287676,0.00051922824426794,"AMPD1/ATIC/AMPD3/ATP5F1D/PARP1/APRT/NUDT2/ATP5ME/ATP6V0C/ADK",10
"Drug_B_Up","GO:0019216","regulation of lipid metabolic process","12/159","331/18842",0.0362537764350453,4.29618651313914,4.69937943829569,5.58133466963168,2.51127209908182e-05,0.000805210011343893,0.000568340527686938,"APOE/APOA2/APOH/AGT/CAPN2/ALK/CAV1/AKT1/ADRB3/BBS4/APOA4/BRCA1",12
"Drug_B_Up","GO:2001238","positive regulation of extrinsic apoptotic signaling pathway","5/159","42/18842",0.119047619047619,14.1075172207248,16.3618813618814,7.84500794179183,2.65596545537171e-05,0.000842639987630563,0.000594759688122574,"APP/AGTR2/BID/AGT/CAV1",5
"Drug_B_Up","GO:0060048","cardiac muscle contraction","8/159","143/18842",0.0559440559440559,6.62954655407486,7.27907775324994,6.23389485485531,2.92224369131843e-05,0.000917462758920184,0.000647571765367824,"ATP2A2/CACNA1D/CAMK2D/ATP2A1/CAV1/CALM2/ADRB3/ADRA1B",8
"Drug_B_Up","GO:0042310","vasoconstriction","6/159","71/18842",0.0845070422535211,10.0143502524581,11.2325791855204,7.02016190187223,2.99190654266852e-05,0.000929650136041539,0.000656173968826162,"AVPR1B/ADRA1D/AGT/BDKRB2/CAV1/ADRA1B",6
"Drug_B_Up","GO:0006942","regulation of striated muscle contraction","7/159","105/18842",0.0666666666666667,7.90020964360587,8.73355263157895,6.54084920612969,3.03980132330505e-05,0.000930366376284651,0.000656679511916767,"ATP2A2/CAMK2D/ATP2A1/CAV1/CALM2/ADRB3/ADRA1B",7
"Drug_B_Up","GO:0010594","regulation of endothelial cell migration","10/159","234/18842",0.0427350427350427,5.0642369510294,5.53062080536913,5.77117614830002,3.05594795129995e-05,0.000930366376284651,0.000656679511916767,"APOE/ADGRB1/RHOA/AGTR2/APOH/CALR/ANGPT1/AGT/AKT1/ANXA3",10
"Drug_B_Up","GO:0032469","endoplasmic reticulum calcium ion homeostasis","4/159","22/18842",0.181818181818182,21.5460263007433,26.7598566308244,8.8952180937955,3.17248264966561e-05,0.000955237406525903,0.000674234204794765,"ATP2A2/CAMK2D/ATP2A1/BAK1",4
"Drug_B_Up","GO:0008625","extrinsic apoptotic signaling pathway via death domain receptors","6/159","72/18842",0.0833333333333333,9.87526205450734,11.0617944147356,6.96053348415363,3.24133164718855e-05,0.000955237406525903,0.000674234204794765,"BID/BCL2L1/CASP8/FAS/BIRC2/BRCA1",6
"Drug_B_Up","GO:0010611","regulation of cardiac muscle hypertrophy","6/159","72/18842",0.0833333333333333,9.87526205450734,11.0617944147356,6.96053348415363,3.24133164718855e-05,0.000955237406525903,0.000674234204794765,"CAMK2D/ARRB2/ARRB1/PARP1/AGT/ADRA1B",6
"Drug_B_Up","GO:0009150","purine ribonucleotide metabolic process","12/159","340/18842",0.0352941176470588,4.18246392896781,4.5681931309109,5.46286967867889,3.26441449476337e-05,0.000955237406525903,0.000674234204794765,"AMPD1/ATIC/AMPD3/ATP5F1D/APP/PARP1/APRT/NUDT2/ATP5ME/BPGM/ATP6V0C/ADK",12
"Drug_B_Up","GO:0062098","regulation of programmed necrotic cell death","5/159","44/18842",0.113636363636364,13.4662664379646,15.5211455211455,7.6371997621889,3.34497190803229e-05,0.000969398589500897,0.000684229577543853,"PARP1/BOK/CAV1/CASP8/BIRC2",5
"Drug_B_Up","GO:0043500","muscle adaptation","7/159","107/18842",0.0654205607476635,7.75254217363193,8.55796052631579,6.46189021821715,3.43391499907705e-05,0.000985697124496974,0.000695733555201475,"CAMK2D/ARRB2/ARRB1/PARP1/AGT/CAMK2B/ADRA1B",7
"Drug_B_Up","GO:0045744","negative regulation of G protein-coupled receptor signaling pathway","6/159","73/18842",0.0821917808219178,9.73998449211683,10.8961076968101,6.9020603920601,3.50718569843032e-05,0.000997231858025376,0.000703875103925291,"ASIP/BICD1/APP/ARRB2/ARRB1/APLP1",6
"Drug_B_Up","GO:0007610","behavior","13/159","400/18842",0.0325,3.85135220125786,4.20955010442108,5.31745816619413,3.59095157768239e-05,0.0010115072948724,0.000713951120363611,"APOE/ATP1B2/APP/AGTR2/ARRB2/PARP1/CAPN2/AKT1/CASP3/ADRB3/ATP7A/BBS4/CAMK4",13
"Drug_B_Up","GO:0062099","negative regulation of programmed necrotic cell death","4/159","23/18842",0.173913043478261,20.6092425485371,25.3500848896435,8.68067896847698,3.81520198471614e-05,0.00106472396129023,0.000751512983539115,"BOK/CAV1/CASP8/BIRC2",4
"Drug_B_Up","GO:2001235","positive regulation of apoptotic signaling pathway","7/159","109/18842",0.0642201834862385,7.6102936933818,8.38925438596491,6.38495098874802,3.86909297978433e-05,0.00106985745330917,0.00075513635076235,"APP/AGTR2/BID/AGT/BOK/CAV1/FAS",7
"Drug_B_Up","GO:0014743","regulation of muscle hypertrophy","6/159","75/18842",0.08,9.48025157232704,10.5791418016482,6.78842729212812,4.09137475807787e-05,0.00112103668371334,0.000791260132638793,"CAMK2D/ARRB2/ARRB1/PARP1/AGT/ADRA1B",6
"Drug_B_Up","GO:0043101","purine-containing compound salvage","4/159","24/18842",0.166666666666667,19.7505241090147,24.0812903225806,8.4792908100511,4.54824150433943e-05,0.00123499098144856,0.000871692373662398,"AMPD1/AMPD3/APRT/ADK",4
"Drug_B_Up","GO:0070296","sarcoplasmic reticulum calcium ion transport","5/159","47/18842",0.106382978723404,12.6067175163923,14.4101731601732,7.34961193679994,4.62931638405217e-05,0.00124578210549404,0.000879309061294121,"ATP2A2/CAMK2D/ATP2A1/CALM2/CALML3",5
"Drug_B_Up","GO:0009123","nucleoside monophosphate metabolic process","6/159","77/18842",0.0779220779220779,9.23401127174712,10.2800331400166,6.67897419367638,4.75109940292569e-05,0.00126724014162991,0.000894454764165144,"AMPD1/ATIC/AMPD3/APRT/NUDT2/ADK",6
"Drug_B_Up","GO:2001234","negative regulation of apoptotic signaling pathway","9/159","199/18842",0.0452261306532663,5.35943870294871,5.83989473684211,5.70330298663575,4.95964333659535e-05,0.00131126008916652,0.000925525317013776,"CA3/BCL2L1/AR/BOK/AKT1/BDNF/BAK1/BRCA1/SLC25A5",9
"Drug_B_Up","GO:0086064","cell communication by electrical coupling involved in cardiac conduction","4/159","25/18842",0.16,18.9605031446541,22.9333333333333,8.28973296061327,5.37910050285025e-05,0.00139763869961988,0.00098649383995103,"ATP1B2/CAMK2D/CAV1/CALM2",4
"Drug_B_Up","GO:0097345","mitochondrial outer membrane permeabilization","4/159","25/18842",0.16,18.9605031446541,22.9333333333333,8.28973296061327,5.37910050285025e-05,0.00139763869961988,0.00098649383995103,"BCL2L1/BOK/BAK1/SLC25A5",4
"Drug_B_Up","GO:0009259","ribonucleotide metabolic process","12/159","360/18842",0.0333333333333333,3.95010482180293,4.30096176401595,5.2136448607146,5.67180307319257e-05,0.00145009439504876,0.00102351858778107,"AMPD1/ATIC/AMPD3/ATP5F1D/APP/PARP1/APRT/NUDT2/ATP5ME/BPGM/ATP6V0C/ADK",12
"Drug_B_Up","GO:0003044","regulation of systemic arterial blood pressure mediated by a chemical signal","5/159","49/18842",0.102040816326531,12.0921576177641,13.7536894923259,7.1720489562099,5.67721096933488e-05,0.00145009439504876,0.00102351858778107,"AVPR1B/AGTR2/AGT/ANPEP/ADRB3",5
"Drug_B_Up","GO:0072593","reactive oxygen species metabolic process","9/159","204/18842",0.0441176470588235,5.22807991120977,5.68861538461538,5.60126147952167,6.01046084925286e-05,0.00152231336131497,0.00107449282409023,"CA3/ADGRB1/RHOA/APP/AGT/ATP7A/FAS/APOA4/BRCA1",9
"Drug_B_Up","GO:0007204","positive regulation of cytosolic calcium ion concentration","8/159","160/18842",0.05,5.9251572327044,6.45904496340188,5.77159219111943,6.50007086550102e-05,0.00163260113238501,0.00115233712448926,"BDKRB1/CACNA1A/AVPR1B/ADRA1D/C5AR1/BDKRB2/CAV1/ADRA1B",8
"Drug_B_Up","GO:0032025","response to cobalt ion","3/159","10/18842",0.3,35.5509433962264,51.3076923076923,10.0818194903826,6.77493945609233e-05,0.00168445086487099,0.00118893416613847,"ALAD/CASP3/CASP8",3
"Drug_B_Up","GO:0019693","ribose phosphate metabolic process","12/159","367/18842",0.0326975476839237,3.87476222302195,4.21454440931302,5.13062139476807,6.81828153663774e-05,0.00168445086487099,0.00118893416613847,"AMPD1/ATIC/AMPD3/ATP5F1D/APP/PARP1/APRT/NUDT2/ATP5ME/BPGM/ATP6V0C/ADK",12
"Drug_B_Up","GO:0048545","response to steroid hormone","11/159","317/18842",0.0347003154574132,4.11209650219233,4.46358858858859,5.15502538557148,8.15092447939619e-05,0.00199730783584554,0.00140975766990669,"ALPL/AREG/ALAD/ZFP36L2/CALR/PARP1/AR/CAV1/CASP3/HCN2/BRCA1",11
"Drug_B_Up","GO:0071887","leukocyte apoptotic process","6/159","85/18842",0.0705882352941176,8.36492785793563,9.23504591710102,6.27803165014285,8.29141232706743e-05,0.00200487856420966,0.00141510130907265,"CASP7/AKT1/BCL6/CASP3/FAS/BTK",6
"Drug_B_Up","GO:0070227","lymphocyte apoptotic process","5/159","53/18842",0.0943396226415094,11.1795419484989,12.6048430735931,6.84607366653766,8.31485801347737e-05,0.00200487856420966,0.00141510130907265,"CASP7/AKT1/BCL6/FAS/BTK",5
"Drug_B_Up","GO:0072522","purine-containing compound biosynthetic process","10/159","264/18842",0.0378787878787879,4.48875547932152,4.86947101410981,5.26623512941272,8.4177540657194e-05,0.00201358021857764,0.00142124318853959,"AMPD1/ATIC/AMPD3/ATP5F1D/PARP1/APRT/NUDT2/ATP5ME/ATP6V0C/ADK",10
"Drug_B_Up","GO:0043173","nucleotide salvage","4/159","28/18842",0.142857142857143,16.9290206648697,20.0634408602151,7.78134644373448,8.53657172174392e-05,0.00202592339916033,0.00142995536258968,"AMPD1/AMPD3/APRT/ADK",4
"Drug_B_Up","GO:2001242","regulation of intrinsic apoptotic signaling pathway","8/159","167/18842",0.0479041916167665,5.67679734869883,6.17235203465367,5.60020225580414,8.77828974432761e-05,0.00206701291323464,0.00145895753069787,"CA3/APP/BID/BCL2L1/PARP1/BOK/CAV1/AKT1",8
"Drug_B_Up","GO:0097194","execution phase of apoptosis","6/159","86/18842",0.0697674418604651,8.26766125493637,9.11911764705882,6.23162082972829,8.85174351644309e-05,0.00206815154717515,0.0014597612114836,"CASP7/BCL2L1/BOK/CASP3/CASP8/BNIP1",6
"Drug_B_Up","GO:0001836","release of cytochrome c from mitochondria","5/159","54/18842",0.0925925925925926,10.972513393897,12.3469387755102,6.76999678549247,9.10135828579382e-05,0.00208232306072173,0.00146976387584906,"BID/BCL2L1/BOK/AKT1/BAK1",5
"Drug_B_Up","GO:0051592","response to calcium ion","7/159","125/18842",0.056,6.63617610062893,7.24548394290812,5.83241838693259,9.25304001166578e-05,0.00208232306072173,0.00146976387584906,"APP/CAMK2D/CAV1/ALOX15/CALM2/AMELX/CALML3",7
"Drug_B_Up","GO:0015791","polyol transmembrane transport","3/159","11/18842",0.272727272727273,32.3190394511149,44.8918269230769,9.58507057187536,9.25783975237931e-05,0.00208232306072173,0.00146976387584906,"AQP9/AQP2/AQP7",3
"Drug_B_Up","GO:0038060","nitric oxide-cGMP-mediated signaling","3/159","11/18842",0.272727272727273,32.3190394511149,44.8918269230769,9.58507057187536,9.25783975237931e-05,0.00208232306072173,0.00146976387584906,"APOE/AGTR2/AGT",3
"Drug_B_Up","GO:1901844","regulation of cell communication by electrical coupling involved in cardiac conduction","3/159","11/18842",0.272727272727273,32.3190394511149,44.8918269230769,9.58507057187536,9.25783975237931e-05,0.00208232306072173,0.00146976387584906,"CAMK2D/CAV1/CALM2",3
"Drug_B_Up","GO:0002092","positive regulation of receptor internalization","4/159","29/18842",0.137931034482759,16.3452613315984,19.2598709677419,7.62906807488272,9.83761206371637e-05,0.00219633798222527,0.00155023890688271,"APP/ARRB2/ARRB1/ANGPT1",4
"Drug_B_Up","GO:0071827","plasma lipoprotein particle organization","5/159","55/18842",0.0909090909090909,10.7730131503716,12.0993506493506,6.69589045937324,9.9438161184685e-05,0.00220372513096059,0.00155545297023412,"APOE/APOA2/APOH/AGT/APOA4",5
"Drug_B_Up","GO:0043269","regulation of monoatomic ion transport","12/159","383/18842",0.031331592689295,3.7128922607025,4.02926453600308,4.94828925629696,0.000102143783456145,0.00224716323603519,0.00158611284183534,"BDKRB1/ATP1B2/CACNA1D/CAMK2D/AGT/ATP2A1/CAMK2B/CAV1/CALM2/CA2/CALML3/FXYD2",12
"Drug_B_Up","GO:0034765","regulation of monoatomic ion transmembrane transport","10/159","271/18842",0.03690036900369,4.37280976583351,4.73707217979377,5.15924411153877,0.000104469343156871,0.00228167101648413,0.00161046943188434,"BDKRB1/ATP1B2/CACNA1D/CAMK2D/AGT/ATP2A1/CAV1/CALM2/CALML3/FXYD2",10
"Drug_B_Up","GO:0045428","regulation of nitric oxide biosynthetic process","5/159","56/18842",0.0892857142857143,10.5806379155436,11.8614718614719,6.62366732162264,0.000108449016874347,0.00235154918603799,0.00165979146613445,"APOE/APP/CAV1/AKT1/ASL",5
"Drug_B_Up","GO:1902110","positive regulation of mitochondrial membrane permeability involved in apoptotic process","4/159","30/18842",0.133333333333333,15.8004192872117,18.5181141439206,7.48418288119668,0.000112768163584453,0.00242773746459672,0.00171356735792616,"BCL2L1/BOK/BAK1/SLC25A5",4
"Drug_B_Up","GO:0034762","regulation of transmembrane transport","12/159","388/18842",0.0309278350515464,3.66504571095118,3.97459834997829,4.89330737691578,0.000115374733141233,0.0024662372034587,0.00174074158774492,"BDKRB1/ATP1B2/CACNA1D/CAMK2D/AGT/ATP2A1/CAV1/AKT1/CALM2/CA2/CALML3/FXYD2",12
"Drug_B_Up","GO:0071825","protein-lipid complex organization","5/159","57/18842",0.087719298245614,10.3950126889551,11.6327422577423,6.55324536756896,0.000118073465870476,0.0025061508882649,0.00176891382152878,"APOE/APOA2/APOH/AGT/APOA4",5
"Drug_B_Up","GO:0006631","fatty acid metabolic process","12/159","390/18842",0.0307692307692308,3.64625060474117,3.95313681027967,4.8715681325615,0.000121065346955933,0.0025499179856926,0.00179980590545341,"ALDH3A2/ADH5/AKR1B1/DAGLA/ADH7/CAV1/AKT1/ALOX15/AUH/ALOX12B/APOA4/BRCA1",12
"Drug_B_Up","GO:0010959","regulation of metal ion transport","11/159","332/18842",0.0331325301204819,3.9263090096234,4.25153658331228,4.96264543024027,0.000122639562709174,0.0025499179856926,0.00179980590545341,"BDKRB1/ATP1B2/CACNA1D/CAMK2D/AGT/ATP2A1/CAMK2B/CAV1/CALM2/CALML3/FXYD2",11
"Drug_B_Up","GO:0042428","serotonin metabolic process","3/159","12/18842",0.25,29.625786163522,39.9017094017094,9.15061146941182,0.000122673559364773,0.0025499179856926,0.00179980590545341,"ALDH9A1/ATP7A/ALDH2",3
"Drug_B_Up","GO:0097553","calcium ion transmembrane import into cytosol","8/159","176/18842",0.0454545454545455,5.38650657518582,5.83885209713024,5.39357494690722,0.000126444805836792,0.0026103057862472,0.0018424293626255,"CACNA1E/BDKRB1/CACNA1A/CACNA1D/CAMK2D/CAV1/CALM2/CALML3",8
"Drug_B_Up","GO:0086065","cell communication involved in cardiac conduction","5/159","58/18842",0.0862068965517241,10.215788332249,11.4126439598138,6.48454753774361,0.000128339432018771,0.00261948296923585,0.00184890688395406,"ATP1B2/CACNA1D/CAMK2D/CAV1/CALM2",5
"Drug_B_Up","GO:0038179","neurotrophin signaling pathway","4/159","31/18842",0.129032258064516,15.290728342463,17.8313022700119,7.34609429858108,0.000128627564514567,0.00261948296923585,0.00184890688395406,"AGTR2/AGT/CASP3/BDNF",4
"Drug_B_Up","GO:0031623","receptor internalization","7/159","132/18842",0.053030303030303,6.28425767105012,6.83715789473684,5.62032317129788,0.000130194517403326,0.00263359916411829,0.00185887050280553,"AP2A1/APP/AP2A2/ARRB2/ARRB1/ANGPT1/CAV1",7
"Drug_B_Up","GO:0003300","cardiac muscle hypertrophy","6/159","93/18842",0.0645161290322581,7.64536417123149,8.38224025242281,5.92650200136475,0.000136721111517715,0.00272898960340658,0.00192619983532452,"CAMK2D/ARRB2/ARRB1/PARP1/AGT/ADRA1B",6
"Drug_B_Up","GO:0016101","diterpenoid metabolic process","6/159","93/18842",0.0645161290322581,7.64536417123149,8.38224025242281,5.92650200136475,0.000136721111517715,0.00272898960340658,0.00192619983532452,"ALDH3A2/APOE/ALDH1A3/AKR1B1/ADH7/ADH1C",6
"Drug_B_Up","GO:1905897","regulation of response to endoplasmic reticulum stress","6/159","94/18842",0.0638297872340425,7.56403050983541,8.28654188948307,5.88551235094016,0.000145035897366118,0.00283980064679805,0.00200441347647081,"APP/BCL2L1/BOK/CAV1/AKT1/BAK1",6
"Drug_B_Up","GO:0001974","blood vessel remodeling","4/159","32/18842",0.125,14.812893081761,17.1935483870968,7.2142713205491,0.000146041506388088,0.00283980064679805,0.00200441347647081,"AGTR2/AGT/ATP7A/BCR",4
"Drug_B_Up","GO:0010644","cell communication by electrical coupling","4/159","32/18842",0.125,14.812893081761,17.1935483870968,7.2142713205491,0.000146041506388088,0.00283980064679805,0.00200441347647081,"ATP1B2/CAMK2D/CAV1/CALM2",4
"Drug_B_Up","GO:1902686","mitochondrial outer membrane permeabilization involved in programmed cell death","4/159","32/18842",0.125,14.812893081761,17.1935483870968,7.2142713205491,0.000146041506388088,0.00283980064679805,0.00200441347647081,"BCL2L1/BOK/BAK1/SLC25A5",4
"Drug_B_Up","GO:0080164","regulation of nitric oxide metabolic process","5/159","60/18842",0.0833333333333333,9.87526205450734,10.9964580873672,6.35203850719285,0.000150910610736304,0.00291567038948219,0.00205796453642423,"APOE/APP/CAV1/AKT1/ASL",5
"Drug_B_Up","GO:0014897","striated muscle hypertrophy","6/159","96/18842",0.0625,7.4064465408805,8.10152505446623,5.80531442397647,0.000162865244670997,0.00312659775438462,0.00220684317452286,"CAMK2D/ARRB2/ARRB1/PARP1/AGT/ADRA1B",6
"Drug_B_Up","GO:0006941","striated muscle contraction","9/159","234/18842",0.0384615384615385,4.55781325592646,4.92213333333333,5.05205952559135,0.000170701023014167,0.00324771467614741,0.0022923310028617,"ATP2A2/CA3/CACNA1D/CAMK2D/ATP2A1/CAV1/CALM2/ADRB3/ADRA1B",9
"Drug_B_Up","GO:0034614","cellular response to reactive oxygen species","7/159","138/18842",0.0507246376811594,6.01102907665664,6.52189634391322,5.45037581821486,0.000171612348649827,0.00324771467614741,0.0022923310028617,"CA3/ATM/AKT1/ATP7A/AMBP/APOA4/BTK",7
"Drug_B_Up","GO:0051899","membrane depolarization","6/159","97/18842",0.0618556701030928,7.33009142190235,8.01206636500754,5.76607593099389,0.00017240688393616,0.00324771467614741,0.0022923310028617,"CACNA1D/CAMK2D/PARP1/BOK/CAV1/HCN2",6
"Drug_B_Up","GO:2000377","regulation of reactive oxygen species metabolic process","7/159","139/18842",0.0503597122302158,5.96778426315551,6.47213915470494,5.42302642488803,0.000179449797449354,0.0033518800109313,0.00236585391055501,"CA3/ADGRB1/RHOA/APP/AGT/FAS/BRCA1",7
"Drug_B_Up","GO:0043542","endothelial cell migration","10/159","290/18842",0.0344827586206897,4.08631533289959,4.41107382550336,4.88619908013466,0.00018151505924309,0.0033518800109313,0.00236585391055501,"APOE/ADGRB1/RHOA/AGTR2/APOH/CALR/ANGPT1/AGT/AKT1/ANXA3",10
"Drug_B_Up","GO:0014896","muscle hypertrophy","6/159","98/18842",0.0612244897959184,7.25529457065845,7.92455242966752,5.72739183635683,0.000182384977369851,0.0033518800109313,0.00236585391055501,"CAMK2D/ARRB2/ARRB1/PARP1/AGT/ADRA1B",6
"Drug_B_Up","GO:0140115","export across plasma membrane","6/159","98/18842",0.0612244897959184,7.25529457065845,7.92455242966752,5.72739183635683,0.000182384977369851,0.0033518800109313,0.00236585391055501,"ATP2B3/ATP1B2/ATP7B/CALM2/ATP4A/FXYD2",6
"Drug_B_Up","GO:0035794","positive regulation of mitochondrial membrane permeability","4/159","34/18842",0.117647058823529,13.9415464298927,16.0455913978495,6.96757344477197,0.000185888549585363,0.00337510896656798,0.0023822495796577,"BCL2L1/BOK/BAK1/SLC25A5",4
"Drug_B_Up","GO:1904385","cellular response to angiotensin","4/159","34/18842",0.117647058823529,13.9415464298927,16.0455913978495,6.96757344477197,0.000185888549585363,0.00337510896656798,0.0023822495796577,"AGTR2/AGT/CAV1/CA2",4
"Drug_B_Up","GO:0015909","long-chain fatty acid transport","5/159","63/18842",0.0793650793650794,9.40501148048318,10.4259964173757,6.16452452585221,0.00019031105033331,0.00343471560302154,0.00242432166860145,"SLC25A20/APOE/AVPR1B/BDKRB2/AKT1",5
"Drug_B_Up","GO:0034599","cellular response to oxidative stress","9/159","238/18842",0.0378151260504202,4.48121135246551,4.83510917030568,4.9858927726743,0.000193750452332736,0.00345452851890458,0.00243830619799048,"CA3/ATM/PARP1/NUDT2/AKT1/ATP7A/AMBP/APOA4/BTK",9
"Drug_B_Up","GO:0032368","regulation of lipid transport","7/159","141/18842",0.049645390070922,5.88313484098309,6.37485271013354,5.36911972286554,0.000195993489294188,0.00345452851890458,0.00243830619799048,"APOE/AVPR1B/APOA2/AGT/CAV1/AKT1/APOA4",7
"Drug_B_Up","GO:0098659","inorganic cation import across plasma membrane","7/159","141/18842",0.049645390070922,5.88313484098309,6.37485271013354,5.36911972286554,0.000195993489294188,0.00345452851890458,0.00243830619799048,"CACNA1E/CACNA1A/ATP1B2/CACNA1D/ATP4A/HCN2/FXYD2",7
"Drug_B_Up","GO:0099587","inorganic ion import across plasma membrane","7/159","141/18842",0.049645390070922,5.88313484098309,6.37485271013354,5.36911972286554,0.000195993489294188,0.00345452851890458,0.00243830619799048,"CACNA1E/CACNA1A/ATP1B2/CACNA1D/ATP4A/HCN2/FXYD2",7
"Drug_B_Up","GO:0033700","phospholipid efflux","3/159","14/18842",0.214285714285714,25.3935309973046,32.6433566433566,8.42294224216769,0.000200464697418318,0.00347241722999316,0.00245093256795172,"APOE/APOA2/APOA4",3
"Drug_B_Up","GO:0034374","low-density lipoprotein particle remodeling","3/159","14/18842",0.214285714285714,25.3935309973046,32.6433566433566,8.42294224216769,0.000200464697418318,0.00347241722999316,0.00245093256795172,"APOE/APOA2/AGT",3
"Drug_B_Up","GO:0046185","aldehyde catabolic process","3/159","14/18842",0.214285714285714,25.3935309973046,32.6433566433566,8.42294224216769,0.000200464697418318,0.00347241722999316,0.00245093256795172,"AGXT/ADH5/ALDH2",3
"Drug_B_Up","GO:0031960","response to corticosteroid","7/159","142/18842",0.0492957746478873,5.84170431393392,6.32729044834308,5.34255328321068,0.000204715448303869,0.00351140749070378,0.00247845302228629,"ALPL/AREG/ALAD/ZFP36L2/PARP1/CASP3/HCN2",7
"Drug_B_Up","GO:0050994","regulation of lipid catabolic process","5/159","64/18842",0.078125,9.25805817610063,10.2487343165309,6.10478660640587,0.000205045692887812,0.00351140749070378,0.00247845302228629,"APOA2/ALK/AKT1/ADRB3/APOA4",5
"Drug_B_Up","GO:0070374","positive regulation of ERK1 and ERK2 cascade","8/159","189/18842",0.0423280423280423,5.01600612292436,5.41568182649738,5.1189177719731,0.000206242519984892,0.00351194889962974,0.00247883516437387,"APOE/APP/ARRB2/ARRB1/C5AR1/ANGPT1/ALOX15/ADRB3",8
"Drug_B_Up","GO:0045429","positive regulation of nitric oxide biosynthetic process","4/159","35/18842",0.114285714285714,13.5432165318958,15.5271592091571,6.85189042979647,0.000208502569859291,0.00353048733458372,0.00249192012824144,"APOE/APP/AKT1/ASL",4
"Drug_B_Up","GO:0002027","regulation of heart rate","6/159","102/18842",0.0588235294117647,6.97077321494636,7.59272875816993,5.57793049754453,0.000226949229107389,0.00380013875849817,0.00268224790658499,"ATP2A2/AGTR2/CACNA1D/CAMK2D/CAV1/CALM2",6
"Drug_B_Up","GO:0051262","protein tetramerization","6/159","102/18842",0.0588235294117647,6.97077321494636,7.59272875816993,5.57793049754453,0.000226949229107389,0.00380013875849817,0.00268224790658499,"APP/AQP2/ALDH1A3/AQP5/ALDH9A1/AQP4",6
"Drug_B_Up","GO:0010976","positive regulation of neuron projection development","7/159","146/18842",0.0479452054794521,5.68165762040148,6.14388489208633,5.23876548900854,0.00024279347100499,0.00404298078237039,0.00285365283455124,"AP2A1/APOE/ATP1B2/DDR1/ALK/CAMK2B/BDNF",7
"Drug_B_Up","GO:0007005","mitochondrion organization","11/159","360/18842",0.0305555555555556,3.62092941998602,3.90447610934717,4.63190158526462,0.000247519483705646,0.00406536562843717,0.00286945270669211,"ATP5F1D/BID/BCL2L1/PARP1/BOK/ATP2A1/AKT1/BCS1L/ATP7A/BAK1/SLC25A5",11
"Drug_B_Up","GO:0002031","G protein-coupled receptor internalization","3/159","15/18842",0.2,23.7006289308176,29.9214743589744,8.11372320559683,0.000249031097286059,0.00406536562843717,0.00286945270669211,"APP/ARRB2/ARRB1",3
"Drug_B_Up","GO:0006825","copper ion transport","3/159","15/18842",0.2,23.7006289308176,29.9214743589744,8.11372320559683,0.000249031097286059,0.00406536562843717,0.00286945270669211,"ATOX1/ATP7B/ATP7A",3
"Drug_B_Up","GO:0006163","purine nucleotide metabolic process","12/159","422/18842",0.028436018957346,3.36975766788876,3.63822797411648,4.5419524138624,0.000250815238494902,0.00406536562843717,0.00286945270669211,"AMPD1/ATIC/AMPD3/ATP5F1D/APP/PARP1/APRT/NUDT2/ATP5ME/BPGM/ATP6V0C/ADK",12
"Drug_B_Up","GO:0032496","response to lipopolysaccharide","10/159","302/18842",0.033112582781457,3.92394518722146,4.22703870552542,4.72547057953152,0.000251403822682665,0.00406536562843717,0.00286945270669211,"ALPL/ALAD/BDKRB1/CASP7/RHOA/BPI/CAPN2/CASP3/CASP8/BTK",10
"Drug_B_Up","GO:0034440","lipid oxidation","6/159","104/18842",0.0576923076923077,6.83671988388969,7.43697478991597,5.50618924141272,0.000252230714173109,0.00406536562843717,0.00286945270669211,"ADH5/ADH7/AKT1/ALOX15/AUH/ALOX12B",6
"Drug_B_Up","GO:1902108","regulation of mitochondrial membrane permeability involved in apoptotic process","4/159","37/18842",0.108108108108108,12.8111507734149,14.5845552297165,6.63412479282004,0.000259572503801025,0.00416144428966111,0.00293726780616949,"BCL2L1/BOK/BAK1/SLC25A5",4
"Drug_B_Up","GO:0051289","protein homotetramerization","5/159","68/18842",0.0735294117647059,8.71346651868295,9.5959595959596,5.87831531912899,0.000272846331038618,0.00435110498280631,0.00307113581191337,"AQP2/ALDH1A3/AQP5/ALDH9A1/AQP4",5
"Drug_B_Up","GO:0034308","primary alcohol metabolic process","6/159","106/18842",0.0566037735849057,6.70772516909932,7.28745098039216,5.43631705009552,0.000279676475120894,0.00443655208428617,0.00313144684886053,"ALDH3A2/ALDH1A3/AKR1B1/ADH7/ADH1C/ALDH2",6
"Drug_B_Up","GO:0043410","positive regulation of MAPK cascade","12/159","428/18842",0.0280373831775701,3.32251807441368,3.58457613814757,4.48367523188105,0.000285164791849111,0.00449993027556659,0.00317618101034474,"APOE/AVPR1B/APP/ADRA1D/ARRB2/ARRB1/C5AR1/ANGPT1/ALOX15/ADRB3/ADRA1B/ALOX12B",12
"Drug_B_Up","GO:0010649","regulation of cell communication by electrical coupling","3/159","16/18842",0.1875,22.2193396226415,27.6183431952663,7.83321520198528,0.000304604920391824,0.00478166265656749,0.00337503587780634,"CAMK2D/CAV1/CALM2",3
"Drug_B_Up","GO:0006809","nitric oxide biosynthetic process","5/159","70/18842",0.0714285714285714,8.46451033243486,9.2997002997003,5.77194655092462,0.000312532262827809,0.00483514211608197,0.00341278322795434,"APOE/APP/CAV1/AKT1/ASL",5
"Drug_B_Up","GO:0031397","negative regulation of protein ubiquitination","5/159","70/18842",0.0714285714285714,8.46451033243486,9.2997002997003,5.77194655092462,0.000312532262827809,0.00483514211608197,0.00341278322795434,"ADGRB1/ARRB2/ARRB1/CAV1/AKT1",5
"Drug_B_Up","GO:0043523","regulation of neuron apoptotic process","8/159","201/18842",0.0398009950248756,4.71654307080947,5.0756613938167,4.88685919299746,0.000312824390390174,0.00483514211608197,0.00341278322795434,"CASP7/APP/PARP1/BOK/AKT1/CASP3/BDNF/CASP8",8
"Drug_B_Up","GO:0086004","regulation of cardiac muscle cell contraction","4/159","39/18842",0.102564102564103,12.1541686824706,13.7496774193548,6.43254996806583,0.000319058070156084,0.00488142651497683,0.00344545209610176,"ATP2A2/CAMK2D/ATP2A1/CAV1",4
"Drug_B_Up","GO:1905710","positive regulation of membrane permeability","4/159","39/18842",0.102564102564103,12.1541686824706,13.7496774193548,6.43254996806583,0.000319058070156084,0.00488142651497683,0.00344545209610176,"BCL2L1/BOK/BAK1/SLC25A5",4
"Drug_B_Up","GO:0010821","regulation of mitochondrion organization","6/159","110/18842",0.0545454545454545,6.46380789022298,7.00565610859729,5.30184368271753,0.000341578910136696,0.00517455066889687,0.00365234760655208,"BID/BCL2L1/BOK/AKT1/BAK1/SLC25A5",6
"Drug_B_Up","GO:1904062","regulation of monoatomic cation transmembrane transport","9/159","257/18842",0.0350194552529183,4.14991557154394,4.46008064516129,4.69041664497932,0.000341650823858818,0.00517455066889687,0.00365234760655208,"BDKRB1/ATP1B2/CACNA1D/CAMK2D/AGT/CAV1/CALM2/CALML3/FXYD2",9
"Drug_B_Up","GO:0006936","muscle contraction","11/159","375/18842",0.0293333333333333,3.47609224318658,3.74051455301455,4.46798296857406,0.000350317408996108,0.00527928335357135,0.00372627096621649,"ATP2A2/CALD1/CA3/CACNA1D/CAMK2D/BDKRB2/ATP2A1/CAV1/CALM2/ADRB3/ADRA1B",11
"Drug_B_Up","GO:1990776","response to angiotensin","4/159","40/18842",0.1,11.8503144654088,13.3670250896057,6.33720165110459,0.000352195007109612,0.00528117289267847,0.00372760465759899,"AGTR2/AGT/CAV1/CA2",4
"Drug_B_Up","GO:0050818","regulation of coagulation","5/159","72/18842",0.0694444444444444,8.22938504542278,9.02112812560574,5.66973418581476,0.000356444520485398,0.0053184345779356,0.00375390503335586,"APOE/APOH/ANGPT1/CAV1/SERPINC1",5
"Drug_B_Up","GO:1903131","mononuclear cell differentiation","12/159","439/18842",0.0273348519362187,3.2392659130958,3.49013047842088,4.3794628459297,0.000358579879105218,0.00532393968287254,0.00375779069573059,"ZFP36L2/RHOA/APP/ATM/PARP1/BCL6/CASP8/ATP7A/RUNX3/CAMK4/BTK/SLC25A5",12
"Drug_B_Up","GO:0071248","cellular response to metal ion","7/159","156/18842",0.0448717948717949,5.31744879858087,5.72845284351819,4.99526523301094,0.000363356493350799,0.00536841407332994,0.00378918200754368,"ALAD/APP/AQP2/CAMK2D/CALR/PARP1/ALOX15",7
"Drug_B_Up","GO:0010248","establishment or maintenance of transmembrane electrochemical gradient","3/159","17/18842",0.176470588235294,20.9123196448391,25.6442307692308,7.57715294385738,0.000367591566664281,0.00540449259476168,0.00381464727203344,"ATP4A/BAK1/FXYD2",3
"Drug_B_Up","GO:0006721","terpenoid metabolic process","6/159","112/18842",0.0535714285714286,6.34838274932615,6.87273399926008,5.23708752416654,0.000376304493557615,0.00550573661933326,0.00388610823444016,"ALDH3A2/APOE/ALDH1A3/AKR1B1/ADH7/ADH1C",6
"Drug_B_Up","GO:1901293","nucleoside phosphate biosynthetic process","10/159","318/18842",0.0314465408805031,3.72651398283296,4.00396583282489,4.52356810401244,0.000378531700922042,0.00551156785786974,0.0038902240913473,"AMPD1/ATIC/AMPD3/ATP5F1D/PARP1/APRT/NUDT2/ATP5ME/ATP6V0C/ADK",10
"Drug_B_Up","GO:0001990","regulation of systemic arterial blood pressure by hormone","4/159","41/18842",0.0975609756097561,11.5612824052769,13.0050566695728,6.2451854520625,0.000387723399050232,0.00554222405681354,0.00391186212371046,"AVPR1B/AGTR2/AGT/ANPEP",4
"Drug_B_Up","GO:0090199","regulation of release of cytochrome c from mitochondria","4/159","41/18842",0.0975609756097561,11.5612824052769,13.0050566695728,6.2451854520625,0.000387723399050232,0.00554222405681354,0.00391186212371046,"BID/BCL2L1/AKT1/BAK1",4
"Drug_B_Up","GO:1905898","positive regulation of response to endoplasmic reticulum stress","4/159","41/18842",0.0975609756097561,11.5612824052769,13.0050566695728,6.2451854520625,0.000387723399050232,0.00554222405681354,0.00391186212371046,"APP/BOK/CAV1/BAK1",4
"Drug_B_Up","GO:0002237","response to molecule of bacterial origin","10/159","319/18842",0.0313479623824451,3.71483212081781,3.99079081688061,4.51138495785144,0.000387992460513489,0.00554222405681354,0.00391186212371046,"ALPL/ALAD/BDKRB1/CASP7/RHOA/BPI/CAPN2/CASP3/CASP8/BTK",10
"Drug_B_Up","GO:0051924","regulation of calcium ion transport","8/159","211/18842",0.037914691943128,4.49301022385168,4.82301895409911,4.70706539058231,0.00043272196500994,0.00611709267598094,0.00431762103103324,"BDKRB1/CACNA1D/CAMK2D/ATP2A1/CAMK2B/CAV1/CALM2/CALML3",8
"Drug_B_Up","GO:0010212","response to ionizing radiation","6/159","115/18842",0.0521739130434783,6.18277276456111,6.68249685195179,5.14285420737823,0.000433504028164628,0.00611709267598094,0.00431762103103324,"BLM/ALAD/ATM/PARP1/CASP3/BRCA1",6
"Drug_B_Up","GO:0048011","neurotrophin TRK receptor signaling pathway","3/159","18/18842",0.166666666666667,19.7505241090147,23.9333333333333,7.3421108481177,0.000438384876579921,0.00611709267598094,0.00431762103103324,"AGTR2/AGT/CASP3",3
"Drug_B_Up","GO:0071880","adenylate cyclase-activating adrenergic receptor signaling pathway","3/159","18/18842",0.166666666666667,19.7505241090147,23.9333333333333,7.3421108481177,0.000438384876579921,0.00611709267598094,0.00431762103103324,"ADRA1D/ADRB3/ADRA1B",3
"Drug_B_Up","GO:0090201","negative regulation of release of cytochrome c from mitochondria","3/159","18/18842",0.166666666666667,19.7505241090147,23.9333333333333,7.3421108481177,0.000438384876579921,0.00611709267598094,0.00431762103103324,"BCL2L1/AKT1/BAK1",3
"Drug_B_Up","GO:0051260","protein homooligomerization","8/159","212/18842",0.0377358490566038,4.47181677939955,4.79911699779249,4.6897050649977,0.000446522829284102,0.00620193459660038,0.00437750491381601,"BLM/ALAD/APP/AQP2/ALDH1A3/AQP5/ALDH9A1/AQP4",8
"Drug_B_Up","GO:0140238","presynaptic endocytosis","5/159","76/18842",0.0657894736842105,7.79625951671632,8.51106639839034,5.47668956259116,0.00045810296424628,0.00633358868916645,0.00447043018223917,"AP2A1/AP2A2/CAPN2/CANX/CALM2",5
"Drug_B_Up","GO:0097192","extrinsic apoptotic signaling pathway in absence of ligand","4/159","43/18842",0.0930232558139535,11.0235483399152,12.3368072787428,6.07037573277146,0.000466344723617753,0.00638892271356322,0.00450948653794966,"BCL2L1/BOK/AKT1/BAK1",4
"Drug_B_Up","GO:1902305","regulation of sodium ion transmembrane transport","4/159","43/18842",0.0930232558139535,11.0235483399152,12.3368072787428,6.07037573277146,0.000466344723617753,0.00638892271356322,0.00450948653794966,"ATP1B2/CAMK2D/AGT/FXYD2",4
"Drug_B_Up","GO:0050878","regulation of body fluid levels","10/159","327/18842",0.0305810397553517,3.62394937780086,3.88838312196981,4.41565058995604,0.000471018540071213,0.00642375511210242,0.00453407225284078,"APOE/DDR1/AQP2/APOH/ANGPT1/CAV1/AQP5/SERPINC1/ALOX12B/AQP4",10
"Drug_B_Up","GO:0120254","olefinic compound metabolic process","7/159","165/18842",0.0424242424242424,5.0274061368401,5.3995253164557,4.79337128911534,0.00050905416311543,0.00685731049710487,0.00484008819007751,"ALDH1A3/AKR1B1/DAGLA/ADH7/ALOX15/ADH1C/ALOX12B",7
"Drug_B_Up","GO:0071402","cellular response to lipoprotein particle stimulus","4/159","44/18842",0.0909090909090909,10.7730131503716,12.0277419354839,5.98723395487398,0.000509634224071496,0.00685731049710487,0.00484008819007751,"APOE/APP/APOA2/AKT1",4
"Drug_B_Up","GO:1903115","regulation of actin filament-based movement","4/159","44/18842",0.0909090909090909,10.7730131503716,12.0277419354839,5.98723395487398,0.000509634224071496,0.00685731049710487,0.00484008819007751,"ATP2A2/CAMK2D/ATP2A1/CAV1",4
"Drug_B_Up","GO:0002029","desensitization of G protein-coupled receptor signaling pathway","3/159","19/18842",0.157894736842105,18.7110228401192,22.4362980769231,7.1253016101989,0.000517367329735112,0.00693042280809612,0.00489169297494578,"APP/ARRB2/ARRB1",3
"Drug_B_Up","GO:0046209","nitric oxide metabolic process","5/159","79/18842",0.0632911392405063,7.50019902873975,8.16470691470692,5.34092268098735,0.000547628385141559,0.00730332722485247,0.00515489970363806,"APOE/APP/CAV1/AKT1/ASL",5
"Drug_B_Up","GO:0038034","signal transduction in absence of ligand","4/159","45/18842",0.0888888888888889,10.5336128581412,11.7337529504327,5.90672467986371,0.000555708184853783,0.00737843378479869,0.00520791208712959,"BCL2L1/BOK/AKT1/BAK1",4
"Drug_B_Up","GO:1905952","regulation of lipid localization","7/159","168/18842",0.0416666666666667,4.93763102725367,5.29805491990847,4.72931468001188,0.000566812446916449,0.00749286278511481,0.00528867938697204,"APOE/AVPR1B/APOA2/AGT/CAV1/AKT1/APOA4",7
"Drug_B_Up","GO:0006720","isoprenoid metabolic process","6/159","122/18842",0.0491803278688525,5.8280235075781,6.27687626774848,4.93541411923309,0.000593401273491344,0.00781009361704328,0.00551259008837512,"ALDH3A2/APOE/ALDH1A3/AKR1B1/ADH7/ADH1C",6
"Drug_B_Up","GO:0010165","response to X-ray","3/159","20/18842",0.15,17.7754716981132,21.1153846153846,6.92443087210018,0.000604910240654202,0.00784425335881467,0.00553670102265374,"BLM/ATM/CASP3",3
"Drug_B_Up","GO:0022401","negative adaptation of signaling pathway","3/159","20/18842",0.15,17.7754716981132,21.1153846153846,6.92443087210018,0.000604910240654202,0.00784425335881467,0.00553670102265374,"APP/ARRB2/ARRB1",3
"Drug_B_Up","GO:0023058","adaptation of signaling pathway","3/159","20/18842",0.15,17.7754716981132,21.1153846153846,6.92443087210018,0.000604910240654202,0.00784425335881467,0.00553670102265374,"APP/ARRB2/ARRB1",3
"Drug_B_Up","GO:0042157","lipoprotein metabolic process","5/159","81/18842",0.0617283950617284,7.3150089292647,7.94899179767601,5.25431029647267,0.00061421492789657,0.00784425335881467,0.00553670102265374,"APOE/APP/APOA2/ALOX12B/APOA4",5
"Drug_B_Up","GO:0051591","response to cAMP","5/159","81/18842",0.0617283950617284,7.3150089292647,7.94899179767601,5.25431029647267,0.00061421492789657,0.00784425335881467,0.00553670102265374,"AREG/AQP9/APP/BIRC2/HCN2",5
"Drug_B_Up","GO:1903321","negative regulation of protein modification by small protein conjugation or removal","5/159","81/18842",0.0617283950617284,7.3150089292647,7.94899179767601,5.25431029647267,0.00061421492789657,0.00784425335881467,0.00553670102265374,"ADGRB1/ARRB2/ARRB1/CAV1/AKT1",5
"Drug_B_Up","GO:2001057","reactive nitrogen species metabolic process","5/159","81/18842",0.0617283950617284,7.3150089292647,7.94899179767601,5.25431029647267,0.00061421492789657,0.00784425335881467,0.00553670102265374,"APOE/APP/CAV1/AKT1/ASL",5
"Drug_B_Up","GO:0048259","regulation of receptor-mediated endocytosis","6/159","123/18842",0.0487804878048781,5.78064120263844,6.22289257583375,4.90709667138124,0.000619545767102936,0.00787894912256646,0.00556119029675787,"AP2A1/BICD1/APP/ARRB2/ARRB1/ANGPT1",6
"Drug_B_Up","GO:0006066","alcohol metabolic process","10/159","339/18842",0.0294985250737463,3.4956679838964,3.74410966728545,4.27752752054574,0.000622877026414646,0.00788803091434346,0.00556760048820876,"ALDH3A2/APOE/AVPR1B/ALDH1A3/AKR1B1/AGT/ADH7/ADH1C/APOA4/ALDH2",10
"Drug_B_Up","GO:0051259","protein complex oligomerization","9/159","280/18842",0.0321428571428571,3.80902964959569,4.07645756457565,4.36867950120435,0.000634699690079805,0.00800412077782649,0.00564954007333753,"BLM/ALAD/APP/AQP2/ALDH1A3/BOK/AQP5/ALDH9A1/AQP4",9
"Drug_B_Up","GO:0003073","regulation of systemic arterial blood pressure","5/159","82/18842",0.0609756097560976,7.22580150329805,7.84533648170012,5.21210323625822,0.000649697819989717,0.00801220950138553,0.00565524932850214,"AVPR1B/AGTR2/AGT/ANPEP/ADRB3",5
"Drug_B_Up","GO:0007626","locomotory behavior","5/159","82/18842",0.0609756097560976,7.22580150329805,7.84533648170012,5.21210323625822,0.000649697819989717,0.00801220950138553,0.00565524932850214,"APOE/APP/ARRB2/CASP3/ATP7A",5
"Drug_B_Up","GO:0042440","pigment metabolic process","5/159","82/18842",0.0609756097560976,7.22580150329805,7.84533648170012,5.21210323625822,0.000649697819989717,0.00801220950138553,0.00565524932850214,"ASIP/ALAD/BLVRA/ATP7A/AMBP",5
"Drug_B_Up","GO:0006937","regulation of muscle contraction","7/159","172/18842",0.0406976744186047,4.82280239871289,5.16850079744817,4.64623470416961,0.000651807412724129,0.00801220950138553,0.00565524932850214,"ATP2A2/CAMK2D/ATP2A1/CAV1/CALM2/ADRB3/ADRA1B",7
"Drug_B_Up","GO:0031396","regulation of protein ubiquitination","7/159","172/18842",0.0406976744186047,4.82280239871289,5.16850079744817,4.64623470416961,0.000651807412724129,0.00801220950138553,0.00565524932850214,"ADGRB1/ARRB2/ARRB1/ANGPT1/CAV1/AKT1/BIRC2",7
"Drug_B_Up","GO:0034764","positive regulation of transmembrane transport","7/159","172/18842",0.0406976744186047,4.82280239871289,5.16850079744817,4.64623470416961,0.000651807412724129,0.00801220950138553,0.00565524932850214,"BDKRB1/ATP1B2/ATP2A1/CAV1/AKT1/CA2/FXYD2",7
"Drug_B_Up","GO:0043094","metabolic compound salvage","4/159","47/18842",0.0851063829787234,10.0853740131139,11.1867966991748,5.75304544138064,0.000656607746132126,0.00801220950138553,0.00565524932850214,"AMPD1/AMPD3/APRT/ADK",4
"Drug_B_Up","GO:1990090","cellular response to nerve growth factor stimulus","4/159","47/18842",0.0851063829787234,10.0853740131139,11.1867966991748,5.75304544138064,0.000656607746132126,0.00801220950138553,0.00565524932850214,"APP/PARP1/AKT1/BDNF",4
"Drug_B_Up","GO:0007263","nitric oxide mediated signal transduction","3/159","21/18842",0.142857142857143,16.9290206648697,19.9412393162393,6.73759040723386,0.00070137395186778,0.00842207605948004,0.00594454500618488,"APOE/AGTR2/AGT",3
"Drug_B_Up","GO:0034375","high-density lipoprotein particle remodeling","3/159","21/18842",0.142857142857143,16.9290206648697,19.9412393162393,6.73759040723386,0.00070137395186778,0.00842207605948004,0.00594454500618488,"APOE/APOA2/APOA4",3
"Drug_B_Up","GO:0036376","sodium ion export across plasma membrane","3/159","21/18842",0.142857142857143,16.9290206648697,19.9412393162393,6.73759040723386,0.00070137395186778,0.00842207605948004,0.00594454500618488,"ATP1B2/ATP4A/FXYD2",3
"Drug_B_Up","GO:0043691","reverse cholesterol transport","3/159","21/18842",0.142857142857143,16.9290206648697,19.9412393162393,6.73759040723386,0.00070137395186778,0.00842207605948004,0.00594454500618488,"APOE/APOA2/APOA4",3
"Drug_B_Up","GO:0044089","positive regulation of cellular component biogenesis","12/159","475/18842",0.0252631578947368,2.99376365441907,3.21241239476352,4.06002396015103,0.000720480903181443,0.00861718032614631,0.00608225524364953,"APOE/RHOA/ATM/BID/AGT/CAV1/APC/ALOX15/BDNF/BBS4/BAK1/BTK",12
"Drug_B_Up","GO:1901874","negative regulation of post-translational protein modification","5/159","84/18842",0.0595238095238095,7.05375861036238,7.64589840539208,5.12977961109424,0.000725244581276468,0.00863987022911967,0.006098270433783,"ADGRB1/ARRB2/ARRB1/CAV1/AKT1",5
"Drug_B_Up","GO:0006638","neutral lipid metabolic process","6/159","127/18842",0.047244094488189,5.59857376318526,6.01588073245827,4.79686318669959,0.000733179558379977,0.00866589485865588,0.00611663937042697,"APOE/APOA2/APOH/DAGLA/CAV1/APOA4",6
"Drug_B_Up","GO:0006639","acylglycerol metabolic process","6/159","127/18842",0.047244094488189,5.59857376318526,6.01588073245827,4.79686318669959,0.000733179558379977,0.00866589485865588,0.00611663937042697,"APOE/APOA2/APOH/DAGLA/CAV1/APOA4",6
"Drug_B_Up","GO:0009117","nucleotide metabolic process","12/159","478/18842",0.0251046025104603,2.97497434278045,3.19120609617237,4.0347719628907,0.000761075152639128,0.00896047074239974,0.00632455955379802,"AMPD1/ATIC/AMPD3/ATP5F1D/APP/PARP1/APRT/NUDT2/ATP5ME/BPGM/ATP6V0C/ADK",12
"Drug_B_Up","GO:0048168","regulation of neuronal synaptic plasticity","4/159","49/18842",0.0816326530612245,9.67372609421127,10.688458781362,5.60832169214868,0.000769843213495733,0.00899343971114783,0.00634783000601745,"APOE/APP/CAMK2D/CAMK2B",4
"Drug_B_Up","GO:1903426","regulation of reactive oxygen species biosynthetic process","4/159","49/18842",0.0816326530612245,9.67372609421127,10.688458781362,5.60832169214868,0.000769843213495733,0.00899343971114783,0.00634783000601745,"CA3/ADGRB1/RHOA/FAS",4
"Drug_B_Up","GO:0043114","regulation of vascular permeability","4/159","50/18842",0.08,9.48025157232704,10.4555399719495,5.53903955372313,0.000831337984826726,0.00963712571641444,0.00680216221593042,"APOE/ANGPT1/BDKRB2/BCR",4
"Drug_B_Up","GO:1990089","response to nerve growth factor","4/159","50/18842",0.08,9.48025157232704,10.4555399719495,5.53903955372313,0.000831337984826726,0.00963712571641444,0.00680216221593042,"APP/PARP1/AKT1/BDNF",4
"Drug_B_Up","GO:0086001","cardiac muscle cell action potential","5/159","87/18842",0.0574712643678161,6.81052555483265,7.36498257839721,5.01122309631811,0.000850633140995838,0.0098230202565573,0.00693337196189791,"ATP2A2/CACNA1D/CAMK2D/CAV1/HCN2",5
"Drug_B_Up","GO:0009314","response to radiation","10/159","354/18842",0.0282485875706215,3.34754645915503,3.57792258467301,4.1133729782903,0.000867587720397231,0.00998057018808112,0.00704457526284775,"BLM/ALAD/APP/ATM/PARP1/AKT1/CASP3/BAK1/BRCA1/BCL3",10
"Drug_B_Up","GO:0086003","cardiac muscle cell contraction","5/159","88/18842",0.0568181818181818,6.73313321898228,7.27585667344704,4.97294485924499,0.00089581420425071,0.0101932155880703,0.00719466653982821,"ATP2A2/CACNA1D/CAMK2D/ATP2A1/CAV1",5
"Drug_B_Up","GO:0003254","regulation of membrane depolarization","4/159","51/18842",0.0784313725490196,9.29436428659514,10.2325326012354,5.47167731324274,0.00089621835794248,0.0101932155880703,0.00719466653982821,"CAMK2D/PARP1/BOK/HCN2",4
"Drug_B_Up","GO:0046902","regulation of mitochondrial membrane permeability","4/159","51/18842",0.0784313725490196,9.29436428659514,10.2325326012354,5.47167731324274,0.00089621835794248,0.0101932155880703,0.00719466653982821,"BCL2L1/BOK/BAK1/SLC25A5",4
"Drug_B_Up","GO:0019755","one-carbon compound transport","3/159","23/18842",0.130434782608696,15.4569319114028,17.9451923076923,6.39983846807895,0.000922451424961946,0.0104129909918925,0.00734979037984661,"AQP9/AQP7/AQP5",3
"Drug_B_Up","GO:0110096","cellular response to aldehyde","3/159","23/18842",0.130434782608696,15.4569319114028,17.9451923076923,6.39983846807895,0.000922451424961946,0.0104129909918925,0.00734979037984661,"ADH5/HCN2/ALDH2",3
"Drug_B_Up","GO:0001523","retinoid metabolic process","5/159","89/18842",0.0561797752808989,6.65748003674652,7.18885281385281,4.93525829026866,0.000942758071676817,0.0106025105523654,0.00748355877006617,"APOE/ALDH1A3/AKR1B1/ADH7/ADH1C",5
"Drug_B_Up","GO:0016049","cell growth","11/159","426/18842",0.0258215962441315,3.05994035491777,3.27170302832953,3.96724500591434,0.00100504984805667,0.0112610417919807,0.00794836917598329,"BDKRB1/APOE/APP/AGTR2/CAMK2D/AGT/AKT1/BCL6/BDNF/BRCA1/BTG1",11
"Drug_B_Up","GO:0043434","response to peptide hormone","11/159","427/18842",0.0257611241217799,3.0527742182552,3.26365969334719,3.95818866259482,0.00102424360801208,0.0114335934612904,0.00807016113759228,"ALPL/AREG/CA3/AGTR2/PARP1/AGT/CAV1/AKT1/APC/CA2/BTG1",11
"Drug_B_Up","GO:0070371","ERK1 and ERK2 cascade","9/159","300/18842",0.03,3.55509433962264,3.79216494845361,4.11544222223704,0.00103334356002942,0.0114436958096299,0.00807729166739846,"APOE/ZFP36L2/APP/ARRB2/ARRB1/C5AR1/ANGPT1/ALOX15/ADRB3",9
"Drug_B_Up","GO:0071470","cellular response to osmotic stress","4/159","53/18842",0.0754716981132075,8.9436335587991,9.81382488479263,5.34235241611622,0.00103653913604146,0.0114436958096299,0.00807729166739846,"AKR1B1/CASP3/AQP5/FXYD2",4
"Drug_B_Up","GO:1990573","potassium ion import across plasma membrane","4/159","53/18842",0.0754716981132075,8.9436335587991,9.81382488479263,5.34235241611622,0.00103653913604146,0.0114436958096299,0.00807729166739846,"ATP1B2/ATP4A/HCN2/FXYD2",4
"Drug_B_Up","GO:1903523","negative regulation of blood circulation","3/159","24/18842",0.125,14.812893081761,17.0897435897436,6.24641405687883,0.00104773271209317,0.0115250598330248,0.00813472074967457,"APP/AGTR2/ADRB3",3
"Drug_B_Up","GO:0042572","retinol metabolic process","4/159","54/18842",0.0740740740740741,8.77801071511763,9.61703225806452,5.28022429842986,0.00111218118029614,0.0121895057360457,0.00860370589618567,"ALDH1A3/AKR1B1/ADH7/ADH1C",4
"Drug_B_Up","GO:0001558","regulation of cell growth","10/159","367/18842",0.0272479564032698,3.22896851918496,3.44519015659955,3.9780659009681,0.00113909304652321,0.012439226239931,0.00877996585439898,"BDKRB1/APOE/AGTR2/CAMK2D/AGT/AKT1/BCL6/BDNF/BRCA1/BTG1",10
"Drug_B_Up","GO:0060291","long-term synaptic potentiation","5/159","93/18842",0.0537634408602151,6.37113680935957,6.86061097992916,4.79011416531209,0.00114901929250286,0.0125023254426123,0.00882450309765638,"APOE/APP/CAMK2D/CAMK2B/CALM2",5
"Drug_B_Up","GO:0034377","plasma lipoprotein particle assembly","3/159","25/18842",0.12,14.2203773584906,16.3120629370629,6.10191134723555,0.00118327021760199,0.0128286922152963,0.0090548622104264,"APOE/APOA2/APOA4",3
"Drug_B_Up","GO:1902600","proton transmembrane transport","7/159","191/18842",0.0366492146596859,4.34304718627548,4.63004147597254,4.28386088696679,0.00120340464651869,0.0130002208050442,0.00917593205287408,"ATP5F1D/ATP5ME/ATP4A/FXYD2/ATP6V0C/SLC25A5/ATP6V0B",7
"Drug_B_Up","GO:0007565","female pregnancy","6/159","140/18842",0.0428571428571429,5.07870619946092,5.42844600526778,4.46858110239465,0.00121670284749215,0.0130969370797905,0.0092441971984272,"DDR1/CALR/PARP1/CAPN2/STS/AMBP",6
"Drug_B_Up","GO:0018958","phenol-containing compound metabolic process","5/159","95/18842",0.0526315789473684,6.23700761337306,6.70743145743146,4.72069941650814,0.00126384933825137,0.0135304428060165,0.00955017808506248,"ASIP/AOC2/ALDH9A1/ATP7A/ALDH2",5
"Drug_B_Up","GO:0051235","maintenance of location","4/159","56/18842",0.0714285714285714,8.46451033243486,9.24615384615385,5.16066190964677,0.00127493223520527,0.0135304428060165,0.00955017808506248,"ATP2A1/CAV1/AKT1/BBS4",4
"Drug_B_Up","GO:0051651","maintenance of location in cell","4/159","56/18842",0.0714285714285714,8.46451033243486,9.24615384615385,5.16066190964677,0.00127493223520527,0.0135304428060165,0.00955017808506248,"ATP2A1/CAV1/AKT1/BBS4",4
"Drug_B_Up","GO:0071870","cellular response to catecholamine stimulus","4/159","56/18842",0.0714285714285714,8.46451033243486,9.24615384615385,5.16066190964677,0.00127493223520527,0.0135304428060165,0.00955017808506248,"APP/ARRB2/APLP1/AKT1",4
"Drug_B_Up","GO:0019395","fatty acid oxidation","5/159","96/18842",0.0520833333333333,6.17203878406709,6.63336663336663,4.68673408306997,0.00132434296976678,0.0139607243631867,0.00985388325987508,"ADH5/ADH7/AKT1/ALOX15/AUH",5
"Drug_B_Up","GO:0051016","barbed-end actin filament capping","3/159","26/18842",0.115384615384615,13.6734397677794,15.6020066889632,5.96547124936124,0.00132937222701877,0.0139607243631867,0.00985388325987508,"CAPZA2/CAPZB/CAPG",3
"Drug_B_Up","GO:1902993","positive regulation of amyloid precursor protein catabolic process","3/159","26/18842",0.115384615384615,13.6734397677794,15.6020066889632,5.96547124936124,0.00132937222701877,0.0139607243631867,0.00985388325987508,"APOE/APP/CASP3",3
"Drug_B_Up","GO:0070482","response to oxygen levels","9/159","312/18842",0.0288461538461538,3.41835994194485,3.63960396039604,3.97363303844577,0.00135690130449893,0.0142003490686103,0.0100230173113755,"ALAD/CA3/CAPN2/CAV1/APAF1/CASP3/FAS/BIRC2/BNIP1",9
"Drug_B_Up","GO:0071869","response to catecholamine","4/159","57/18842",0.0701754385964912,8.31601015116408,9.07121119902617,5.10309152520535,0.00136224233100413,0.0142069148292264,0.0100276516152225,"APP/ARRB2/APLP1/AKT1",4
"Drug_B_Up","GO:0031400","negative regulation of protein modification process","7/159","197/18842",0.0355329949238579,4.21077163745491,4.48237534626039,4.17915584980927,0.00143796416343192,0.0149449103054614,0.0105485501789325,"ADGRB1/ARRB2/ARRB1/AGT/CAV1/AKT1/APC",7
"Drug_B_Up","GO:0071868","cellular response to monoamine stimulus","4/159","58/18842",0.0689655172413793,8.17263066579918,8.90274790919952,5.04691111017542,0.00145364254574378,0.0150559403191469,0.0106269183756491,"APP/ARRB2/APLP1/AKT1",4
"Drug_B_Up","GO:0032970","regulation of actin filament-based process","10/159","380/18842",0.0263157894736842,3.11850380668653,3.32178487212044,3.84865430705846,0.001476519123705,0.0150835696661649,0.01064641996833,"ATP2A2/CAPZA2/CAPZB/RHOA/CAMK2D/ATP2A1/CAPG/CAV1/ALOX15/ARHGAP6",10
"Drug_B_Up","GO:0006869","lipid transport","11/159","447/18842",0.0246085011185682,2.91618476777398,3.11054116042648,3.78240891999219,0.00147661886064584,0.0150835696661649,0.01064641996833,"SLC25A20/APOE/AVPR1B/APOA2/APOH/APOC4/AGT/BDKRB2/CAV1/AKT1/APOA4",11
"Drug_B_Up","GO:0045907","positive regulation of vasoconstriction","3/159","27/18842",0.111111111111111,13.1670160726764,14.9511217948718,5.83634669879517,0.00148633715688487,0.0150835696661649,0.01064641996833,"AVPR1B/ADRA1D/CAV1",3
"Drug_B_Up","GO:0050995","negative regulation of lipid catabolic process","3/159","27/18842",0.111111111111111,13.1670160726764,14.9511217948718,5.83634669879517,0.00148633715688487,0.0150835696661649,0.01064641996833,"APOA2/ALK/AKT1",3
"Drug_B_Up","GO:0050996","positive regulation of lipid catabolic process","3/159","27/18842",0.111111111111111,13.1670160726764,14.9511217948718,5.83634669879517,0.00148633715688487,0.0150835696661649,0.01064641996833,"APOA2/ADRB3/APOA4",3
"Drug_B_Up","GO:0065005","protein-lipid complex assembly","3/159","27/18842",0.111111111111111,13.1670160726764,14.9511217948718,5.83634669879517,0.00148633715688487,0.0150835696661649,0.01064641996833,"APOE/APOA2/APOA4",3
"Drug_B_Up","GO:0097006","regulation of plasma lipoprotein particle levels","5/159","99/18842",0.0505050505050505,5.98500730576202,6.42062724509533,4.58765841364294,0.00151867220569513,0.0153599933824333,0.0108415278265979,"APOE/APOA2/APOH/AGT/APOA4",5
"Drug_B_Up","GO:0071867","response to monoamine","4/159","59/18842",0.0677966101694915,8.03411150197207,8.74041055718475,4.992062395312,0.00154923288067325,0.0155646263411639,0.0109859636906689,"APP/ARRB2/APLP1/AKT1",4
"Drug_B_Up","GO:1903409","reactive oxygen species biosynthetic process","4/159","59/18842",0.0677966101694915,8.03411150197207,8.74041055718475,4.992062395312,0.00154923288067325,0.0155646263411639,0.0109859636906689,"CA3/ADGRB1/RHOA/FAS",4
"Drug_B_Up","GO:0006754","ATP biosynthetic process","5/159","100/18842",0.05,5.9251572327044,6.3526999316473,4.55553474054057,0.00158788087514699,0.0158999101584486,0.0112226167115652,"ATP5F1D/PARP1/NUDT2/ATP5ME/ATP6V0C",5
"Drug_B_Up","GO:0051881","regulation of mitochondrial membrane potential","4/159","60/18842",0.0666666666666667,7.90020964360587,8.58387096774194,4.93849050255688,0.0016491130428116,0.0163443592664792,0.0115363217537647,"BCL2L1/PARP1/BOK/BAK1",4
"Drug_B_Up","GO:0003081","regulation of systemic arterial blood pressure by renin-angiotensin","3/159","28/18842",0.107142857142857,12.6967654986523,14.3523076923077,5.71388452127911,0.00165445372964496,0.0163443592664792,0.0115363217537647,"AGTR2/AGT/ANPEP",3
"Drug_B_Up","GO:0042430","indole-containing compound metabolic process","3/159","28/18842",0.107142857142857,12.6967654986523,14.3523076923077,5.71388452127911,0.00165445372964496,0.0163443592664792,0.0115363217537647,"ALDH9A1/ATP7A/ALDH2",3
"Drug_B_Up","GO:0006641","triglyceride metabolic process","5/159","101/18842",0.0495049504950495,5.86649230960832,6.28618777056277,4.52384355924124,0.00165938086779782,0.0163443592664792,0.0115363217537647,"APOE/APOA2/APOH/CAV1/APOA4",5
"Drug_B_Up","GO:0010596","negative regulation of endothelial cell migration","5/159","101/18842",0.0495049504950495,5.86649230960832,6.28618777056277,4.52384355924124,0.00165938086779782,0.0163443592664792,0.0115363217537647,"APOE/ADGRB1/RHOA/AGTR2/APOH",5
"Drug_B_Up","GO:0051494","negative regulation of cytoskeleton organization","6/159","151/18842",0.0397350993377483,4.70873422466575,5.01365787694388,4.22109519902669,0.00179027062034878,0.0175761421815349,0.01240574978133,"CAPZA2/CAPZB/CAPG/APC/ARHGAP6/BRCA1",6
"Drug_B_Up","GO:0140896","cGAS/STING signaling pathway","3/159","29/18842",0.103448275862069,12.2589459986988,13.7995562130178,5.59751076370588,0.00183400114606893,0.0179470112151031,0.0126675198776668,"PARP1/AKT1/BTK",3
"Drug_B_Up","GO:0050806","positive regulation of synaptic transmission","6/159","152/18842",0.0394736842105263,4.67775571002979,4.97904915390814,4.19978687289226,0.001851086359926,0.0180555802227086,0.0127441510250739,"APOE/APP/CAMK2D/ARRB2/CAMK2B/CALM2",6
"Drug_B_Up","GO:0043525","positive regulation of neuron apoptotic process","4/159","62/18842",0.0645161290322581,7.64536417123149,8.28698553948832,4.83497314752872,0.00186213995963472,0.018104805930126,0.012778895953894,"CASP7/APP/CASP3/CASP8",4
"Drug_B_Up","GO:0031346","positive regulation of cell projection organization","9/159","327/18842",0.0275229357798165,3.26155444002077,3.46509433962264,3.80580291745754,0.00187139955898955,0.0181363288449984,0.0128011457394411,"AP2A1/APOE/ATP1B2/DDR1/ALK/CAMK2B/APC/BDNF/BBS4",9
"Drug_B_Up","GO:0031667","response to nutrient levels","11/159","461/18842",0.0238611713665944,2.82762384207152,3.01145645645646,3.66505030674814,0.00188201359131651,0.0181807338597051,0.0128324880838417,"ALPL/ALAD/APOE/CAV1/APAF1/AFP/AMELX/BBS4/BCKDHB/FAS/BNIP1",11
"Drug_B_Up","GO:0062012","regulation of small molecule metabolic process","9/159","328/18842",0.0274390243902439,3.25161067648412,3.45404388714734,3.79496103837235,0.00191058865614824,0.0183978089764562,0.0129857059831027,"APOE/AVPR1B/APP/PARP1/AGT/CAV1/AKT1/APOA4/BRCA1",9
"Drug_B_Up","GO:0008277","regulation of G protein-coupled receptor signaling pathway","6/159","154/18842",0.038961038961039,4.61700563587356,4.91123476417594,4.15772119302545,0.00197740462984685,0.0188604352986026,0.0133122410290489,"ASIP/BICD1/APP/ARRB2/ARRB1/APLP1",6
"Drug_B_Up","GO:1902904","negative regulation of supramolecular fiber organization","6/159","154/18842",0.038961038961039,4.61700563587356,4.91123476417594,4.15772119302545,0.00197740462984685,0.0188604352986026,0.0133122410290489,"APOE/CAPZA2/CAPZB/CAPG/APC/ARHGAP6",6
"Drug_B_Up","GO:1904375","regulation of protein localization to cell periphery","6/159","154/18842",0.038961038961039,4.61700563587356,4.91123476417594,4.15772119302545,0.00197740462984685,0.0188604352986026,0.0133122410290489,"BCL2L1/CAMK2D/ARRB1/AR/CAMK2B/AKT1",6
"Drug_B_Up","GO:0044703","multi-organism reproductive process","6/159","155/18842",0.0387096774193548,4.58721850273889,4.87801026450849,4.13695805272896,0.00204295819015596,0.0194242144641326,0.0137101726790808,"DDR1/CALR/PARP1/CAPN2/STS/AMBP",6
"Drug_B_Up","GO:0002685","regulation of leukocyte migration","7/159","210/18842",0.0333333333333333,3.95010482180293,4.19237749546279,3.96592582274454,0.00206820700079043,0.0196024399383093,0.013835969376357,"BDKRB1/RHOA/APP/C5AR1/CALR/AKT1/BCR",7
"Drug_B_Up","GO:0032635","interleukin-6 production","6/159","156/18842",0.0384615384615385,4.55781325592646,4.84522875816993,4.11637096164674,0.00211014225802816,0.0198719292054576,0.0140261826997625,"APP/ARRB2/ARRB1/BPI/CAPN2/BTK",6
"Drug_B_Up","GO:0032675","regulation of interleukin-6 production","6/159","156/18842",0.0384615384615385,4.55781325592646,4.84522875816993,4.11637096164674,0.00211014225802816,0.0198719292054576,0.0140261826997625,"APP/ARRB2/ARRB1/BPI/CAPN2/BTK",6
"Drug_B_Up","GO:0010876","lipid localization","11/159","468/18842",0.0235042735042735,2.78533032306617,2.96419066769176,3.60800293298776,0.00211641979925411,0.0198719292054576,0.0140261826997625,"SLC25A20/APOE/AVPR1B/APOA2/APOH/APOC4/AGT/BDKRB2/CAV1/AKT1/APOA4",11
"Drug_B_Up","GO:0062013","positive regulation of small molecule metabolic process","6/159","157/18842",0.0382165605095541,4.5287825982454,4.81288144396832,4.09595718449363,0.00217898264902124,0.0203958189569876,0.0143959592470478,"APOE/AVPR1B/APP/AGT/AKT1/APOA4",6
"Drug_B_Up","GO:0071312","cellular response to alkaloid","3/159","31/18842",0.0967741935483871,11.4680462568472,12.8125,5.38105917920311,0.00222845872209666,0.020666383348921,0.0145869314246392,"BLM/CASP7/CASP3",3
"Drug_B_Up","GO:0071875","adrenergic receptor signaling pathway","3/159","31/18842",0.0967741935483871,11.4680462568472,12.8125,5.38105917920311,0.00222845872209666,0.020666383348921,0.0145869314246392,"ADRA1D/ADRB3/ADRA1B",3
"Drug_B_Up","GO:0098901","regulation of cardiac muscle cell action potential","3/159","31/18842",0.0967741935483871,11.4680462568472,12.8125,5.38105917920311,0.00222845872209666,0.020666383348921,0.0145869314246392,"ATP2A2/CAMK2D/CAV1",3
"Drug_B_Up","GO:0007200","phospholipase C-activating G protein-coupled receptor signaling pathway","6/159","158/18842",0.0379746835443038,4.50011941724385,4.78095975232198,4.07571404597033,0.00224950529234749,0.0207975734697403,0.0146795292083767,"BICD1/AVPR1B/ADRA1D/C5AR1/AGT/ADRA1B",6
"Drug_B_Up","GO:1903320","regulation of protein modification by small protein conjugation or removal","7/159","214/18842",0.0327102803738318,3.87627108681596,4.11047546402237,3.90373939766963,0.00229977846252742,0.0211973464405433,0.0149617005400545,"ADGRB1/ARRB2/ARRB1/ANGPT1/CAV1/AKT1/BIRC2",7
"Drug_B_Up","GO:0015908","fatty acid transport","5/159","109/18842",0.0458715596330275,5.43592406670129,5.80013736263736,4.28470489655437,0.00231934130082072,0.0212696443427079,0.015012730491605,"SLC25A20/APOE/AVPR1B/BDKRB2/AKT1",5
"Drug_B_Up","GO:0044706","multi-multicellular organism process","6/159","159/18842",0.0377358490566038,4.47181677939955,4.74945533769063,4.05563892907407,0.00232173622719008,0.0212696443427079,0.015012730491605,"DDR1/CALR/PARP1/CAPN2/STS/AMBP",6
"Drug_B_Up","GO:0030193","regulation of blood coagulation","4/159","66/18842",0.0606060606060606,7.18200876691443,7.75067637877211,4.64116786035948,0.00234401677818675,0.0214086865741056,0.0151108705222182,"APOE/APOH/CAV1/SERPINC1",4
"Drug_B_Up","GO:0015850","organic hydroxy compound transport","8/159","275/18842",0.0290909090909091,3.44736420811893,3.65424014683632,3.77156253141818,0.00236720104948602,0.0215551177134467,0.0152142258578828,"APOE/AQP9/AQP2/APOA2/AGT/AQP7/CAV1/APOA4",8
"Drug_B_Up","GO:0007249","canonical NF-kappaB signal transduction","9/159","339/18842",0.0265486725663717,3.14610118550676,3.33690909090909,3.67837666793665,0.0023865965044243,0.0216662706757073,0.0152926808352616,"RHOA/ARRB2/ARRB1/PARP1/CAV1/CASP8/BIRC2/BCL3/BTK",9
"Drug_B_Up","GO:0009145","purine nucleoside triphosphate biosynthetic process","5/159","110/18842",0.0454545454545455,5.38650657518582,5.74458874458874,4.25647691904825,0.00241352046228186,0.0217794930338848,0.015372596452164,"ATP5F1D/PARP1/NUDT2/ATP5ME/ATP6V0C",5
"Drug_B_Up","GO:0009206","purine ribonucleoside triphosphate biosynthetic process","5/159","110/18842",0.0454545454545455,5.38650657518582,5.74458874458874,4.25647691904825,0.00241352046228186,0.0217794930338848,0.015372596452164,"ATP5F1D/PARP1/NUDT2/ATP5ME/ATP6V0C",5
"Drug_B_Up","GO:0046034","ATP metabolic process","7/159","216/18842",0.0324074074074074,3.84037968786396,4.07070007554772,3.87320696871457,0.00242282183593149,0.0217981642193955,0.0153857751152161,"ATP5F1D/APP/PARP1/NUDT2/ATP5ME/BPGM/ATP6V0C",7
"Drug_B_Up","GO:0010882","regulation of cardiac muscle contraction by calcium ion signaling","3/159","32/18842",0.09375,11.1096698113208,12.3700265251989,5.28013215973825,0.0024438811926872,0.0218571451476534,0.0154274055612083,"ATP2A2/CAMK2D/CALM2",3
"Drug_B_Up","GO:0043276","anoikis","3/159","32/18842",0.09375,11.1096698113208,12.3700265251989,5.28013215973825,0.0024438811926872,0.0218571451476534,0.0154274055612083,"BCL2L1/CAV1/AKT1",3
"Drug_B_Up","GO:0002028","regulation of sodium ion transport","4/159","67/18842",0.0597014925373134,7.07481460621421,7.62724014336918,4.59523458696969,0.0024766844631692,0.0219550793293881,0.0154965303407584,"ATP1B2/CAMK2D/AGT/FXYD2",4
"Drug_B_Up","GO:0090559","regulation of membrane permeability","4/159","67/18842",0.0597014925373134,7.07481460621421,7.62724014336918,4.59523458696969,0.0024766844631692,0.0219550793293881,0.0154965303407584,"BCL2L1/BOK/BAK1/SLC25A5",4
"Drug_B_Up","GO:1900046","regulation of hemostasis","4/159","67/18842",0.0597014925373134,7.07481460621421,7.62724014336918,4.59523458696969,0.0024766844631692,0.0219550793293881,0.0154965303407584,"APOE/APOH/CAV1/SERPINC1",4
"Drug_B_Up","GO:0098739","import across plasma membrane","8/159","278/18842",0.0287769784172662,3.41016243608887,3.6130488103998,3.734738180811,0.00253076205921061,0.0223686711039906,0.0157884553840551,"CACNA1E/CACNA1A/ATP1B2/CACNA1D/AKT1/ATP4A/HCN2/FXYD2",8
"Drug_B_Up","GO:0008217","regulation of blood pressure","6/159","162/18842",0.037037037037037,4.38900535755882,4.65736551030669,3.99639637869605,0.00254894074435747,0.0224634719400392,0.0158553685575452,"BDKRB1/AVPR1B/AGTR2/AGT/ANPEP/ADRB3",6
"Drug_B_Up","GO:0019722","calcium-mediated signaling","7/159","219/18842",0.0319634703196347,3.78777174693432,4.01244414101291,3.82808593227236,0.0026168328107226,0.0228612582362838,0.016136137636828,"ATP2A2/APP/CAMK2D/CALM2/CALML3/BNIP1/BTK",7
"Drug_B_Up","GO:0034612","response to tumor necrosis factor","7/159","219/18842",0.0319634703196347,3.78777174693432,4.01244414101291,3.82808593227236,0.0026168328107226,0.0228612582362838,0.016136137636828,"TNFRSF17/ZFP36L2/CASP3/CASP8/FAS/BIRC2/BRCA1",7
"Drug_B_Up","GO:1901873","regulation of post-translational protein modification","7/159","219/18842",0.0319634703196347,3.78777174693432,4.01244414101291,3.82808593227236,0.0026168328107226,0.0228612582362838,0.016136137636828,"ADGRB1/ARRB2/ARRB1/ANGPT1/CAV1/AKT1/BIRC2",7
"Drug_B_Up","GO:0040008","regulation of growth","11/159","482/18842",0.0228215767634855,2.70442861243769,2.87387387387387,3.49698063113127,0.00265664419666736,0.0230735902672022,0.0162860077288498,"BDKRB1/APOE/APP/AGTR2/CAMK2D/AGT/AKT1/BCL6/BDNF/BRCA1/BTG1",11
"Drug_B_Up","GO:0007095","mitotic G2 DNA damage checkpoint signaling","3/159","33/18842",0.0909090909090909,10.7730131503716,11.9570512820513,5.18358029082696,0.00267175945695208,0.0230735902672022,0.0162860077288498,"BLM/ATM/BRCA1",3
"Drug_B_Up","GO:0042573","retinoic acid metabolic process","3/159","33/18842",0.0909090909090909,10.7730131503716,11.9570512820513,5.18358029082696,0.00267175945695208,0.0230735902672022,0.0162860077288498,"ALDH1A3/ADH7/ADH1C",3
"Drug_B_Up","GO:1902235","regulation of endoplasmic reticulum stress-induced intrinsic apoptotic signaling pathway","3/159","33/18842",0.0909090909090909,10.7730131503716,11.9570512820513,5.18358029082696,0.00267175945695208,0.0230735902672022,0.0162860077288498,"APP/BCL2L1/BOK",3
"Drug_B_Up","GO:0045833","negative regulation of lipid metabolic process","5/159","113/18842",0.0442477876106195,5.2435019758446,5.58411495911496,4.17381855765787,0.00271274616751259,0.0233606198539513,0.0164886015174224,"APOE/APOA2/ALK/AKT1/BRCA1",5
"Drug_B_Up","GO:0045862","positive regulation of proteolysis","4/159","69/18842",0.0579710144927536,6.86974751617902,7.3917617866005,4.50613663293388,0.00275733177509228,0.0236769172938123,0.0167118534036932,"APOE/APP/CASP8/BAK1",4
"Drug_B_Up","GO:1903076","regulation of protein localization to plasma membrane","5/159","114/18842",0.043859649122807,5.19750634447755,5.53258667937567,4.14691674701076,0.00281820552899395,0.0241027861140829,0.0170124439411035,"BCL2L1/CAMK2D/AR/CAMK2B/AKT1",5
"Drug_B_Up","GO:0070372","regulation of ERK1 and ERK2 cascade","8/159","283/18842",0.0282685512367491,3.34991221636998,3.54639373871162,3.67447080359379,0.00282292086870314,0.0241027861140829,0.0170124439411035,"APOE/APP/ARRB2/ARRB1/C5AR1/ANGPT1/ALOX15/ADRB3",8
"Drug_B_Up","GO:0030258","lipid modification","6/159","166/18842",0.036144578313253,4.28324619231643,4.53995098039216,3.91960940166173,0.00287739360117526,0.0244505721848567,0.0172579214143105,"ADH5/ADH7/AKT1/ALOX15/AUH/ALOX12B",6
"Drug_B_Up","GO:0006801","superoxide metabolic process","4/159","70/18842",0.0571428571428571,6.77160826594789,7.27937438905181,4.46290686733625,0.00290550144250224,0.0244505721848567,0.0172579214143105,"APP/AGT/ATP7A/APOA4",4
"Drug_B_Up","GO:0051279","regulation of release of sequestered calcium ion into cytosol","4/159","70/18842",0.0571428571428571,6.77160826594789,7.27937438905181,4.46290686733625,0.00290550144250224,0.0244505721848567,0.0172579214143105,"BDKRB1/CAMK2D/CALM2/CALML3",4
"Drug_B_Up","GO:1901880","negative regulation of protein depolymerization","4/159","70/18842",0.0571428571428571,6.77160826594789,7.27937438905181,4.46290686733625,0.00290550144250224,0.0244505721848567,0.0172579214143105,"CAPZA2/CAPZB/CAPG/APC",4
"Drug_B_Up","GO:2000379","positive regulation of reactive oxygen species metabolic process","4/159","70/18842",0.0571428571428571,6.77160826594789,7.27937438905181,4.46290686733625,0.00290550144250224,0.0244505721848567,0.0172579214143105,"ADGRB1/APP/AGT/FAS",4
"Drug_B_Up","GO:0010880","regulation of release of sequestered calcium ion into cytosol by sarcoplasmic reticulum","3/159","34/18842",0.0882352941176471,10.4561598224195,11.5707196029777,5.09108308076875,0.00291232760927789,0.0244505721848567,0.0172579214143105,"CAMK2D/CALM2/CALML3",3
"Drug_B_Up","GO:0009201","ribonucleoside triphosphate biosynthetic process","5/159","116/18842",0.0431034482758621,5.10789416612448,5.43231543231543,4.09404829289167,0.00303797921562605,0.0250834350765877,0.0177046143574839,"ATP5F1D/PARP1/NUDT2/ATP5ME/ATP6V0C",5
"Drug_B_Up","GO:0046683","response to organophosphorus","5/159","116/18842",0.0431034482758621,5.10789416612448,5.43231543231543,4.09404829289167,0.00303797921562605,0.0250834350765877,0.0177046143574839,"AREG/AQP9/APP/BIRC2/HCN2",5
"Drug_B_Up","GO:0010225","response to UV-C","2/159","10/18842",0.2,23.7006289308176,29.7372611464968,6.62394773346928,0.0030459645779798,0.0250834350765877,0.0177046143574839,"BAK1/BCL3",2
"Drug_B_Up","GO:0019372","lipoxygenase pathway","2/159","10/18842",0.2,23.7006289308176,29.7372611464968,6.62394773346928,0.0030459645779798,0.0250834350765877,0.0177046143574839,"ALOX15/ALOX12B",2
"Drug_B_Up","GO:0042451","purine nucleoside biosynthetic process","2/159","10/18842",0.2,23.7006289308176,29.7372611464968,6.62394773346928,0.0030459645779798,0.0250834350765877,0.0177046143574839,"APRT/ADK",2
"Drug_B_Up","GO:0046129","purine ribonucleoside biosynthetic process","2/159","10/18842",0.2,23.7006289308176,29.7372611464968,6.62394773346928,0.0030459645779798,0.0250834350765877,0.0177046143574839,"APRT/ADK",2
"Drug_B_Up","GO:1903596","regulation of gap junction assembly","2/159","10/18842",0.2,23.7006289308176,29.7372611464968,6.62394773346928,0.0030459645779798,0.0250834350765877,0.0177046143574839,"AGT/CAV1",2
"Drug_B_Up","GO:0008544","epidermis development","8/159","287/18842",0.0278745644599303,3.30322354436482,3.49478981224335,3.62721910669601,0.00307509505166348,0.0251856969720481,0.0177767937626198,"ATP2A2/ALDH3A2/BNC1/CASP3/STS/ATP7A/ALOX12B/BCR",8
"Drug_B_Up","GO:0036293","response to decreased oxygen levels","8/159","287/18842",0.0278745644599303,3.30322354436482,3.49478981224335,3.62721910669601,0.00307509505166348,0.0251856969720481,0.0177767937626198,"ALAD/CA3/CAPN2/CAV1/APAF1/CASP3/BIRC2/BNIP1",8
"Drug_B_Up","GO:0070252","actin-mediated cell contraction","5/159","117/18842",0.0427350427350427,5.0642369510294,5.38352272727273,4.06806859924145,0.00315238649984672,0.0257487612751708,0.0181742208420774,"ATP2A2/CACNA1D/CAMK2D/ATP2A1/CAV1",5
"Drug_B_Up","GO:0071539","protein localization to centrosome","3/159","35/18842",0.0857142857142857,10.1574123989218,11.2085336538462,5.00235216527739,0.00316581120672338,0.0257885269650386,0.0182022886167509,"BICD1/APC/BBS4",3
"Drug_B_Up","GO:0016485","protein processing","7/159","227/18842",0.0308370044052863,3.6542819937384,3.86486244019139,3.71155327951134,0.00319284218906864,0.0259386155198191,0.0183082254620733,"APOH/PARP1/CAPN2/CASP3/ANPEP/CASP8/BMP1",7
"Drug_B_Up","GO:0048488","synaptic vesicle endocytosis","4/159","72/18842",0.0555555555555556,6.58350803633823,7.06451612903226,4.37893488747589,0.00321800281930682,0.0260727432725558,0.0184028967114292,"AP2A1/AP2A2/CAPN2/CANX",4
"Drug_B_Up","GO:0030098","lymphocyte differentiation","9/159","356/18842",0.0252808988764045,2.99586601653593,3.17048991354467,3.50721296738241,0.00330321120449489,0.0266221859489647,0.0187907092525609,"ZFP36L2/RHOA/ATM/BCL6/ATP7A/RUNX3/CAMK4/BTK/SLC25A5",9
"Drug_B_Up","GO:0009611","response to wounding","11/159","496/18842",0.0221774193548387,2.62809393386082,2.78877124547228,3.38982151544272,0.00330348292797372,0.0266221859489647,0.0187907092525609,"APOE/ZFP36L2/DDR1/RHOA/DST/APOH/ANGPT1/CAV1/ALOX15/SERPINC1/APOA4",11
"Drug_B_Up","GO:1905475","regulation of protein localization to membrane","6/159","171/18842",0.0350877192982456,4.15800507558204,4.40118835412953,3.82696349400215,0.0033313662645571,0.0267753011236669,0.0188987823738102,"BCL2L1/CAMK2D/ARRB1/AR/CAMK2B/AKT1",6
"Drug_B_Up","GO:0006970","response to osmotic stress","4/159","73/18842",0.0547945205479452,6.49332299474455,6.96175783076204,4.33813665196061,0.00338252038196867,0.027034099168539,0.0190814495231437,"AKR1B1/CASP3/AQP5/FXYD2",4
"Drug_B_Up","GO:0033344","cholesterol efflux","4/159","73/18842",0.0547945205479452,6.49332299474455,6.96175783076204,4.33813665196061,0.00338252038196867,0.027034099168539,0.0190814495231437,"APOE/APOA2/CAV1/APOA4",4
"Drug_B_Up","GO:0034767","positive regulation of monoatomic ion transmembrane transport","5/159","119/18842",0.0420168067226891,4.97912372496168,5.28850535429483,4.01698708273296,0.00339047428192029,0.027034099168539,0.0190814495231437,"BDKRB1/ATP1B2/ATP2A1/CAV1/FXYD2",5
"Drug_B_Up","GO:0045494","photoreceptor cell maintenance","3/159","36/18842",0.0833333333333333,9.87526205450734,10.8682983682984,4.91712727373211,0.00343242742498908,0.0271531135404648,0.0191654533109627,"ATP1B2/BBS1/BBS4",3
"Drug_B_Up","GO:0090075","relaxation of muscle","3/159","36/18842",0.0833333333333333,9.87526205450734,10.8682983682984,4.91712727373211,0.00343242742498908,0.0271531135404648,0.0191654533109627,"ATP2A2/CAMK2D/ATP2A1",3
"Drug_B_Up","GO:1905508","protein localization to microtubule organizing center","3/159","36/18842",0.0833333333333333,9.87526205450734,10.8682983682984,4.91712727373211,0.00343242742498908,0.0271531135404648,0.0191654533109627,"BICD1/APC/BBS4",3
"Drug_B_Up","GO:1904063","negative regulation of cation transmembrane transport","4/159","74/18842",0.0540540540540541,6.40557538670746,6.86193548387097,4.29809510463716,0.00355267183499631,0.0280020321552124,0.0197646446357994,"CAMK2D/AGT/CAV1/CALM2",4
"Drug_B_Up","GO:0007188","adenylate cyclase-modulating G protein-coupled receptor signaling pathway","8/159","294/18842",0.0272108843537415,3.22457536473709,3.40795628212847,3.5464960061759,0.00355832060897358,0.0280020321552124,0.0197646446357994,"ASIP/APP/CACNA1D/ADRA1D/C5AR1/APLP1/ADRB3/ADRA1B",8
"Drug_B_Up","GO:1902903","regulation of supramolecular fiber organization","9/159","361/18842",0.0249307479224377,2.95437202738724,3.12460227272727,3.45879908571179,0.00361982985784344,0.0283269089352616,0.0199939520686494,"APOE/CAPZA2/CAPZB/RHOA/APP/CAPG/APC/ALOX15/ARHGAP6",9
"Drug_B_Up","GO:0043270","positive regulation of monoatomic ion transport","6/159","174/18842",0.0344827586206897,4.08631533289959,4.3218954248366,3.77305602979197,0.00362819494007294,0.0283269089352616,0.0199939520686494,"BDKRB1/ATP1B2/CACNA1D/ATP2A1/CAV1/FXYD2",6
"Drug_B_Up","GO:0036481","intrinsic apoptotic signaling pathway in response to hydrogen peroxide","2/159","11/18842",0.181818181818182,21.5460263007433,26.4317055909413,6.28803167388395,0.00370227261808113,0.0283269089352616,0.0199939520686494,"CA3/AKT1",2
"Drug_B_Up","GO:0038083","peptidyl-tyrosine autophosphorylation","2/159","11/18842",0.181818181818182,21.5460263007433,26.4317055909413,6.28803167388395,0.00370227261808113,0.0283269089352616,0.0199939520686494,"DDR1/ALK",2
"Drug_B_Up","GO:0042455","ribonucleoside biosynthetic process","2/159","11/18842",0.181818181818182,21.5460263007433,26.4317055909413,6.28803167388395,0.00370227261808113,0.0283269089352616,0.0199939520686494,"APRT/ADK",2
"Drug_B_Up","GO:0046689","response to mercury ion","2/159","11/18842",0.181818181818182,21.5460263007433,26.4317055909413,6.28803167388395,0.00370227261808113,0.0283269089352616,0.0199939520686494,"ALAD/AQP2",2
"Drug_B_Up","GO:1902306","negative regulation of sodium ion transmembrane transport","2/159","11/18842",0.181818181818182,21.5460263007433,26.4317055909413,6.28803167388395,0.00370227261808113,0.0283269089352616,0.0199939520686494,"CAMK2D/AGT",2
"Drug_B_Up","GO:1903276","regulation of sodium ion export across plasma membrane","2/159","11/18842",0.181818181818182,21.5460263007433,26.4317055909413,6.28803167388395,0.00370227261808113,0.0283269089352616,0.0199939520686494,"ATP1B2/FXYD2",2
"Drug_B_Up","GO:1903278","positive regulation of sodium ion export across plasma membrane","2/159","11/18842",0.181818181818182,21.5460263007433,26.4317055909413,6.28803167388395,0.00370227261808113,0.0283269089352616,0.0199939520686494,"ATP1B2/FXYD2",2
"Drug_B_Up","GO:0032717","negative regulation of interleukin-8 production","3/159","37/18842",0.0810810810810811,9.60836308006119,10.5480769230769,4.83517279819796,0.00371238521215273,0.0283269089352616,0.0199939520686494,"ARRB1/BPI/BCL3",3
"Drug_B_Up","GO:0034121","regulation of toll-like receptor signaling pathway","3/159","37/18842",0.0810810810810811,9.60836308006119,10.5480769230769,4.83517279819796,0.00371238521215273,0.0283269089352616,0.0199939520686494,"APP/ARRB2/BIRC2",3
"Drug_B_Up","GO:0055094","response to lipoprotein particle","3/159","37/18842",0.0810810810810811,9.60836308006119,10.5480769230769,4.83517279819796,0.00371238521215273,0.0283269089352616,0.0199939520686494,"APOE/APP/AKT1",3
"Drug_B_Up","GO:0009142","nucleoside triphosphate biosynthetic process","5/159","122/18842",0.040983606557377,4.85668625631508,5.15207015207015,3.9424712354845,0.00377148517225124,0.0286328874286278,0.0202099205438679,"ATP5F1D/PARP1/NUDT2/ATP5ME/ATP6V0C",5
"Drug_B_Up","GO:0051384","response to glucocorticoid","5/159","122/18842",0.040983606557377,4.85668625631508,5.15207015207015,3.9424712354845,0.00377148517225124,0.0286328874286278,0.0202099205438679,"ALPL/AREG/ALAD/ZFP36L2/CASP3",5
"Drug_B_Up","GO:0032535","regulation of cellular component size","8/159","297/18842",0.0269360269360269,3.19200389640641,3.3720296065446,3.51263769600309,0.00378260694436871,0.0286451691716766,0.0202185893535286,"APOE/CAPZA2/CAPZB/RHOA/CAPG/ALOX15/BDNF/AQP4",8
"Drug_B_Up","GO:0030336","negative regulation of cell migration","9/159","365/18842",0.0246575342465753,2.92199534763505,3.0888202247191,3.42066280214014,0.00388991586993415,0.0293170698412966,0.0206928362900361,"APOE/ADGRB1/ATP1B2/RHOA/AGTR2/APOH/CALR/AKT1/BCR",9
"Drug_B_Up","GO:0002090","regulation of receptor internalization","4/159","76/18842",0.0526315789473684,6.23700761337306,6.67060931899642,4.22018389156928,0.00391023957405482,0.0293170698412966,0.0206928362900361,"APP/ARRB2/ARRB1/ANGPT1",4
"Drug_B_Up","GO:0032371","regulation of sterol transport","4/159","76/18842",0.0526315789473684,6.23700761337306,6.67060931899642,4.22018389156928,0.00391023957405482,0.0293170698412966,0.0206928362900361,"APOE/APOA2/CAV1/APOA4",4
"Drug_B_Up","GO:0032374","regulation of cholesterol transport","4/159","76/18842",0.0526315789473684,6.23700761337306,6.67060931899642,4.22018389156928,0.00391023957405482,0.0293170698412966,0.0206928362900361,"APOE/APOA2/CAV1/APOA4",4
"Drug_B_Up","GO:1900101","regulation of endoplasmic reticulum unfolded protein response","3/159","38/18842",0.0789473684210526,9.35551142005958,10.2461538461538,4.75627486152796,0.00400588544019869,0.0298854918731655,0.0210940450094882,"BOK/AKT1/BAK1",3
"Drug_B_Up","GO:1900117","regulation of execution phase of apoptosis","3/159","38/18842",0.0789473684210526,9.35551142005958,10.2461538461538,4.75627486152796,0.00400588544019869,0.0298854918731655,0.0210940450094882,"BCL2L1/BOK/CASP8",3
"Drug_B_Up","GO:0034763","negative regulation of transmembrane transport","5/159","124/18842",0.0403225806451613,4.77835260701968,5.06493506493506,3.89413350184596,0.00404195228786636,0.0300801091250104,0.0212314114977983,"CAMK2D/AGT/CAV1/AKT1/CALM2",5
"Drug_B_Up","GO:0009205","purine ribonucleoside triphosphate metabolic process","7/159","238/18842",0.0294117647058824,3.48538660747318,3.67862838915471,3.55964343122278,0.00413744133815074,0.0307148970275526,0.0216794631693094,"ATP5F1D/APP/PARP1/NUDT2/ATP5ME/BPGM/ATP6V0C",7
"Drug_B_Up","GO:0070509","calcium ion import","4/159","78/18842",0.0512820512820513,6.07708434123529,6.48962510897995,4.14501586624349,0.00429142402924116,0.0317797347030292,0.022431056415612,"CACNA1E/CACNA1A/CACNA1D/ATP2A1",4
"Drug_B_Up","GO:0000098","sulfur amino acid catabolic process","2/159","12/18842",0.166666666666667,19.7505241090147,23.7872611464968,5.99385323390965,0.0044181924298244,0.0318982318747011,0.0225146951485248,"AGXT/BLMH",2
"Drug_B_Up","GO:0006177","GMP biosynthetic process","2/159","12/18842",0.166666666666667,19.7505241090147,23.7872611464968,5.99385323390965,0.0044181924298244,0.0318982318747011,0.0225146951485248,"AMPD1/ATIC",2
"Drug_B_Up","GO:0006863","purine nucleobase transport","2/159","12/18842",0.166666666666667,19.7505241090147,23.7872611464968,5.99385323390965,0.0044181924298244,0.0318982318747011,0.0225146951485248,"AQP9/SLC25A5",2
"Drug_B_Up","GO:0034975","protein folding in endoplasmic reticulum","2/159","12/18842",0.166666666666667,19.7505241090147,23.7872611464968,5.99385323390965,0.0044181924298244,0.0318982318747011,0.0225146951485248,"CALR/CANX",2
"Drug_B_Up","GO:0036295","cellular response to increased oxygen levels","2/159","12/18842",0.166666666666667,19.7505241090147,23.7872611464968,5.99385323390965,0.0044181924298244,0.0318982318747011,0.0225146951485248,"CAV1/FAS",2
"Drug_B_Up","GO:0043174","nucleoside salvage","2/159","12/18842",0.166666666666667,19.7505241090147,23.7872611464968,5.99385323390965,0.0044181924298244,0.0318982318747011,0.0225146951485248,"APRT/ADK",2
"Drug_B_Up","GO:0043652","engulfment of apoptotic cell","2/159","12/18842",0.166666666666667,19.7505241090147,23.7872611464968,5.99385323390965,0.0044181924298244,0.0318982318747011,0.0225146951485248,"ADGRB1/ALOX15",2
"Drug_B_Up","GO:0048023","positive regulation of melanin biosynthetic process","2/159","12/18842",0.166666666666667,19.7505241090147,23.7872611464968,5.99385323390965,0.0044181924298244,0.0318982318747011,0.0225146951485248,"ASIP/ATP7A",2
"Drug_B_Up","GO:1900378","positive regulation of secondary metabolite biosynthetic process","2/159","12/18842",0.166666666666667,19.7505241090147,23.7872611464968,5.99385323390965,0.0044181924298244,0.0318982318747011,0.0225146951485248,"ASIP/ATP7A",2
"Drug_B_Up","GO:1904779","regulation of protein localization to centrosome","2/159","12/18842",0.166666666666667,19.7505241090147,23.7872611464968,5.99385323390965,0.0044181924298244,0.0318982318747011,0.0225146951485248,"BICD1/APC",2
"Drug_B_Up","GO:0010562","positive regulation of phosphorus metabolic process","8/159","305/18842",0.0262295081967213,3.10827920404165,3.27977345195888,3.42440836827033,0.00443442573175175,0.0318982318747011,0.0225146951485248,"AREG/AVPR1B/RHOA/APP/ARRB1/ANGPT1/CAPN2/AKT1",8
"Drug_B_Up","GO:0045937","positive regulation of phosphate metabolic process","8/159","305/18842",0.0262295081967213,3.10827920404165,3.27977345195888,3.42440836827033,0.00443442573175175,0.0318982318747011,0.0225146951485248,"AREG/AVPR1B/RHOA/APP/ARRB1/ANGPT1/CAPN2/AKT1",8
"Drug_B_Up","GO:0034766","negative regulation of monoatomic ion transmembrane transport","4/159","79/18842",0.0506329113924051,6.0001592229918,6.40275268817204,4.10840709408287,0.00449109313025981,0.0322289397490549,0.0227481183364789,"CAMK2D/AGT/CAV1/CALM2",4
"Drug_B_Up","GO:0099003","vesicle-mediated transport in synapse","7/159","242/18842",0.0289256198347107,3.42777691148189,3.61522956326988,3.5066079882951,0.00452881719799218,0.0324224585148419,0.0228847094815407,"AP2A1/AP2A2/CAPN2/CANX/CALM2/CASP3/ATP6V0C",7
"Drug_B_Up","GO:0009144","purine nucleoside triphosphate metabolic process","7/159","243/18842",0.0288065843621399,3.41367083365686,3.59971565566459,3.49352304293496,0.0046308921856629,0.0330205946623494,0.0233068912836965,"ATP5F1D/APP/PARP1/NUDT2/ATP5ME/BPGM/ATP6V0C",7
"Drug_B_Up","GO:0097242","amyloid-beta clearance","3/159","40/18842",0.075,8.8877358490566,9.69126819126819,4.60688699903363,0.00463427722036291,0.0330205946623494,0.0233068912836965,"APOE/APP/C5AR1",3
"Drug_B_Up","GO:0002224","toll-like receptor signaling pathway","4/159","80/18842",0.05,5.9251572327044,6.31816638370119,4.07242183544857,0.00469692934200117,0.0332313263774449,0.0234556318264995,"APP/ARRB2/BIRC2/BTK",4
"Drug_B_Up","GO:0043242","negative regulation of protein-containing complex disassembly","4/159","80/18842",0.05,5.9251572327044,6.31816638370119,4.07242183544857,0.00469692934200117,0.0332313263774449,0.0234556318264995,"CAPZA2/CAPZB/CAPG/APC",4
"Drug_B_Up","GO:2001237","negative regulation of extrinsic apoptotic signaling pathway","4/159","80/18842",0.05,5.9251572327044,6.31816638370119,4.07242183544857,0.00469692934200117,0.0332313263774449,0.0234556318264995,"BCL2L1/AR/AKT1/BRCA1",4
"Drug_B_Up","GO:0042476","odontogenesis","4/159","81/18842",0.0493827160493827,5.85200714341176,6.23577712609971,4.03704117884055,0.00490901840247414,0.0346505420727332,0.0244573553344022,"ALPL/RHOA/AQP5/AMELX",4
"Drug_B_Up","GO:0014808","release of sequestered calcium ion into cytosol by sarcoplasmic reticulum","3/159","41/18842",0.0731707317073171,8.67096180395766,9.43572874493927,4.53605700738267,0.00496953146941391,0.0348329484856128,0.0245861030592056,"CAMK2D/CALM2/CALML3",3
"Drug_B_Up","GO:0045776","negative regulation of blood pressure","3/159","41/18842",0.0731707317073171,8.67096180395766,9.43572874493927,4.53605700738267,0.00496953146941391,0.0348329484856128,0.0245861030592056,"BDKRB1/AGTR2/ADRB3",3
"Drug_B_Up","GO:2000378","negative regulation of reactive oxygen species metabolic process","3/159","41/18842",0.0731707317073171,8.67096180395766,9.43572874493927,4.53605700738267,0.00496953146941391,0.0348329484856128,0.0245861030592056,"CA3/RHOA/BRCA1",3
"Drug_B_Up","GO:2000146","negative regulation of cell motility","9/159","380/18842",0.0236842105263158,2.80665342601788,2.96150943396226,3.28212036601474,0.00504632668246998,0.0352891615335604,0.0249081114306309,"APOE/ADGRB1/ATP1B2/RHOA/AGTR2/APOH/CALR/AKT1/BCR",9
"Drug_B_Up","GO:0050678","regulation of epithelial cell proliferation","8/159","312/18842",0.0256410256410256,3.03854217061764,3.20303241547578,3.34955040353375,0.00507288470628684,0.0353927650572883,0.0249812377958229,"AREG/APOE/APOH/C5AR1/CAV1/AKT1/RUNX3/BTK",8
"Drug_B_Up","GO:0015851","nucleobase transport","2/159","13/18842",0.153846153846154,18.2312530237059,21.6236247828605,5.73326661273396,0.00519268404251298,0.0355698856912139,0.0251062546648773,"AQP9/SLC25A5",2
"Drug_B_Up","GO:0034380","high-density lipoprotein particle assembly","2/159","13/18842",0.153846153846154,18.2312530237059,21.6236247828605,5.73326661273396,0.00519268404251298,0.0355698856912139,0.0251062546648773,"APOE/APOA2",2
"Drug_B_Up","GO:0048266","behavioral response to pain","2/159","13/18842",0.153846153846154,18.2312530237059,21.6236247828605,5.73326661273396,0.00519268404251298,0.0355698856912139,0.0251062546648773,"CAPN2/AKT1",2
"Drug_B_Up","GO:0048388","endosomal lumen acidification","2/159","13/18842",0.153846153846154,18.2312530237059,21.6236247828605,5.73326661273396,0.00519268404251298,0.0355698856912139,0.0251062546648773,"ATP6V0C/ATP6V0B",2
"Drug_B_Up","GO:0071472","cellular response to salt stress","2/159","13/18842",0.153846153846154,18.2312530237059,21.6236247828605,5.73326661273396,0.00519268404251298,0.0355698856912139,0.0251062546648773,"AKR1B1/FXYD2",2
"Drug_B_Up","GO:0110095","cellular detoxification of aldehyde","2/159","13/18842",0.153846153846154,18.2312530237059,21.6236247828605,5.73326661273396,0.00519268404251298,0.0355698856912139,0.0251062546648773,"ADH5/ALDH2",2
"Drug_B_Up","GO:1900272","negative regulation of long-term synaptic potentiation","2/159","13/18842",0.153846153846154,18.2312530237059,21.6236247828605,5.73326661273396,0.00519268404251298,0.0355698856912139,0.0251062546648773,"APOE/APP",2
"Drug_B_Up","GO:1990034","calcium ion export across plasma membrane","2/159","13/18842",0.153846153846154,18.2312530237059,21.6236247828605,5.73326661273396,0.00519268404251298,0.0355698856912139,0.0251062546648773,"ATP2B3/CALM2",2
"Drug_B_Up","GO:0048167","regulation of synaptic plasticity","6/159","188/18842",0.0319148936170213,3.7820152549177,3.98642533936652,3.53654896572291,0.00527964815097179,0.0359453548824691,0.025371271685632,"APOE/ADGRB1/APP/CAMK2D/CAMK2B/CALM2",6
"Drug_B_Up","GO:0051897","positive regulation of phosphatidylinositol 3-kinase/protein kinase B signal transduction","6/159","188/18842",0.0319148936170213,3.7820152549177,3.98642533936652,3.53654896572291,0.00527964815097179,0.0359453548824691,0.025371271685632,"DDR1/APP/ARRB2/ANGPT1/AGT/AKT1",6
"Drug_B_Up","GO:0051693","actin filament capping","3/159","42/18842",0.0714285714285714,8.46451033243486,9.19329388560158,4.46759991640131,0.00531905384126782,0.0359453548824691,0.025371271685632,"CAPZA2/CAPZB/CAPG",3
"Drug_B_Up","GO:0086091","regulation of heart rate by cardiac conduction","3/159","42/18842",0.0714285714285714,8.46451033243486,9.19329388560158,4.46759991640131,0.00531905384126782,0.0359453548824691,0.025371271685632,"CACNA1D/CAMK2D/CAV1",3
"Drug_B_Up","GO:0098703","calcium ion import across plasma membrane","3/159","42/18842",0.0714285714285714,8.46451033243486,9.19329388560158,4.46759991640131,0.00531905384126782,0.0359453548824691,0.025371271685632,"CACNA1E/CACNA1A/CACNA1D",3
"Drug_B_Up","GO:1902656","calcium ion import into cytosol","3/159","42/18842",0.0714285714285714,8.46451033243486,9.19329388560158,4.46759991640131,0.00531905384126782,0.0359453548824691,0.025371271685632,"CACNA1E/CACNA1A/CACNA1D",3
"Drug_B_Up","GO:0042542","response to hydrogen peroxide","4/159","83/18842",0.0481927710843374,5.71099492308858,6.07725602286648,3.96802199437855,0.00535229324919993,0.0360890645482966,0.0254727061265349,"AREG/CAPN2/CASP3/BAK1",4
"Drug_B_Up","GO:0010595","positive regulation of endothelial cell migration","5/159","133/18842",0.037593984962406,4.45500543812361,4.70652394480519,3.68872686171434,0.00543263237052597,0.0363865643661451,0.0256826901072117,"CALR/ANGPT1/AGT/AKT1/ANXA3",5
"Drug_B_Up","GO:0014074","response to purine-containing compound","5/159","133/18842",0.037593984962406,4.45500543812361,4.70652394480519,3.68872686171434,0.00543263237052597,0.0363865643661451,0.0256826901072117,"AREG/AQP9/APP/BIRC2/HCN2",5
"Drug_B_Up","GO:0048771","tissue remodeling","5/159","133/18842",0.037593984962406,4.45500543812361,4.70652394480519,3.68872686171434,0.00543263237052597,0.0363865643661451,0.0256826901072117,"AGTR2/AGT/CAV1/ATP7A/BCR",5
"Drug_B_Up","GO:0036465","synaptic vesicle recycling","4/159","84/18842",0.0476190476190476,5.64300688828991,6.00096774193548,3.93434948478957,0.0055836456825961,0.0372325400162492,0.0262798042024376,"AP2A1/AP2A2/CAPN2/CANX",4
"Drug_B_Up","GO:0043473","pigmentation","4/159","84/18842",0.0476190476190476,5.64300688828991,6.00096774193548,3.93434948478957,0.0055836456825961,0.0372325400162492,0.0262798042024376,"APOE/AP1B1/ATP7A/BBS4",4
"Drug_B_Up","GO:0046189","phenol-containing compound biosynthetic process","3/159","43/18842",0.0697674418604651,8.26766125493637,8.96298076923077,4.40137893487153,0.00568300702509157,0.0376436776204569,0.0265699970212494,"ASIP/ATP7A/ALDH2",3
"Drug_B_Up","GO:0055078","sodium ion homeostasis","3/159","43/18842",0.0697674418604651,8.26766125493637,8.96298076923077,4.40137893487153,0.00568300702509157,0.0376436776204569,0.0265699970212494,"ATP1B2/AGT/ATP4A",3
"Drug_B_Up","GO:1903514","release of sequestered calcium ion into cytosol by endoplasmic reticulum","3/159","43/18842",0.0697674418604651,8.26766125493637,8.96298076923077,4.40137893487153,0.00568300702509157,0.0376436776204569,0.0265699970212494,"CAMK2D/CALM2/CALML3",3
"Drug_B_Up","GO:0035725","sodium ion transmembrane transport","6/159","191/18842",0.031413612565445,3.72261187395041,3.92114467408585,3.48882018928417,0.00569526111311492,0.0376436776204569,0.0265699970212494,"ATP1B2/CAMK2D/AGT/ATP4A/HCN2/FXYD2",6
"Drug_B_Up","GO:0040013","negative regulation of locomotion","9/159","389/18842",0.0231362467866324,2.74171799970898,2.88994736842105,3.20218471295756,0.00585868542234233,0.0386391200501965,0.027272609094907,"APOE/ADGRB1/ATP1B2/RHOA/AGTR2/APOH/CALR/AKT1/BCR",9
"Drug_B_Up","GO:1903169","regulation of calcium ion transmembrane transport","5/159","136/18842",0.0367647058823529,4.35673325934147,4.5979974224249,3.62429091923345,0.00596313422283069,0.038883314536374,0.0274449686299067,"BDKRB1/CAMK2D/CAV1/CALM2/CALML3",5
"Drug_B_Up","GO:0007189","adenylate cyclase-activating G protein-coupled receptor signaling pathway","6/159","193/18842",0.0310880829015544,3.68403558510118,3.87878787878788,3.45753336332487,0.00598531303527111,0.038883314536374,0.0274449686299067,"ASIP/APP/ADRA1D/APLP1/ADRB3/ADRA1B",6
"Drug_B_Up","GO:0045619","regulation of lymphocyte differentiation","6/159","193/18842",0.0310880829015544,3.68403558510118,3.87878787878788,3.45753336332487,0.00598531303527111,0.038883314536374,0.0274449686299067,"ZFP36L2/RHOA/BCL6/RUNX3/CAMK4/BTK",6
"Drug_B_Up","GO:1901605","alpha-amino acid metabolic process","6/159","193/18842",0.0310880829015544,3.68403558510118,3.87878787878788,3.45753336332487,0.00598531303527111,0.038883314536374,0.0274449686299067,"ART4/AGXT/BLMH/AUH/ATP7A/ASL",6
"Drug_B_Up","GO:0002902","regulation of B cell apoptotic process","2/159","14/18842",0.142857142857143,16.9290206648697,19.8205944798301,5.50019679599967,0.00602472060002875,0.038883314536374,0.0274449686299067,"BCL6/BTK",2
"Drug_B_Up","GO:0010766","negative regulation of sodium ion transport","2/159","14/18842",0.142857142857143,16.9290206648697,19.8205944798301,5.50019679599967,0.00602472060002875,0.038883314536374,0.0274449686299067,"CAMK2D/AGT",2
"Drug_B_Up","GO:0072393","microtubule anchoring at microtubule organizing center","2/159","14/18842",0.142857142857143,16.9290206648697,19.8205944798301,5.50019679599967,0.00602472060002875,0.038883314536374,0.0274449686299067,"BICD1/BBS4",2
"Drug_B_Up","GO:0106072","negative regulation of adenylate cyclase-activating G protein-coupled receptor signaling pathway","2/159","14/18842",0.142857142857143,16.9290206648697,19.8205944798301,5.50019679599967,0.00602472060002875,0.038883314536374,0.0274449686299067,"ASIP/APLP1",2
"Drug_B_Up","GO:1900103","positive regulation of endoplasmic reticulum unfolded protein response","2/159","14/18842",0.142857142857143,16.9290206648697,19.8205944798301,5.50019679599967,0.00602472060002875,0.038883314536374,0.0274449686299067,"BOK/BAK1",2
"Drug_B_Up","GO:1901299","negative regulation of hydrogen peroxide-mediated programmed cell death","2/159","14/18842",0.142857142857143,16.9290206648697,19.8205944798301,5.50019679599967,0.00602472060002875,0.038883314536374,0.0274449686299067,"CA3/AKT1",2
"Drug_B_Up","GO:0006584","catecholamine metabolic process","3/159","44/18842",0.0681818181818182,8.07975986277873,8.74390243902439,4.33726814755907,0.00606154649833695,0.0389541602259863,0.0274949735678128,"AOC2/ATP7A/ALDH2",3
"Drug_B_Up","GO:0009712","catechol-containing compound metabolic process","3/159","44/18842",0.0681818181818182,8.07975986277873,8.74390243902439,4.33726814755907,0.00606154649833695,0.0389541602259863,0.0274949735678128,"AOC2/ATP7A/ALDH2",3
"Drug_B_Up","GO:0062207","regulation of pattern recognition receptor signaling pathway","6/159","195/18842",0.0307692307692308,3.64625060474117,3.83732752360203,3.4266600440388,0.00628600302929488,0.0403106662346697,0.0284524347641768,"APP/ARRB2/PARP1/AKT1/BIRC2/BTK",6
"Drug_B_Up","GO:0007266","Rho protein signal transduction","5/159","138/18842",0.036231884057971,4.29359219761189,4.52836637047163,3.58236102690948,0.00633644490417414,0.0403764163661329,0.0284988431096827,"APOE/RHOA/ARRB1/ARHGAP6/BCR",5
"Drug_B_Up","GO:0030048","actin filament-based movement","5/159","138/18842",0.036231884057971,4.29359219761189,4.52836637047163,3.58236102690948,0.00633644490417414,0.0403764163661329,0.0284988431096827,"ATP2A2/CACNA1D/CAMK2D/ATP2A1/CAV1",5
"Drug_B_Up","GO:0071675","regulation of mononuclear cell migration","5/159","138/18842",0.036231884057971,4.29359219761189,4.52836637047163,3.58236102690948,0.00633644490417414,0.0403764163661329,0.0284988431096827,"RHOA/APP/C5AR1/CALR/AKT1",5
"Drug_B_Up","GO:0042060","wound healing","9/159","394/18842",0.0228426395939086,2.70692462407815,2.85163636363636,3.15874843350055,0.00635173183022163,0.040388438262211,0.0285073285118319,"APOE/DDR1/RHOA/DST/APOH/ANGPT1/CAV1/ALOX15/SERPINC1",9
"Drug_B_Up","GO:0071375","cellular response to peptide hormone stimulus","8/159","325/18842",0.0246153846153846,2.91700048379294,3.06950508701193,3.21592431806056,0.00644306705450837,0.0407004800837813,0.0287275766595613,"CA3/AGTR2/PARP1/AGT/CAV1/AKT1/APC/CA2",8
"Drug_B_Up","GO:0046486","glycerolipid metabolic process","9/159","395/18842",0.0227848101265823,2.70007165034631,2.8440932642487,3.15014198711254,0.00645406881548697,0.0407004800837813,0.0287275766595613,"APOE/ATM/APOA2/APOH/DAGLA/CAPN2/CAV1/ALOX15/APOA4",9
"Drug_B_Up","GO:0001895","retina homeostasis","3/159","45/18842",0.0666666666666667,7.90020964360587,8.53525641025641,4.27515142523495,0.00645482066358575,0.0407004800837813,0.0287275766595613,"ATP1B2/BBS1/BBS4",3
"Drug_B_Up","GO:0042311","vasodilation","3/159","45/18842",0.0666666666666667,7.90020964360587,8.53525641025641,4.27515142523495,0.00645482066358575,0.0407004800837813,0.0287275766595613,"AGTR2/BDKRB2/ADRB3",3
"Drug_B_Up","GO:0009141","nucleoside triphosphate metabolic process","7/159","259/18842",0.027027027027027,3.20278769335373,3.36823830409357,3.29300082953602,0.00651171513057398,0.0409735060616909,0.0289202862957697,"ATP5F1D/APP/PARP1/NUDT2/ATP5ME/BPGM/ATP6V0C",7
"Drug_B_Up","GO:0002687","positive regulation of leukocyte migration","5/159","139/18842",0.0359712230215827,4.26270304511108,4.4943302965691,3.56169348202755,0.00652912578358259,0.0409974689827457,0.0289372000189044,"BDKRB1/RHOA/APP/C5AR1/CALR",5
"Drug_B_Up","GO:0043122","regulation of canonical NF-kappaB signal transduction","8/159","326/18842",0.0245398773006135,2.90805262954817,3.05968595110167,3.20592083267365,0.00655904718261831,0.0410997260050137,0.0290093759844,"RHOA/ARRB2/ARRB1/PARP1/CAV1/CASP8/BIRC2/BTK",8
"Drug_B_Up","GO:1901879","regulation of protein depolymerization","4/159","88/18842",0.0454545454545455,5.38650657518582,5.71397849462366,3.80487501160613,0.00657571929914885,0.0411187094764204,0.0290227750678747,"CAPZA2/CAPZB/CAPG/APC",4
"Drug_B_Up","GO:1901654","response to ketone","6/159","197/18842",0.0304568527918782,3.6092328321042,3.79673544810594,3.39619003936584,0.00659755072628142,0.0411698092940211,0.0290588427978964,"CALR/PARP1/AR/CAV1/AKT1/HCN2",6
"Drug_B_Up","GO:1903828","negative regulation of protein localization","6/159","198/18842",0.0303030303030303,3.59100438345721,3.77675653594771,3.38110319231252,0.00675746470241479,0.0416733013650553,0.0294142220720067,"APOE/APP/BTF3/BCL2L1/ARRB1/AKT1",6
"Drug_B_Up","GO:0010232","vascular transport","4/159","89/18842",0.0449438202247191,5.32598402939722,5.64645161290323,3.77373820251785,0.00684079982750047,0.0416733013650553,0.0294142220720067,"APOE/ATP1B2/AVPR1B/ATP2A3",4
"Drug_B_Up","GO:0010657","muscle cell apoptotic process","4/159","89/18842",0.0449438202247191,5.32598402939722,5.64645161290323,3.77373820251785,0.00684079982750047,0.0416733013650553,0.0294142220720067,"APOH/CAMK2D/CAPN2/APAF1",4
"Drug_B_Up","GO:0050886","endocrine process","4/159","89/18842",0.0449438202247191,5.32598402939722,5.64645161290323,3.77373820251785,0.00684079982750047,0.0416733013650553,0.0294142220720067,"AVPR1B/AGTR2/AGT/ANPEP",4
"Drug_B_Up","GO:0098869","cellular oxidant detoxification","4/159","89/18842",0.0449438202247191,5.32598402939722,5.64645161290323,3.77373820251785,0.00684079982750047,0.0416733013650553,0.0294142220720067,"APOE/ATP7A/AMBP/APOA4",4
"Drug_B_Up","GO:0150104","transport across blood-brain barrier","4/159","89/18842",0.0449438202247191,5.32598402939722,5.64645161290323,3.77373820251785,0.00684079982750047,0.0416733013650553,0.0294142220720067,"APOE/ATP1B2/AVPR1B/ATP2A3",4
"Drug_B_Up","GO:0030835","negative regulation of actin filament depolymerization","3/159","46/18842",0.0652173913043478,7.72846595570139,8.33631484794276,4.21492146545777,0.00686297098340191,0.0416733013650553,0.0294142220720067,"CAPZA2/CAPZB/CAPG",3
"Drug_B_Up","GO:1904646","cellular response to amyloid-beta","3/159","46/18842",0.0652173913043478,7.72846595570139,8.33631484794276,4.21492146545777,0.00686297098340191,0.0416733013650553,0.0294142220720067,"CACNA1A/APP/PARP1",3
"Drug_B_Up","GO:0005513","detection of calcium ion","2/159","15/18842",0.133333333333333,15.8004192872117,18.2949534541891,5.29000785789628,0.00691328821583532,0.0416733013650553,0.0294142220720067,"CALM2/CALML3",2
"Drug_B_Up","GO:0010663","positive regulation of striated muscle cell apoptotic process","2/159","15/18842",0.133333333333333,15.8004192872117,18.2949534541891,5.29000785789628,0.00691328821583532,0.0416733013650553,0.0294142220720067,"CAMK2D/CAPN2",2
"Drug_B_Up","GO:0010666","positive regulation of cardiac muscle cell apoptotic process","2/159","15/18842",0.133333333333333,15.8004192872117,18.2949534541891,5.29000785789628,0.00691328821583532,0.0416733013650553,0.0294142220720067,"CAMK2D/CAPN2",2
"Drug_B_Up","GO:0042167","heme catabolic process","2/159","15/18842",0.133333333333333,15.8004192872117,18.2949534541891,5.29000785789628,0.00691328821583532,0.0416733013650553,0.0294142220720067,"BLVRA/AMBP",2
"Drug_B_Up","GO:0046149","pigment catabolic process","2/159","15/18842",0.133333333333333,15.8004192872117,18.2949534541891,5.29000785789628,0.00691328821583532,0.0416733013650553,0.0294142220720067,"BLVRA/AMBP",2
"Drug_B_Up","GO:0051044","positive regulation of membrane protein ectodomain proteolysis","2/159","15/18842",0.133333333333333,15.8004192872117,18.2949534541891,5.29000785789628,0.00691328821583532,0.0416733013650553,0.0294142220720067,"APOE/APP",2
"Drug_B_Up","GO:0060143","positive regulation of syncytium formation by plasma membrane fusion","2/159","15/18842",0.133333333333333,15.8004192872117,18.2949534541891,5.29000785789628,0.00691328821583532,0.0416733013650553,0.0294142220720067,"ADGRB1/CAPN2",2
"Drug_B_Up","GO:0061795","Golgi lumen acidification","2/159","15/18842",0.133333333333333,15.8004192872117,18.2949534541891,5.29000785789628,0.00691328821583532,0.0416733013650553,0.0294142220720067,"ATP6V0C/ATP6V0B",2
"Drug_B_Up","GO:1902950","regulation of dendritic spine maintenance","2/159","15/18842",0.133333333333333,15.8004192872117,18.2949534541891,5.29000785789628,0.00691328821583532,0.0416733013650553,0.0294142220720067,"APOE/APP",2
"Drug_B_Up","GO:0010659","cardiac muscle cell apoptotic process","3/159","47/18842",0.0638297872340425,7.56403050983541,8.14641608391608,4.15647894596133,0.00728613211321576,0.0435722265659371,0.0307545384310966,"CAMK2D/CAPN2/APAF1",3
"Drug_B_Up","GO:0032507","maintenance of protein location in cell","3/159","47/18842",0.0638297872340425,7.56403050983541,8.14641608391608,4.15647894596133,0.00728613211321576,0.0435722265659371,0.0307545384310966,"CAV1/AKT1/BBS4",3
"Drug_B_Up","GO:0045185","maintenance of protein location","3/159","47/18842",0.0638297872340425,7.56403050983541,8.14641608391608,4.15647894596133,0.00728613211321576,0.0435722265659371,0.0307545384310966,"CAV1/AKT1/BBS4",3
"Drug_B_Up","GO:1902175","regulation of oxidative stress-induced intrinsic apoptotic signaling pathway","3/159","47/18842",0.0638297872340425,7.56403050983541,8.14641608391608,4.15647894596133,0.00728613211321576,0.0435722265659371,0.0307545384310966,"CA3/PARP1/AKT1",3
"Drug_B_Up","GO:0030041","actin filament polymerization","5/159","143/18842",0.034965034965035,4.14346659629679,4.36311876529268,3.48092693662508,0.00734103942757009,0.0438136491776163,0.0309249414968612,"CAPZA2/CAPZB/CAPG/ALOX15/ARHGAP6",5
"Drug_B_Up","GO:0007044","cell-substrate junction assembly","4/159","91/18842",0.043956043956044,5.20892943534453,5.51605487578791,3.71284957231024,0.00739197510002762,0.0440304603784254,0.0310779731166129,"RHOA/DST/ARHGAP6/BCR",4
"Drug_B_Up","GO:0071356","cellular response to tumor necrosis factor","6/159","202/18842",0.0297029702970297,3.51989538576499,3.69887955182073,3.32171579839846,0.00742535851877538,0.044102291010328,0.0311286732552903,"TNFRSF17/ZFP36L2/CASP8/FAS/BIRC2/BRCA1",6
"Drug_B_Up","GO:0043254","regulation of protein-containing complex assembly","9/159","404/18842",0.0222772277227723,2.63992153932374,2.77792405063291,3.07385995642253,0.00743329921474672,0.044102291010328,0.0311286732552903,"APOE/CAPZA2/CAPZB/ATM/BID/CAPG/ALOX15/BAK1/BTK",9
"Drug_B_Up","GO:0071677","positive regulation of mononuclear cell migration","4/159","92/18842",0.0434782608695652,5.15231063713426,5.45307917888563,3.68307314220399,0.00767821966552358,0.0454659215557722,0.0320911631558746,"RHOA/APP/C5AR1/CALR",4
"Drug_B_Up","GO:0033555","multicellular organismal response to stress","3/159","48/18842",0.0625,7.4064465408805,7.96495726495727,4.09973177534136,0.0077244320322654,0.0455605443155537,0.032157950637982,"APOE/CAPN2/AKT1",3
"Drug_B_Up","GO:0042168","heme metabolic process","3/159","48/18842",0.0625,7.4064465408805,7.96495726495727,4.09973177534136,0.0077244320322654,0.0455605443155537,0.032157950637982,"ALAD/BLVRA/AMBP",3
"Drug_B_Up","GO:0003356","regulation of cilium beat frequency","2/159","16/18842",0.125,14.812893081761,16.9872611464968,5.09909196024161,0.00785738582947011,0.0457184573166465,0.0322694102039404,"BBS1/BBS4",2
"Drug_B_Up","GO:0006787","porphyrin-containing compound catabolic process","2/159","16/18842",0.125,14.812893081761,16.9872611464968,5.09909196024161,0.00785738582947011,0.0457184573166465,0.0322694102039404,"BLVRA/AMBP",2
"Drug_B_Up","GO:0033015","tetrapyrrole catabolic process","2/159","16/18842",0.125,14.812893081761,16.9872611464968,5.09909196024161,0.00785738582947011,0.0457184573166465,0.0322694102039404,"BLVRA/AMBP",2
"Drug_B_Up","GO:0048668","collateral sprouting","2/159","16/18842",0.125,14.812893081761,16.9872611464968,5.09909196024161,0.00785738582947011,0.0457184573166465,0.0322694102039404,"APP/BDNF",2
"Drug_B_Up","GO:0160049","negative regulation of cGAS/STING signaling pathway","2/159","16/18842",0.125,14.812893081761,16.9872611464968,5.09909196024161,0.00785738582947011,0.0457184573166465,0.0322694102039404,"PARP1/AKT1",2
"Drug_B_Up","GO:1903897","regulation of PERK-mediated unfolded protein response","2/159","16/18842",0.125,14.812893081761,16.9872611464968,5.09909196024161,0.00785738582947011,0.0457184573166465,0.0322694102039404,"BOK/AKT1",2
"Drug_B_Up","GO:1904044","response to aldosterone","2/159","16/18842",0.125,14.812893081761,16.9872611464968,5.09909196024161,0.00785738582947011,0.0457184573166465,0.0322694102039404,"PARP1/HCN2",2
"Drug_B_Up","GO:0071383","cellular response to steroid hormone stimulus","6/159","205/18842",0.0292682926829268,3.46838472158306,3.64252635727658,3.27815140142946,0.00795668966159148,0.0462050076079338,0.0326128314796333,"ZFP36L2/CALR/PARP1/AR/HCN2/BRCA1",6
"Drug_B_Up","GO:0051928","positive regulation of calcium ion transport","4/159","93/18842",0.043010752688172,5.09690944748766,5.3915186661834,3.65372632925943,0.00797166687329979,0.0462050076079338,0.0326128314796333,"BDKRB1/CACNA1D/ATP2A1/CAV1",4
"Drug_B_Up","GO:0030162","regulation of proteolysis","5/159","146/18842",0.0342465753424658,4.05832687171534,4.26959565257438,3.42226163652604,0.00799443197549368,0.0462480191442187,0.0326431902666385,"APOE/APP/AKT1/CASP8/BAK1",5
"Drug_B_Up","GO:0071805","potassium ion transmembrane transport","6/159","206/18842",0.029126213592233,3.45154790254625,3.62411764705882,3.26381003210619,0.00813973682520519,0.0469984038144989,0.033172833482032,"ATP1B2/CACNA1D/CAV1/ATP4A/HCN2/FXYD2",6
"Drug_B_Up","GO:0031100","animal organ regeneration","3/159","49/18842",0.0612244897959184,7.25529457065845,7.79138795986622,4.04459442808745,0.00817799217261994,0.0470390618478559,0.0332015310985635,"ATIC/CA3/BAK1",3
"Drug_B_Up","GO:0055090","acylglycerol homeostasis","3/159","49/18842",0.0612244897959184,7.25529457065845,7.79138795986622,4.04459442808745,0.00817799217261994,0.0470390618478559,0.0332015310985635,"APOE/APOC4/APOA4",3
"Drug_B_Up","GO:0006520","amino acid metabolic process","7/159","271/18842",0.025830258302583,3.06096683608345,3.213043261563,3.15257359630912,0.00825827527924839,0.0473202313529556,0.0333999886719252,"ART4/AGXT/BLMH/AUH/ATP7A/BCKDHB/ASL",7
"Drug_B_Up","GO:0051146","striated muscle cell differentiation","7/159","271/18842",0.025830258302583,3.06096683608345,3.213043261563,3.15257359630912,0.00825827527924839,0.0473202313529556,0.0333999886719252,"ADGRB1/CASP7/ARRB2/CALR/CAPN2/CASP3/BDNF",7
"Drug_B_Up","GO:0050804","modulation of chemical synaptic transmission","10/159","486/18842",0.0205761316872428,2.4383363097549,2.56711409395973,2.96358088001505,0.0083399883205914,0.0476977700156783,0.0336664663855293,"APOE/CACNA1A/ADGRB1/APP/CAMK2D/ARRB2/CAMK2B/CALM2/BDNF/BCR",10
"Drug_B_Up","GO:0099177","regulation of trans-synaptic signaling","10/159","488/18842",0.0204918032786885,2.42834312815754,2.55609221869647,2.94920069159019,0.00857035119153601,0.048922421385018,0.0345308607617509,"APOE/CACNA1A/ADGRB1/APP/CAMK2D/ARRB2/CAMK2B/CALM2/BDNF/BCR",10
"Drug_B_Up","GO:0010658","striated muscle cell apoptotic process","3/159","50/18842",0.06,7.11018867924528,7.62520458265139,3.99098735295699,0.00864692754630888,0.0491732823105188,0.0347079256625427,"CAMK2D/CAPN2/APAF1",3
"Drug_B_Up","GO:0072583","clathrin-dependent endocytosis","3/159","50/18842",0.06,7.11018867924528,7.62520458265139,3.99098735295699,0.00864692754630888,0.0491732823105188,0.0347079256625427,"AP2A1/AP2A2/CANX",3
"Drug_B_Up","GO:0007584","response to nutrient","5/159","149/18842",0.0335570469798658,3.97661559241906,4.17996933621934,3.36514369415481,0.00868720408344773,0.0493092902213022,0.0348039239818572,"ALPL/ALAD/APAF1/AMELX/BCKDHB",5
"Drug_B_Up","GO:0001783","B cell apoptotic process","2/159","17/18842",0.117647058823529,13.9415464298927,15.8539278131635,4.92459333610306,0.00885602506451089,0.0493383725405468,0.0348244511243827,"BCL6/BTK",2
"Drug_B_Up","GO:0002430","complement receptor mediated signaling pathway","2/159","17/18842",0.117647058823529,13.9415464298927,15.8539278131635,4.92459333610306,0.00885602506451089,0.0493383725405468,0.0348244511243827,"C5AR1/AKT1",2
"Drug_B_Up","GO:0035640","exploration behavior","2/159","17/18842",0.117647058823529,13.9415464298927,15.8539278131635,4.92459333610306,0.00885602506451089,0.0493383725405468,0.0348244511243827,"APOE/AGTR2",2
"Drug_B_Up","GO:0043117","positive regulation of vascular permeability","2/159","17/18842",0.117647058823529,13.9415464298927,15.8539278131635,4.92459333610306,0.00885602506451089,0.0493383725405468,0.0348244511243827,"APOE/ANGPT1",2
"Drug_B_Up","GO:0043455","regulation of secondary metabolic process","2/159","17/18842",0.117647058823529,13.9415464298927,15.8539278131635,4.92459333610306,0.00885602506451089,0.0493383725405468,0.0348244511243827,"ASIP/ATP7A",2
"Drug_B_Up","GO:0044320","cellular response to leptin stimulus","2/159","17/18842",0.117647058823529,13.9415464298927,15.8539278131635,4.92459333610306,0.00885602506451089,0.0493383725405468,0.0348244511243827,"CA3/BBS4",2
"Drug_B_Up","GO:0048021","regulation of melanin biosynthetic process","2/159","17/18842",0.117647058823529,13.9415464298927,15.8539278131635,4.92459333610306,0.00885602506451089,0.0493383725405468,0.0348244511243827,"ASIP/ATP7A",2
"Drug_B_Up","GO:0051900","regulation of mitochondrial depolarization","2/159","17/18842",0.117647058823529,13.9415464298927,15.8539278131635,4.92459333610306,0.00885602506451089,0.0493383725405468,0.0348244511243827,"PARP1/BOK",2
"Drug_B_Up","GO:0090190","positive regulation of branching involved in ureteric bud morphogenesis","2/159","17/18842",0.117647058823529,13.9415464298927,15.8539278131635,4.92459333610306,0.00885602506451089,0.0493383725405468,0.0348244511243827,"AGTR2/AGT",2
"Drug_B_Up","GO:1900376","regulation of secondary metabolite biosynthetic process","2/159","17/18842",0.117647058823529,13.9415464298927,15.8539278131635,4.92459333610306,0.00885602506451089,0.0493383725405468,0.0348244511243827,"ASIP/ATP7A",2
"Drug_B_Up","GO:0099504","synaptic vesicle cycle","6/159","210/18842",0.0285714285714286,3.38580413297394,3.55228758169935,3.2073172956578,0.0089023252984527,0.0495048126375211,0.0349419293613768,"AP2A1/AP2A2/CAPN2/CANX/CASP3/ATP6V0C",6
"Drug_B_Down","GO:0120254","olefinic compound metabolic process","13/127","165/18842",0.0787878787878788,11.6891434025292,13.9265350877193,11.3603113909433,8.87675786950964e-11,1.86234380102312e-07,1.69966553311979e-07,"CYP17A1/CYP3A7/CYP11B1/CYP2J2/CYP4A11/CYP21A2/EPHX1/EPHX2/CYP3A4/EDNRB/CYP3A5/CYP1B1/AKR1C2",13
"Drug_B_Down","GO:0042445","hormone metabolic process","13/127","219/18842",0.0593607305936073,8.80688886491928,10.2459972747402,9.57269346693809,2.93132459555815e-09,3.0749595007405e-06,2.80635759964225e-06,"CYP17A1/CYP3A7/CYP11B1/CYP21A2/CTSL/CYP3A4/ENPEP/ACE/EDNRB/CYP3A5/CYP1B1/AKR1C2/CTSG",13
"Drug_B_Down","GO:0034308","primary alcohol metabolic process","9/127","106/18842",0.0849056603773585,12.5967909671668,14.6393499912633,9.86305017264824,4.08560990598065e-08,2.85720319424913e-05,2.60762260315045e-05,"CYP17A1/CYP3A7/CYP11B1/CYP21A2/CYP3A4/EDNRB/CYP3A5/CYP1B1/AKR1C2",9
"Drug_B_Down","GO:0010817","regulation of hormone levels","15/127","487/18842",0.0308008213552361,4.56967776358551,5.17639603510896,6.57468907972888,1.01752956663848e-06,0.000496096664964965,0.000452761945497602,"CYP17A1/CYP3A7/CYP11B1/CYP21A2/CTSL/CYP3A4/ENPEP/ACE/EDNRB/CYP3A5/CYP1B1/EDN3/EFNA5/AKR1C2/CTSG",15
"Drug_B_Down","GO:0008202","steroid metabolic process","12/127","308/18842",0.038961038961039,5.78034563861336,6.49318448883666,6.96801372547406,1.18230854376779e-06,0.000496096664964965,0.000452761945497602,"CYP8B1/CYP17A1/CYP3A7/CYP11B1/CYP21A2/EPHX2/CYP3A4/EDNRB/CYP3A5/CYP1B1/DHCR24/AKR1C2",12
"Drug_B_Down","GO:0001990","regulation of systemic arterial blood pressure by hormone","5/127","41/18842",0.121951219512195,18.0929517956597,21.2647996357013,9.02562823617948,7.93001394016474e-06,0.0027728615410776,0.00253064830827362,"ENPEP/ACE/EDNRB/EDN3/CTSG",5
"Drug_B_Down","GO:0001991","regulation of systemic arterial blood pressure by circulatory renin-angiotensin","4/127","21/18842",0.19047619047619,28.2594675665542,35.7685318029651,10.2959064646092,1.07792597999761e-05,0.00323069815147857,0.00294849226709122,"ENPEP/ACE/EDNRB/CTSG",4
"Drug_B_Down","GO:0008217","regulation of blood pressure","8/127","162/18842",0.0493827160493827,7.3265286283659,8.10258648914111,6.6618288117165,1.41517621085538e-05,0.0033790293783096,0.00308386655920183,"CYP11B1/ENPEP/ACE/ENG/EDNRB/EDN3/DRD5/CTSG",8
"Drug_B_Down","GO:1902644","tertiary alcohol metabolic process","4/127","24/18842",0.166666666666667,24.7270341207349,30.3983739837398,9.58122994369751,1.8840523990769e-05,0.0033790293783096,0.00308386655920183,"CYP17A1/CYP11B1/CYP21A2/AKR1C2",4
"Drug_B_Down","GO:0006066","alcohol metabolic process","11/127","339/18842",0.0324483775811209,4.8141128376652,5.31583788898234,5.83755830651711,1.88691811947392e-05,0.0033790293783096,0.00308386655920183,"CYP17A1/CYP3A7/CYP11B1/CYP21A2/EPHX2/CYP3A4/EDNRB/CYP3A5/CYP1B1/DHCR24/AKR1C2",11
"Drug_B_Down","GO:0003073","regulation of systemic arterial blood pressure","6/127","82/18842",0.0731707317073171,10.8557710773958,12.1611570247934,7.36783745556544,1.91813617077661e-05,0.0033790293783096,0.00308386655920183,"ENPEP/ACE/ENG/EDNRB/EDN3/CTSG",6
"Drug_B_Down","GO:0003044","regulation of systemic arterial blood pressure mediated by a chemical signal","5/127","49/18842",0.102040816326531,15.1390004820826,17.3910208643815,8.16352283617917,1.93271461104458e-05,0.0033790293783096,0.00308386655920183,"ENPEP/ACE/EDNRB/EDN3/CTSG",5
"Drug_B_Down","GO:0001788","antibody-dependent cellular cytotoxicity","3/127","10/18842",0.3,44.5086614173228,64.6589861751152,11.3366938566876,3.46674679093762e-05,0.00466197035836417,0.00425474089702695,"FCGR3A/FCGR1BP/FCGR2A",3
"Drug_B_Down","GO:0001794","type IIa hypersensitivity","3/127","10/18842",0.3,44.5086614173228,64.6589861751152,11.3366938566876,3.46674679093762e-05,0.00466197035836417,0.00425474089702695,"FCGR3A/FCGR1BP/FCGR2A",3
"Drug_B_Down","GO:0002445","type II hypersensitivity","3/127","10/18842",0.3,44.5086614173228,64.6589861751152,11.3366938566876,3.46674679093762e-05,0.00466197035836417,0.00425474089702695,"FCGR3A/FCGR1BP/FCGR2A",3
"Drug_B_Down","GO:0003081","regulation of systemic arterial blood pressure by renin-angiotensin","4/127","28/18842",0.142857142857143,21.1946006749156,25.3265582655827,8.8091222147111,3.55536347635018e-05,0.00466197035836417,0.00425474089702695,"ENPEP/ACE/EDNRB/CTSG",4
"Drug_B_Down","GO:0019748","secondary metabolic process","5/127","58/18842",0.0862068965517241,12.7898452348629,14.4308691617693,7.40776131781531,4.42459157272185e-05,0.00546046654092378,0.00498348735032882,"CYP3A4/DCT/CYP3A5/CYP1B1/AKR1C2",5
"Drug_B_Down","GO:0070989","oxidative demethylation","3/127","11/18842",0.272727272727273,40.4624194702935,56.5735887096774,10.7845562277585,4.7432930289813e-05,0.00552857154155709,0.0050456432863842,"CYP3A7/CYP3A4/CYP3A5",3
"Drug_B_Down","GO:0034651","cortisol biosynthetic process","3/127","12/18842",0.25,37.0905511811024,50.2849462365591,10.3019134591056,6.29324231606649e-05,0.00660161118955375,0.00602495145943418,"CYP17A1/CYP11B1/CYP21A2",3
"Drug_B_Down","GO:1902645","tertiary alcohol biosynthetic process","3/127","12/18842",0.25,37.0905511811024,50.2849462365591,10.3019134591056,6.29324231606649e-05,0.00660161118955375,0.00602495145943418,"CYP17A1/CYP11B1/CYP21A2",3
"Drug_B_Down","GO:0015012","heparan sulfate proteoglycan biosynthetic process","4/127","34/18842",0.117647058823529,17.4543770264011,20.2547425474255,7.9105834122377,7.8049693486081e-05,0.00711653254543159,0.00649489373345043,"EXT1/EXTL1/CTNNB1/EXT2",4
"Drug_B_Down","GO:0002002","regulation of angiotensin levels in blood","3/127","13/18842",0.230769230769231,34.2374318594791,45.2540322580645,9.87516652700257,8.14093332175206e-05,0.00711653254543159,0.00649489373345043,"ENPEP/ACE/CTSG",3
"Drug_B_Down","GO:0002003","angiotensin maturation","3/127","13/18842",0.230769230769231,34.2374318594791,45.2540322580645,9.87516652700257,8.14093332175206e-05,0.00711653254543159,0.00649489373345043,"ENPEP/ACE/CTSG",3
"Drug_B_Down","GO:0008212","mineralocorticoid metabolic process","3/127","13/18842",0.230769230769231,34.2374318594791,45.2540322580645,9.87516652700257,8.14093332175206e-05,0.00711653254543159,0.00649489373345043,"CYP11B1/CYP21A2/EDNRB",3
"Drug_B_Down","GO:0008207","C21-steroid hormone metabolic process","4/127","35/18842",0.114285714285714,16.9556805399325,19.6003147128245,7.78302654805558,8.76627950052015e-05,0.00735666175683651,0.00671404733113523,"CYP17A1/CYP11B1/EDNRB/AKR1C2",4
"Drug_B_Down","GO:0038094","Fc-gamma receptor signaling pathway","4/127","36/18842",0.111111111111111,16.4846894138233,18.9867886178862,7.66062940019705,9.81083598338121e-05,0.00773090561664146,0.00705560047999138,"FCGR3A/FCGR1BP/FCGR2A/FCER2",4
"Drug_B_Down","GO:0034650","cortisol metabolic process","3/127","14/18842",0.214285714285714,31.7919010123735,41.1378299120235,9.49417744807212,0.000103101876315813,0.00773090561664146,0.00705560047999138,"CYP17A1/CYP11B1/CYP21A2",3
"Drug_B_Down","GO:0016125","sterol metabolic process","7/127","160/18842",0.04375,6.49084645669291,7.07701525054466,5.74574736385228,0.000106328607141386,0.00773090561664146,0.00705560047999138,"CYP8B1/CYP11B1/CYP21A2/EPHX2/CYP3A4/CYP1B1/DHCR24",7
"Drug_B_Down","GO:0016486","peptide hormone processing","4/127","37/18842",0.108108108108108,16.0391572675037,18.410445922641,7.54304352250743,0.000109428991799989,0.00773090561664146,0.00705560047999138,"CTSL/ENPEP/ACE/CTSG",4
"Drug_B_Down","GO:0006694","steroid biosynthetic process","7/127","161/18842",0.0434782608695652,6.45053064019172,7.03068181818182,5.72150896418782,0.000110546791467704,0.00773090561664146,0.00705560047999138,"CYP8B1/CYP17A1/CYP3A7/CYP11B1/CYP21A2/CYP3A4/DHCR24",7
"Drug_B_Down","GO:0070988","demethylation","3/127","15/18842",0.2,29.6724409448819,37.7076612903226,9.15121280500608,0.000128243166617255,0.00867916656654842,0.00792102954420329,"CYP3A7/CYP3A4/CYP3A5",3
"Drug_B_Down","GO:0030258","lipid modification","7/127","166/18842",0.0421686746987952,6.25623754861968,6.80775681341719,5.60332761202129,0.000133730652138363,0.00876771588082142,0.00800184395525271,"DGKA/CYP3A7/ETFB/EHHADH/EPHX2/CYP3A4/CYP3A5",7
"Drug_B_Down","GO:0002524","hypersensitivity","3/127","16/18842",0.1875,27.8179133858268,34.8052109181141,8.84025652518534,0.000157061284980889,0.00969160517323253,0.00884503025945009,"FCGR3A/FCGR1BP/FCGR2A",3
"Drug_B_Down","GO:0034309","primary alcohol biosynthetic process","3/127","16/18842",0.1875,27.8179133858268,34.8052109181141,8.84025652518534,0.000157061284980889,0.00969160517323253,0.00884503025945009,"CYP17A1/CYP11B1/CYP21A2",3
"Drug_B_Down","GO:0140448","signaling receptor ligand precursor processing","4/127","41/18842",0.0975609756097561,14.4743614365277,16.4166117336849,7.11489615719233,0.000164335678330252,0.00985075008962483,0.00899027365060838,"CTSL/ENPEP/ACE/CTSG",4
"Drug_B_Down","GO:0008210","estrogen metabolic process","4/127","42/18842",0.0952380952380952,14.1297337832771,15.9837398373984,7.01714677483144,0.000180691723218559,0.0105303120920149,0.00961047498639061,"CYP3A7/CYP3A4/CYP3A5/CYP1B1",4
"Drug_B_Down","GO:0042537","benzene-containing compound metabolic process","3/127","17/18842",0.176470588235294,26.1815655396017,32.3173963133641,8.55654846392191,0.0001897793466061,0.0107610018697189,0.00982101369776662,"FAH/EPHX2/CYP4B1",3
"Drug_B_Down","GO:0006704","glucocorticoid biosynthetic process","3/127","18/18842",0.166666666666667,24.7270341207349,30.1612903225806,8.29626603023746,0.000226615567934838,0.0121907554237766,0.0111258763312677,"CYP17A1/CYP11B1/CYP21A2",3
"Drug_B_Down","GO:0019373","epoxygenase P450 pathway","3/127","18/18842",0.166666666666667,24.7270341207349,30.1612903225806,8.29626603023746,0.000226615567934838,0.0121907554237766,0.0111258763312677,"CYP2J2/CYP4A11/CYP1B1",3
"Drug_B_Down","GO:0030201","heparan sulfate proteoglycan metabolic process","4/127","46/18842",0.0869565217391304,12.9010612803834,14.4583817266744,6.65718780048038,0.000258011490049077,0.0135327026530741,0.0123506026420861,"EXT1/EXTL1/CTNNB1/EXT2",4
"Drug_B_Down","GO:0009404","toxin metabolic process","3/127","19/18842",0.157894736842105,23.4256112722752,28.2746975806452,8.05629923194701,0.000267783332820267,0.0137026690794371,0.0125057222695781,"CYP3A4/CYP3A5/CYP1B1",3
"Drug_B_Down","GO:0006805","xenobiotic metabolic process","6/127","135/18842",0.0444444444444444,6.59387576552931,7.14433980395925,5.37324381619851,0.000307796487961666,0.0153751674224661,0.0140321256040669,"CYP3A7/CYP2J2/EPHX1/CYP3A4/CYP3A5/CYP1B1",6
"Drug_B_Down","GO:0050886","endocrine process","5/127","89/18842",0.0561797752808989,8.33495532159604,9.09006635441062,5.71368138428784,0.000339355411376216,0.0165573872806349,0.0151110769472053,"ENPEP/ACE/EDNRB/EDN3/CTSG",5
"Drug_B_Down","GO:0048013","ephrin receptor signaling pathway","4/127","51/18842",0.0784313725490196,11.6362513509341,12.9167964020066,6.2655276825269,0.000384984704079536,0.0183567706627015,0.0167532817397291,"EFNA4/EPHA1/EFNB1/EFNA5",4
"Drug_B_Down","GO:0008015","blood circulation","11/127","480/18842",0.0229166666666667,3.39996719160105,3.68917726637747,4.38757801307793,0.00040869661832142,0.019054344560852,0.0173899216076413,"DSG2/CYP11B1/CYP2J2/DMD/ENPEP/ACE/ENG/EDNRB/EDN3/DRD5/CTSG",11
"Drug_B_Down","GO:0042572","retinol metabolic process","4/127","54/18842",0.0740740740740741,10.9897929425488,12.139837398374,6.05580678789596,0.000479673048987649,0.021877262103828,0.0199662534578612,"CYP3A7/CYP3A4/CYP3A5/CYP1B1",4
"Drug_B_Down","GO:0180064","protein O-linked glycosylation via xylose","4/127","55/18842",0.0727272727272727,10.7899785254116,11.9011637175195,5.98953746449694,0.000514616954620308,0.022971624910498,0.020965022182628,"EXT1/EXTL1/CTNNB1/EXT2",4
"Drug_B_Down","GO:0008211","glucocorticoid metabolic process","3/127","24/18842",0.125,18.5452755905512,21.536866359447,7.08496978607654,0.000545733649786451,0.0238531082760828,0.0217695067754727,"CYP17A1/CYP11B1/CYP21A2",3
"Drug_B_Down","GO:0002526","acute inflammatory response","5/127","100/18842",0.05,7.41811023622047,8.0327868852459,5.30100391472286,0.000580323558619672,0.0245427694198266,0.0223989250788544,"FCGR3A/FCGR1BP/F8/FCGR2A/EDNRB",5
"Drug_B_Down","GO:0014706","striated muscle tissue development","8/127","277/18842",0.0288808664259928,4.28482901731146,4.60991534160132,4.53695107263228,0.000584908708766125,0.0245427694198266,0.0223989250788544,"EEF2/FGF3/DSG2/ERBB4/DMD/CTNNB1/ENG/DDX5",8
"Drug_B_Down","GO:0002027","regulation of heart rate","5/127","102/18842",0.0490196078431373,7.2726570943338,7.86631739056955,5.2326990636972,0.000635187447198021,0.0261298679259108,0.0238473883684871,"DSG2/DMD/ACE/EDNRB/EDN3",5
"Drug_B_Down","GO:0038093","Fc receptor signaling pathway","4/127","59/18842",0.0677966101694915,10.0584545575871,11.0332594235033,5.74059034335305,0.000672636888787335,0.0271383113976121,0.0247677429292341,"FCGR3A/FCGR1BP/FCGR2A/FCER2",4
"Drug_B_Down","GO:0002444","myeloid leukocyte mediated immunity","5/127","104/18842",0.0480769230769231,7.13279830405815,7.70657393608213,5.1662171131942,0.000693849935943476,0.0274659842567814,0.0250667931177991,"FCGR3A/FCGR1BP/FCGR2A/ACE/CTSG",5
"Drug_B_Down","GO:0019369","arachidonate metabolic process","4/127","60/18842",0.0666666666666667,9.89081364829396,10.835656213705,5.68205108724011,0.000716955716072609,0.0278550572651914,0.0254218800689293,"CYP2J2/CYP4A11/EPHX1/CYP1B1",4
"Drug_B_Down","GO:0002438","acute inflammatory response to antigenic stimulus","3/127","27/18842",0.111111111111111,16.4846894138233,18.8417338709677,6.63271274850089,0.000777123499076447,0.0296437291102252,0.0270543089917714,"FCGR3A/FCGR1BP/FCGR2A",3
"Drug_B_Down","GO:0009410","response to xenobiotic stimulus","9/127","368/18842",0.0244565217391304,3.62842348510784,3.89981587271611,4.19466901675295,0.000879047318584946,0.0329328798998432,0.0300561479794364,"EEF2/CYP3A7/CYP2J2/CYBB/EPHX1/CTNNB1/CYP3A4/CYP3A5/CYP1B1",9
"Drug_B_Down","GO:0006909","phagocytosis","7/127","228/18842",0.0307017543859649,4.55497996960906,4.8815233785822,4.44880782866572,0.000906316311114774,0.0333588003634876,0.0304448637103929,"FCN2/FCGR1BP/DOCK2/FCGR2A/DNASE2/FCER2/DOCK1",7
"Drug_B_Down","GO:0001676","long-chain fatty acid metabolic process","5/127","111/18842",0.045045045045045,6.68298219479322,7.19494277760594,4.9467073995748,0.00093147901712824,0.0334362867047287,0.0305155815141746,"CYP2J2/CYP4A11/EPHX1/CYP3A4/CYP1B1",5
"Drug_B_Down","GO:0060537","muscle tissue development","8/127","298/18842",0.0268456375838926,3.98287797917878,4.27122573167198,4.27563703556114,0.000940295955948041,0.0334362867047287,0.0305155815141746,"EEF2/FGF3/DSG2/ERBB4/DMD/CTNNB1/ENG/DDX5",8
"Drug_B_Down","GO:0033559","unsaturated fatty acid metabolic process","5/127","114/18842",0.043859649122807,6.50711424229866,6.99578884042713,4.85836042703199,0.00104997922016733,0.0365565820540194,0.0333633148142398,"CYP2J2/CYP4A11/EPHX1/CYP1B1/AKR1C2",5
"Drug_B_Down","GO:0042178","xenobiotic catabolic process","3/127","30/18842",0.1,14.8362204724409,16.7455197132617,6.24769090723511,0.00106289394913974,0.0365565820540194,0.0333633148142398,"CYP3A4/CYP3A5/CYP1B1",3
"Drug_B_Down","GO:0120255","olefinic compound biosynthetic process","3/127","31/18842",0.0967741935483871,14.3576327152654,16.1466013824885,6.13145185633864,0.00117101231796081,0.0396255458561578,0.0361642004477202,"CYP17A1/CYP11B1/CYP21A2",3
"Drug_B_Down","GO:0006631","fatty acid metabolic process","9/127","390/18842",0.0230769230769231,3.42374318594791,3.67022554384092,3.98433733718201,0.00131765128754852,0.043879879385346,0.0400469121478824,"ETFB/CYP2J2/CYP4A11/EHHADH/EPHX1/CYP3A4/CYP1B1/CYP4B1/AKR1C2",9
"Drug_B_Down","GO:0071466","cellular response to xenobiotic stimulus","6/127","179/18842",0.0335195530726257,4.9730347952316,5.31467061577414,4.39963932839824,0.00135301424322593,0.0443534981607502,0.0404791596780917,"CYP3A7/CYP2J2/EPHX1/CYP3A4/CYP3A5/CYP1B1",6
"Drug_B_Down","GO:0042573","retinoic acid metabolic process","3/127","33/18842",0.0909090909090909,13.4874731567645,15.0685483870968,5.91435792924828,0.00140748508592446,0.0454292878503002,0.0414609776728193,"CYP3A7/CYP3A4/CYP3A5",3
"Drug_B_Down","GO:0006690","icosanoid metabolic process","5/127","124/18842",0.0403225806451613,5.98234696469393,6.40446342471415,4.58536602372167,0.00152664655249947,0.0485288555627862,0.0442897939233897,"CYP2J2/CYP4A11/EPHX1/CYP1B1/AKR1C2",5
"Drug_C_Up","GO:0071214","cellular response to abiotic stimulus","17/144","311/18842",0.0546623794212219,7.15242050732404,8.37934543896299,9.60091048844054,2.53632135321967e-10,3.53563196638822e-07,3.50864557126748e-09,"TSPO/BLM/CD40/BRCA1/ATP1A1/OPN1SW/BAD/AVPR1A/CASP9/CAPN3/TNFRSF8/BMP6/CASP2/CDKN1A/FXYD2/ASCL1/CASP5",17
"Drug_C_Up","GO:0104004","cellular response to environmental stimulus","17/144","311/18842",0.0546623794212219,7.15242050732404,8.37934543896299,9.60091048844054,2.53632135321967e-10,3.53563196638822e-07,3.50864557126748e-09,"TSPO/BLM/CD40/BRCA1/ATP1A1/OPN1SW/BAD/AVPR1A/CASP9/CAPN3/TNFRSF8/BMP6/CASP2/CDKN1A/FXYD2/ASCL1/CASP5",17
"Drug_C_Up","GO:0036376","sodium ion export across plasma membrane","6/144","21/18842",0.285714285714286,37.3849206349206,54.1536231884058,14.6401448975274,8.85994808293164e-09,8.23384508507114e-06,8.17099866922778e-08,"ATP4B/ATP1A1/ATP1B1/ATP1B2/FXYD2/ATP1B3",6
"Drug_C_Up","GO:0010959","regulation of metal ion transport","15/144","332/18842",0.0451807228915663,5.91177208835341,6.74235199178344,7.92391270539461,3.92562683722939e-08,2.73616190554888e-05,2.71527762036326e-07,"TSPO/CALCA/CACNA1F/ATP1A1/CD19/ATP1B1/CD63/CALM2/ATP1B2/CAPN3/CALM3/CASR/CD4/FXYD2/ATP1B3",15
"Drug_C_Up","GO:0050673","epithelial cell proliferation","15/144","356/18842",0.0421348314606742,5.51322565543071,6.2596330900907,7.5444262237639,9.78323304696875e-08,5.45513074698977e-05,5.41349340600715e-07,"AREG/CALCA/CDH3/CD34/C5AR1/BAD/CAV2/CDKN1C/BMP4/BMP6/RUNX3/BMPR2/CDC42/CDKN2B/BTK",15
"Drug_C_Up","GO:0043269","regulation of monoatomic ion transport","15/144","383/18842",0.0391644908616188,5.12456483899043,5.79183518705763,7.15663849885889,2.5111219971985e-07,0.000116683468803157,1.15792859649513e-06,"TSPO/CALCA/CACNA1F/ATP1A1/CD19/ATP1B1/CD63/CALM2/ATP1B2/CAPN3/CALM3/CASR/CD4/FXYD2/ATP1B3",15
"Drug_C_Up","GO:0030007","intracellular potassium ion homeostasis","5/144","22/18842",0.227272727272727,29.7380050505051,39.5281421921286,11.8356956994401,5.76706377121708e-07,0.000229693911345046,2.27940728121421e-06,"ATP4B/ATP1A1/ATP1B1/ATP1B2/ATP1B3",5
"Drug_C_Up","GO:1904062","regulation of monoatomic cation transmembrane transport","12/144","257/18842",0.0466926070038911,6.10959792477302,6.84712430426716,7.23781784256304,6.76140063179349e-07,0.000235634812018003,2.3383628372044e-06,"CALCA/CACNA1F/CD19/ATP1B1/CD63/CALM2/ATP1B2/CAPN3/CALM3/CD4/FXYD2/ATP1B3",12
"Drug_C_Up","GO:0140115","export across plasma membrane","8/144","98/18842",0.0816326530612245,10.6814058956916,12.162091503268,8.43249265521126,8.43729869641021e-07,0.00025364719671736,2.51711185408221e-06,"ATP4B/ATP1A1/ATP1B1/CALM2/ATP1B2/CALM3/FXYD2/ATP1B3",8
"Drug_C_Up","GO:1903276","regulation of sodium ion export across plasma membrane","4/144","11/18842",0.363636363636364,47.5808080808081,76.2897959183673,13.5613308808163,1.03569775830916e-06,0.00025364719671736,2.51711185408221e-06,"ATP1B1/ATP1B2/FXYD2/ATP1B3",4
"Drug_C_Up","GO:1903278","positive regulation of sodium ion export across plasma membrane","4/144","11/18842",0.363636363636364,47.5808080808081,76.2897959183673,13.5613308808163,1.03569775830916e-06,0.00025364719671736,2.51711185408221e-06,"ATP1B1/ATP1B2/FXYD2/ATP1B3",4
"Drug_C_Up","GO:0086064","cell communication by electrical coupling involved in cardiac conduction","5/144","25/18842",0.2,26.1694444444444,33.5935251798561,11.0510637603475,1.14224858762657e-06,0.00025364719671736,2.51711185408221e-06,"ATP1A1/ATP1B1/CALM2/ATP1B2/CALM3",5
"Drug_C_Up","GO:0034765","regulation of monoatomic ion transmembrane transport","12/144","271/18842",0.044280442804428,5.7939729397294,6.47209547209547,6.97586748113153,1.18271648397621e-06,0.00025364719671736,2.51711185408221e-06,"CALCA/CACNA1F/CD19/ATP1B1/CD63/CALM2/ATP1B2/CAPN3/CALM3/CD4/FXYD2/ATP1B3",12
"Drug_C_Up","GO:0098659","inorganic cation import across plasma membrane","9/144","141/18842",0.0638297872340425,8.35195035460993,9.37676767676768,7.68980540848655,1.37616249816033e-06,0.000255782736324734,2.53830425096319e-06,"CACNA1E/CACNA1F/ATP4B/ATP1A1/ATP1B1/ATP1B2/CACNA1S/FXYD2/ATP1B3",9
"Drug_C_Up","GO:0099587","inorganic ion import across plasma membrane","9/144","141/18842",0.0638297872340425,8.35195035460993,9.37676767676768,7.68980540848655,1.37616249816033e-06,0.000255782736324734,2.53830425096319e-06,"CACNA1E/CACNA1F/ATP4B/ATP1A1/ATP1B1/ATP1B2/CACNA1S/FXYD2/ATP1B3",9
"Drug_C_Up","GO:0034762","regulation of transmembrane transport","14/144","388/18842",0.0360824742268041,4.72129152348225,5.27634718222953,6.49979922073143,1.70048733717706e-06,0.000296309918503102,2.94048275714787e-06,"CALCA/CACNA1F/CD19/ATP1B1/CD63/CALM2/ATP1B2/CAPN3/CALM3/C3/CD4/BRAF/FXYD2/ATP1B3",14
"Drug_C_Up","GO:0006883","intracellular sodium ion homeostasis","5/144","28/18842",0.178571428571429,23.3655753968254,29.2070691273069,10.3933167848001,2.07430277414803e-06,0.000319663280897175,3.17223389051561e-06,"ATP4B/ATP1A1/ATP1B1/ATP1B2/ATP1B3",5
"Drug_C_Up","GO:0002449","lymphocyte mediated immunity","13/144","339/18842",0.0383480825958702,5.01774008521796,5.59256310588676,6.55082889273572,2.08503409439266e-06,0.000319663280897175,3.17223389051561e-06,"CD1E/CD40/CD19/ARRB2/C4BPB/C1R/AZGP1/CD40LG/C3/CD74/CEBPG/BTK/C2",13
"Drug_C_Up","GO:0007584","response to nutrient","9/144","149/18842",0.0604026845637584,7.90352348993289,8.83714285714286,7.42437810403298,2.17848003480858e-06,0.000319663280897175,3.17223389051561e-06,"TSPO/ARSB/CAT/CD40/CDKN2D/CASR/CDKN2B/CD4/ASCL1",9
"Drug_C_Up","GO:0031667","response to nutrient levels","15/144","461/18842",0.0325379609544469,4.2575018076645,4.75857753676087,6.21421398011786,2.55827873136136e-06,0.000356624055151773,3.53902053044829e-06,"TSPO/ARSB/CAT/CD40/CDKN2D/ATF3/CASR/BMPR2/CBS/CDKN1A/CDKN2B/CD4/BBS2/BNIP1/ASCL1",15
"Drug_C_Up","GO:0055080","monoatomic cation homeostasis","15/144","466/18842",0.0321888412017167,4.21182045779685,4.70453256329604,6.1610448512943,2.91871227621869e-06,0.00037161830280559,3.68781854202074e-06,"ATP2A2/CALCA/CD40/ATP4B/ATP1A1/ATP1B1/BOK/AVPR1A/CAV2/ATP1B2/BMP6/CASR/ABCC6/ATP1B3/ATP6V1B2",15
"Drug_C_Up","GO:0055075","potassium ion homeostasis","5/144","30/18842",0.166666666666667,21.8078703703704,26.8676258992806,10.0093625244617,2.97097808451393e-06,0.00037161830280559,3.68781854202074e-06,"ATP4B/ATP1A1/ATP1B1/ATP1B2/ATP1B3",5
"Drug_C_Up","GO:1990573","potassium ion import across plasma membrane","6/144","53/18842",0.113207547169811,14.812893081761,17.2534690101758,8.83703133363513,3.06571770607194e-06,0.00037161830280559,3.68781854202074e-06,"ATP4B/ATP1A1/ATP1B1/ATP1B2/FXYD2/ATP1B3",6
"Drug_C_Up","GO:0030003","intracellular monoatomic cation homeostasis","14/144","410/18842",0.0341463414634146,4.4679539295393,4.97723387723388,6.23038178290076,3.23115010230234e-06,0.000375351936884122,3.72486990596051e-06,"ATP2A2/CALCA/CD40/ATP4B/ATP1A1/ATP1B1/BOK/AVPR1A/CAV2/ATP1B2/BMP6/CASR/ATP1B3/ATP6V1B2",14
"Drug_C_Up","GO:0061448","connective tissue development","10/144","203/18842",0.0492610837438424,6.44567597153804,7.15528574742866,6.84579916798878,3.70271989657697e-06,0.000385395198392902,3.82453594968015e-06,"CD34/CD44/BMP4/BMP6/RUNX3/RUNX1/CASR/BMP1/BMPR2/NKX3-2",10
"Drug_C_Up","GO:0045807","positive regulation of endocytosis","9/144","159/18842",0.0566037735849057,7.4064465408805,8.24355555555556,7.11914936516341,3.72297106215e-06,0.000385395198392902,3.82453594968015e-06,"ARRB2/CD63/ARRB1/CD151/CFB/C3/CDC42/BTK/C2",9
"Drug_C_Up","GO:0033273","response to vitamin","7/144","85/18842",0.0823529411764706,10.7756535947712,12.1972674527419,7.92700661280677,3.94805720359188e-06,0.000385395198392902,3.82453594968015e-06,"TSPO/CAT/CD40/CDKN2D/CASR/CD4/ASCL1",7
"Drug_C_Up","GO:0050801","monoatomic ion homeostasis","15/144","478/18842",0.0313807531380753,4.10608437935844,4.57958712140238,6.03641651878334,3.9760182032355e-06,0.000385395198392902,3.82453594968015e-06,"ATP2A2/CALCA/CD40/ATP4B/ATP1A1/ATP1B1/BOK/AVPR1A/CAV2/ATP1B2/BMP6/CASR/ABCC6/ATP1B3/ATP6V1B2",15
"Drug_C_Up","GO:0006873","intracellular monoatomic ion homeostasis","14/144","418/18842",0.0334928229665072,4.38244284954811,4.87654226961158,6.13708712702973,4.03773996988955e-06,0.000385395198392902,3.82453594968015e-06,"ATP2A2/CALCA/CD40/ATP4B/ATP1A1/ATP1B1/BOK/AVPR1A/CAV2/ATP1B2/BMP6/CASR/ATP1B3/ATP6V1B2",14
"Drug_C_Up","GO:0010644","cell communication by electrical coupling","5/144","32/18842",0.15625,20.4448784722222,24.8747668531841,9.66098633244872,4.14700715630813e-06,0.000385395198392902,3.82453594968015e-06,"ATP1A1/ATP1B1/CALM2/ATP1B2/CALM3",5
"Drug_C_Up","GO:0050678","regulation of epithelial cell proliferation","12/144","312/18842",0.0384615384615385,5.03258547008547,5.57515151515152,6.30316696639674,5.0773211068384e-06,0.000454777600459601,4.51306422425593e-06,"AREG/CDH3/C5AR1/BAD/CAV2/CDKN1C/BMP4/BMP6/RUNX3/CDC42/CDKN2B/BTK",12
"Drug_C_Up","GO:0051924","regulation of calcium ion transport","10/144","211/18842",0.0473933649289099,6.20129015271195,6.86752803148437,6.6676050876961,5.21982898662383e-06,0.000454777600459601,4.51306422425593e-06,"TSPO/CALCA/CACNA1F/CD19/ATP1B1/CALM2/CAPN3/CALM3/CASR/CD4",10
"Drug_C_Up","GO:0008630","intrinsic apoptotic signaling pathway in response to DNA damage","7/144","91/18842",0.0769230769230769,10.0651709401709,11.3223844282238,7.60711742697425,6.23200311965494e-06,0.000526509839321151,5.22491151093996e-06,"BRCA1/BOK/CDKN2D/CASP9/CD44/CASP2/CD74",7
"Drug_C_Up","GO:0001819","positive regulation of cytokine production","15/144","499/18842",0.030060120240481,3.93328323313293,4.37584086104171,5.82780125543746,6.67314929228902e-06,0.0005471982419677,5.43021645504183e-06,"CALCA/CAMP/BRCA1/CD34/C5AR1/CD28/CD36/TNFRSF8/CD40LG/RUNX1/C3/CD4/CD74/CEBPG/BTK",15
"Drug_C_Up","GO:0034764","positive regulation of transmembrane transport","9/144","172/18842",0.0523255813953488,6.84665697674419,7.58077709611452,6.75982296345152,7.06906997329229e-06,0.000563101916729683,5.58803932391218e-06,"CD19/ATP1B1/ATP1B2/CAPN3/C3/CD4/BRAF/FXYD2/ATP1B3",9
"Drug_C_Up","GO:0043270","positive regulation of monoatomic ion transport","9/144","174/18842",0.0517241379310345,6.76795977011494,7.48808080808081,6.70785388259008,7.76301033119511e-06,0.000601202022315888,5.96613231549247e-06,"TSPO/CD19/ATP1B1/ATP1B2/CAPN3/CASR/CD4/FXYD2/ATP1B3",9
"Drug_C_Up","GO:0097553","calcium ion transmembrane import into cytosol","9/144","176/18842",0.0511363636363636,6.69105113636364,7.39760479041916,6.65669769052051,8.51445783087632e-06,0.000641575903580626,6.36678951352971e-06,"CALCA/CACNA1E/CACNA1F/CD19/CALM2/CAPN3/CALM3/CACNA1S/CD4",9
"Drug_C_Up","GO:0019724","B cell mediated immunity","9/144","177/18842",0.0508474576271186,6.65324858757062,7.3531746031746,6.63141736299823,8.91294969478446e-06,0.000653929046027871,6.4893780605018e-06,"CD40/CD19/C4BPB/C1R/CD40LG/C3/CD74/BTK/C2",9
"Drug_C_Up","GO:1903027","regulation of opsonization","4/144","18/18842",0.222222222222222,29.0771604938272,38.130612244898,10.4584933135039,9.21191044177115e-06,0.000658533495170717,6.53507110843993e-06,"C4BPB/CFB/C3/C2",4
"Drug_C_Up","GO:0051216","cartilage development","8/144","136/18842",0.0588235294117647,7.6968954248366,8.53400735294118,6.87841143186234,9.88908245608298e-06,0.000672457607013643,6.67324944208991e-06,"CD44/BMP4/BMP6/RUNX3/RUNX1/BMP1/BMPR2/NKX3-2",8
"Drug_C_Up","GO:1903169","regulation of calcium ion transmembrane transport","8/144","136/18842",0.0588235294117647,7.6968954248366,8.53400735294118,6.87841143186234,9.88908245608298e-06,0.000672457607013643,6.67324944208991e-06,"CALCA/CACNA1F/CD19/ATP1B1/CALM2/CAPN3/CALM3/CD4",8
"Drug_C_Up","GO:0006956","complement activation","6/144","65/18842",0.0923076923076923,12.0782051282051,13.7354458364038,7.85142742709679,1.02307489107278e-05,0.000679126856264503,6.73943289124458e-06,"C4BPB/C1R/CFB/CD59/C3/C2",6
"Drug_C_Up","GO:0098771","inorganic ion homeostasis","13/144","402/18842",0.0323383084577114,4.23137783305694,4.67075492062246,5.74719526344481,1.31676975062058e-05,0.000853756759239577,8.4724029557456e-06,"ATP2A2/CALCA/CD40/ATP4B/ATP1A1/ATP1B1/BOK/CAV2/ATP1B2/BMP6/CASR/ABCC6/ATP1B3",13
"Drug_C_Up","GO:1902307","positive regulation of sodium ion transmembrane transport","4/144","20/18842",0.2,26.1694444444444,33.3607142857143,9.88305895471053,1.4413124883758e-05,0.00091326800399812,9.06297309242184e-06,"ATP1B1/ATP1B2/FXYD2/ATP1B3",4
"Drug_C_Up","GO:0070374","positive regulation of ERK1 and ERK2 cascade","9/144","189/18842",0.0476190476190476,6.23082010582011,6.85851851851852,6.34252203133072,1.50875746443926e-05,0.000934759069079257,9.27624339610613e-06,"ARRB2/ARRB1/C5AR1/CD44/CD36/CASR/BRAF/CD74/CALCR",9
"Drug_C_Up","GO:0097193","intrinsic apoptotic signaling pathway","11/144","294/18842",0.0374149659863946,4.89564436885865,5.38178485081963,5.90799430803493,1.64845148684995e-05,0.000999104944638624,9.91479082823983e-06,"CA3/BRCA1/BOK/CDKN2D/BAD/CASP9/CD44/CASP6/CASP2/CDKN1A/CD74",11
"Drug_C_Up","GO:0055078","sodium ion homeostasis","5/144","43/18842",0.116279069767442,15.2147932816537,17.6637637258614,8.18922955834542,1.85281896634346e-05,0.00109692996578935,1.08855743557184e-05,"ATP4B/ATP1A1/ATP1B1/ATP1B2/ATP1B3",5
"Drug_C_Up","GO:0006816","calcium ion transport","13/144","416/18842",0.03125,4.08897569444444,4.50504801772962,5.59089409928078,1.88854513478797e-05,0.00109692996578935,1.08855743557184e-05,"TSPO/ATP2A2/CALCA/CACNA1E/CACNA1F/CD19/ATP1B1/CALM2/CAPN3/CALM3/CACNA1S/CASR/CD4",13
"Drug_C_Up","GO:0021762","substantia nigra development","5/144","44/18842",0.113636363636364,14.8690025252525,17.2099243681978,8.08260557273669,2.07757222722479e-05,0.00114085151974558,1.13214374976878e-05,"CALM2/ATP5PB/CALM3/CDC42/CASP5",5
"Drug_C_Up","GO:0062098","regulation of programmed necrotic cell death","5/144","44/18842",0.113636363636364,14.8690025252525,17.2099243681978,8.08260557273669,2.07757222722479e-05,0.00114085151974558,1.13214374976878e-05,"TSPO/BOK/CASP6/CASP2/ASAH1",5
"Drug_C_Up","GO:0043065","positive regulation of apoptotic process","14/144","484/18842",0.0289256198347107,3.78483700642792,4.17662847790507,5.44685008981386,2.10946621305703e-05,0.00114085151974558,1.13214374976878e-05,"TSPO/CDK5/CD40/BOK/BAD/CASP9/BMP4/TNFRSF8/CD40LG/ATF3/CASP6/CASP2/FOXL2/CASP5",14
"Drug_C_Up","GO:0008228","opsonization","4/144","22/18842",0.181818181818182,23.790404040404,29.6507936507937,9.38618691921945,2.15038872826993e-05,0.00114085151974558,1.13214374976878e-05,"C4BPB/CFB/C3/C2",4
"Drug_C_Up","GO:0071260","cellular response to mechanical stimulus","6/144","74/18842",0.0810810810810811,10.6092342342342,11.9117647058824,7.26827390677165,2.16876364944461e-05,0.00114085151974558,1.13214374976878e-05,"CD40/BAD/TNFRSF8/BMP6/CASP2/CASP5",6
"Drug_C_Up","GO:0010720","positive regulation of cell development","12/144","362/18842",0.0331491712707182,4.33747697974217,4.76571428571429,5.62674487148361,2.24974963032092e-05,0.00116153740172865,1.15267174275494e-05,"TSPO/CALCA/BAD/BMP4/MYRF/BNC1/RUNX3/RUNX1/BMPR2/CD4/CD74/BTK",12
"Drug_C_Up","GO:0071496","cellular response to external stimulus","6/144","75/18842",0.08,10.4677777777778,11.7385003150599,7.20969518300573,2.34264031827932e-05,0.00118750567406595,1.17844180722882e-05,"CD40/BAD/TNFRSF8/BMP6/CASP2/CASP5",6
"Drug_C_Up","GO:0010038","response to metal ion","11/144","308/18842",0.0357142857142857,4.67311507936508,5.12419938735728,5.70375624256388,2.53308940718626e-05,0.00125983027589377,1.25021437753852e-05,"TSPO/CAT/ENTPD6/CALM2/CASP9/CAPN3/CALM3/BMP6/CASR/BRAF/ABCC6",11
"Drug_C_Up","GO:0002443","leukocyte mediated immunity","13/144","429/18842",0.0303030303030303,3.96506734006734,4.3611641221374,5.45175805295649,2.60404782122096e-05,0.00125983027589377,1.25021437753852e-05,"CD1E/CD40/CD19/ARRB2/C4BPB/C1R/AZGP1/CD40LG/C3/CD74/CEBPG/BTK/C2",13
"Drug_C_Up","GO:0097305","response to alcohol","10/144","254/18842",0.0393700787401575,5.15146544181977,5.6441154881331,5.84571444122092,2.62088077481486e-05,0.00125983027589377,1.25021437753852e-05,"TSPO/BLM/CAT/CA3/BRCA1/AVPR1A/CASP9/CALM3/CD4/CES1",10
"Drug_C_Up","GO:1904064","positive regulation of cation transmembrane transport","7/144","115/18842",0.0608695652173913,7.96461352657005,8.79494457961611,6.57426914916729,2.89678363474586e-05,0.00134609886145809,1.33582450143074e-05,"CD19/ATP1B1/ATP1B2/CAPN3/CD4/FXYD2/ATP1B3",7
"Drug_C_Up","GO:1903522","regulation of blood circulation","10/144","257/18842",0.0389105058365759,5.09133160397752,5.57465707897758,5.79542917448362,2.8969129012728e-05,0.00134609886145809,1.33582450143074e-05,"ATP2A2/ATP1A1/ATP1B1/AVPR2/AVPR1A/CALM2/ATP1B2/CALM3/CASR/BMPR2",10
"Drug_C_Up","GO:0070588","calcium ion transmembrane transport","11/144","314/18842",0.035031847133758,4.58381988676575,5.02109233479739,5.61994895773243,3.02296071193631e-05,0.00138164171555384,1.37109606781514e-05,"ATP2A2/CALCA/CACNA1E/CACNA1F/CD19/ATP1B1/CALM2/CAPN3/CALM3/CACNA1S/CD4",11
"Drug_C_Up","GO:0007204","positive regulation of cytosolic calcium ion concentration","8/144","160/18842",0.05,6.54236111111111,7.17724458204334,6.17843908613354,3.21330842419353e-05,0.00144495223978251,1.43392336221718e-05,"CDK5/CALCA/C5AR1/AVPR1A/CD36/CD4/CALCR/CD52",8
"Drug_C_Up","GO:0002460","adaptive immune response based on somatic recombination of immune receptors built from immunoglobulin superfamily domains","12/144","377/18842",0.0318302387267905,4.16489832007073,4.56612702366127,5.44742706263349,3.34665820202001e-05,0.00148102905829076,1.46972481742738e-05,"CD1E/CD40/CD19/C4BPB/C1R/AZGP1/CD40LG/C3/CD4/CD74/BTK/C2",12
"Drug_C_Up","GO:0034767","positive regulation of monoatomic ion transmembrane transport","7/144","119/18842",0.0588235294117647,7.6968954248366,8.47901459854015,6.43124304484224,3.61087784652334e-05,0.00155981929182553,1.54791366925894e-05,"CD19/ATP1B1/ATP1B2/CAPN3/CD4/FXYD2/ATP1B3",7
"Drug_C_Up","GO:0002062","chondrocyte differentiation","6/144","81/18842",0.0740740740740741,9.69238683127572,10.7959420289855,6.88001216290776,3.63659447520298e-05,0.00155981929182553,1.54791366925894e-05,"BMP4/BMP6/RUNX3/RUNX1/BMPR2/NKX3-2",6
"Drug_C_Up","GO:0061036","positive regulation of cartilage development","4/144","26/18842",0.153846153846154,20.1303418803419,24.2545454545455,8.56606560712758,4.29167658572327e-05,0.00179139506076234,1.77772189132993e-05,"BMP4/BMP6/BMP1/BMPR2",4
"Drug_C_Up","GO:0061035","regulation of cartilage development","5/144","51/18842",0.0980392156862745,12.8281590413943,14.5855489521426,7.42271763973159,4.30500247744177e-05,0.00179139506076234,1.77772189132993e-05,"BMP4/BMP6/BMP1/BMPR2/NKX3-2",5
"Drug_C_Up","GO:0006910","phagocytosis, recognition","4/144","27/18842",0.148148148148148,19.3847736625514,23.1987577639752,8.38926091134159,5.00823942223277e-05,0.00205337816311544,2.03770535696114e-05,"C4BPB/CFB/C3/C2",4
"Drug_C_Up","GO:0048857","neural nucleus development","5/144","53/18842",0.0943396226415094,12.3440775681342,13.9763189448441,7.25756496683231,5.19505527456229e-05,0.00206911630078281,2.05332337024747e-05,"CALM2/ATP5PB/CALM3/CDC42/CASP5",5
"Drug_C_Up","GO:0071470","cellular response to osmotic stress","5/144","53/18842",0.0943396226415094,12.3440775681342,13.9763189448441,7.25756496683231,5.19505527456229e-05,0.00206911630078281,2.05332337024747e-05,"TSPO/ATP1A1/BAD/CAPN3/FXYD2",5
"Drug_C_Up","GO:0016064","immunoglobulin mediated immune response","8/144","172/18842",0.0465116279069767,6.0859173126615,6.64777618364419,5.88026641157421,5.37463123241644e-05,0.00211048899661648,2.09438028097467e-05,"CD19/C4BPB/C1R/CD40LG/C3/CD74/BTK/C2",8
"Drug_C_Up","GO:0098739","import across plasma membrane","10/144","278/18842",0.0359712230215827,4.70673461231015,5.13198930719537,5.46403854779923,5.62295159665712e-05,0.00217733181270556,2.160712906336e-05,"CACNA1E/CACNA1F/ATP4B/ATP1A1/ATP1B1/ATP1B2/CD36/CACNA1S/FXYD2/ATP1B3",10
"Drug_C_Up","GO:0050679","positive regulation of epithelial cell proliferation","8/144","174/18842",0.0459770114942529,6.01596424010217,6.56697377746279,5.83332002023167,5.83173009056143e-05,0.00222724157431305,2.21024172203059e-05,"AREG/CDH3/C5AR1/BAD/BMP4/BMP6/CDC42/BTK",8
"Drug_C_Up","GO:0034332","adherens junction organization","5/144","55/18842",0.0909090909090909,11.895202020202,13.4158273381295,7.10106613744473,6.22097894907881e-05,0.00234379585270699,2.32590637734168e-05,"CDH3/CDH18/BMP6/CDH9/CDH12",5
"Drug_C_Up","GO:0046651","lymphocyte proliferation","9/144","227/18842",0.039647577092511,5.18777533039648,5.65137614678899,5.57058012889646,6.34843267668226e-05,0.00235992404034535,2.34191146346712e-05,"ARG2/CD40/CD19/CD28/BMP4/CD40LG/CD4/CD74/BTK",9
"Drug_C_Up","GO:0070372","regulation of ERK1 and ERK2 cascade","10/144","283/18842",0.0353356890459364,4.62357675696898,5.03663003663004,5.39000341379781,6.52551830277134e-05,0.00239383487212191,2.37556346425847e-05,"ARRB2/ARRB1/C5AR1/CD44/CD36/ATF3/CASR/BRAF/CD74/CALCR",10
"Drug_C_Up","GO:0032943","mononuclear cell proliferation","9/144","230/18842",0.0391304347826087,5.12010869565217,5.5737556561086,5.51711088698662,7.02298949315792e-05,0.0025428694424577,2.5234604993983e-05,"ARG2/CD40/CD19/CD28/BMP4/CD40LG/CD4/CD74/BTK",9
"Drug_C_Up","GO:0036293","response to decreased oxygen levels","10/144","287/18842",0.0348432055749129,4.5591366627952,4.96282127269788,5.33200780402812,7.33374941287146e-05,0.00261031859831032,2.59039483651761e-05,"CAT/CA3/ATP1B1/CA9/BAD/CASP9/CASR/CBS/CBFA2T3/BNIP1",10
"Drug_C_Up","GO:0044331","cell-cell adhesion mediated by cadherin","5/144","57/18842",0.087719298245614,11.4778265107212,12.8984504703929,6.95246281087983,7.39652687469567e-05,0.00261031859831032,2.59039483651761e-05,"CDH3/CDH18/BMP6/CDH9/CDH12",5
"Drug_C_Up","GO:0086065","cell communication involved in cardiac conduction","5/144","58/18842",0.0862068965517241,11.2799329501916,12.6544047780643,6.88091007411404,8.0448957256935e-05,0.00276903324484364,2.74789806280031e-05,"ATP1A1/ATP1B1/CALM2/ATP1B2/CALM3",5
"Drug_C_Up","GO:0097300","programmed necrotic cell death","5/144","58/18842",0.0862068965517241,11.2799329501916,12.6544047780643,6.88091007411404,8.0448957256935e-05,0.00276903324484364,2.74789806280031e-05,"TSPO/BOK/CASP6/CASP2/ASAH1",5
"Drug_C_Up","GO:0008015","blood circulation","13/144","480/18842",0.0270833333333333,3.54377893518518,3.87405397453291,4.95422397782453,8.20931185683909e-05,0.00279116603132529,2.7698619165065e-05,"ATP2A2/CALCA/ATP1A1/ATP1B1/AVPR2/AVPR1A/CALM2/ATP1B2/CALM3/BMP6/CASR/BMPR2/BCR",13
"Drug_C_Up","GO:0010765","positive regulation of sodium ion transport","4/144","31/18842",0.129032258064516,16.8835125448029,19.757671957672,7.76706784439672,8.76859311170755e-05,0.00294540211993261,2.92292076832316e-05,"ATP1B1/ATP1B2/FXYD2/ATP1B3",4
"Drug_C_Up","GO:0061337","cardiac conduction","6/144","95/18842",0.0631578947368421,8.2640350877193,9.09086468001954,6.22887318929185,8.92254339965287e-05,0.00296143464264669,2.93883091970537e-05,"ATP2A2/ATP1A1/ATP1B1/CALM2/ATP1B2/CALM3",6
"Drug_C_Up","GO:1901020","negative regulation of calcium ion transmembrane transporter activity","3/144","12/18842",0.25,32.7118055555556,44.1820330969267,9.64322002585039,9.14376042771754e-05,0.0029863435258606,2.96354968104833e-05,"CACNA1F/CALM2/CALM3",3
"Drug_C_Up","GO:0042391","regulation of membrane potential","12/144","419/18842",0.0286396181384248,3.74741447891806,4.08554835827563,4.99098955741645,9.21182005825006e-05,0.0029863435258606,2.96354968104833e-05,"TSPO/ATP2A2/ATP1A1/ATP1B1/ARRB2/BOK/BAD/ATP1B2/CD36/CALM3/CASR/ATP1B3",12
"Drug_C_Up","GO:0010882","regulation of cardiac muscle contraction by calcium ion signaling","4/144","32/18842",0.125,16.3559027777778,19.0510204081633,7.62942113885931,9.96200631114709e-05,0.0031924222523538,3.16805547178578e-05,"ATP2A2/ATP1B1/CALM2/CALM3",4
"Drug_C_Up","GO:0030100","regulation of endocytosis","10/144","300/18842",0.0333333333333333,4.36157407407407,4.73700463201235,5.15063373141145,0.000105743286301227,0.00331249755289687,3.28721427436314e-05,"ARRB2/CD63/ARRB1/CD151/CALM3/CFB/C3/CDC42/BTK/C2",10
"Drug_C_Up","GO:0070371","ERK1 and ERK2 cascade","10/144","300/18842",0.0333333333333333,4.36157407407407,4.73700463201235,5.15063373141145,0.000105743286301227,0.00331249755289687,3.28721427436314e-05,"ARRB2/ARRB1/C5AR1/CD44/CD36/ATF3/CASR/BRAF/CD74/CALCR",10
"Drug_C_Up","GO:0062197","cellular response to chemical stress","10/144","301/18842",0.0332225913621262,4.34708379475821,4.72046981586911,5.1371103996227,0.000108672697613445,0.00336643867718095,3.34074368257863e-05,"TSPO/CAT/CA3/CFL1/ATP1A1/BAD/CAPN3/CD36/BTK/FXYD2",10
"Drug_C_Up","GO:0043525","positive regulation of neuron apoptotic process","5/144","62/18842",0.0806451612903226,10.5521953405018,11.7638520762337,6.61130037266702,0.000110864270467414,0.00337277932570405,3.34703593487497e-05,"CDK5/CASP9/CASP6/CASP2/CASP5",5
"Drug_C_Up","GO:1902600","proton transmembrane transport","8/144","191/18842",0.0418848167539267,5.4805119255381,5.95146255223401,5.46171335245717,0.000111911971313995,0.00337277932570405,3.34703593487497e-05,"ATP4B/ATP1A1/ATP1B1/ATP5PB/ATP6V1G2/ATP5PO/FXYD2/ATP6V1B2",8
"Drug_C_Up","GO:0043410","positive regulation of MAPK cascade","12/144","428/18842",0.0280373831775701,3.66861370716511,3.99519230769231,4.90082472630371,0.000112506627435609,0.00337277932570405,3.34703593487497e-05,"CD40/ARRB2/ARRB1/C5AR1/CAV2/CD44/BMP4/CD36/CASR/BRAF/CD74/CALCR",12
"Drug_C_Up","GO:0030099","myeloid cell differentiation","11/144","364/18842",0.0302197802197802,3.9541742979243,4.29817461500777,4.99453394233532,0.000113814732465385,0.00337569653312228,3.3499308761431e-05,"CALCA/CEBPE/CASP9/BMP4/RUNX1/CBFA2T3/CDC42/CDKN2B/CD4/CD74/CEBPG",11
"Drug_C_Up","GO:0014823","response to activity","5/144","64/18842",0.078125,10.2224392361111,11.3638580660895,6.48554930349922,0.000129037916066654,0.00378692326309297,3.7580188385258e-05,"CAT/CFL1/CAPN3/BMP6/BNIP1",5
"Drug_C_Up","GO:0055074","calcium ion homeostasis","8/144","196/18842",0.0408163265306122,5.3407029478458,5.79161451814768,5.36081604949731,0.000133799419986072,0.00388575815542884,3.85609935442157e-05,"ATP2A2/CALCA/CD40/ATP1B1/BOK/CAV2/CASR/ABCC6",8
"Drug_C_Up","GO:0046890","regulation of lipid biosynthetic process","8/144","197/18842",0.0406091370558376,5.31359278059786,5.76065981948335,5.34105076731846,0.000138574986450038,0.0039829594043578,3.95255869600984e-05,"TSPO/BRCA1/AVPR1A/BMP6/C3/ASAH1/CD74/CES1",8
"Drug_C_Up","GO:1903131","mononuclear cell differentiation","12/144","439/18842",0.0273348519362187,3.57668944570995,3.88992974238876,4.79386355432132,0.000142595909306436,0.0040567081137382,4.02574450409568e-05,"CALCA/CD19/CD28/BMP4/RUNX3/RUNX1/CFB/CDC42/CD4/CD74/CEBPG/BTK",12
"Drug_C_Up","GO:0070482","response to oxygen levels","10/144","312/18842",0.032051282051282,4.19382122507123,4.54581397647524,4.99212938988719,0.000145706695206888,0.00410333602259398,4.07201651641472e-05,"CAT/CA3/ATP1B1/CA9/BAD/CASP9/CASR/CBS/CBFA2T3/BNIP1",10
"Drug_C_Up","GO:0003018","vascular process in circulatory system","9/144","255/18842",0.0352941176470588,4.61813725490196,5.00054200542005,5.10488686624257,0.000153755848535324,0.00428671305716483,4.25399389028614e-05,"CALCA/AVPR2/AVPR1A/ATP1B2/CD36/BMP6/CASR/BMPR2/BCR",9
"Drug_C_Up","GO:0002573","myeloid leukocyte differentiation","8/144","201/18842",0.0398009950248756,5.20784964068546,5.64004876562024,5.26331401597536,0.000159107244616754,0.00438631731309833,4.35283789746302e-05,"CALCA/CEBPE/BMP4/RUNX1/CBFA2T3/CDC42/CD4/CD74",8
"Drug_C_Up","GO:0002028","regulation of sodium ion transport","5/144","67/18842",0.0746268656716418,9.76471807628524,10.812253423068,6.30697374175239,0.000160475023649939,0.00438631731309833,4.35283789746302e-05,"ATP1A1/ATP1B1/ATP1B2/FXYD2/ATP1B3",5
"Drug_C_Up","GO:2001233","regulation of apoptotic signaling pathway","10/144","317/18842",0.0315457413249211,4.12767262530669,4.47056249696145,4.92841709007755,0.000165771774352667,0.00448710395043917,4.45285526129235e-05,"CA3/BRCA1/BOK/CDKN2D/BAD/CD44/BMP4/CD40LG/ATF3/CD74",10
"Drug_C_Up","GO:0009141","nucleoside triphosphate metabolic process","9/144","259/18842",0.0347490347490347,4.54681467181467,4.91946666666667,5.04389582260822,0.000172770801306211,0.00463158648117035,4.59623500115067e-05,"TSPO/ATP1B1/BAD/ENTPD3/ATP5PB/CBFA2T3/ABCC6/ATP5PO/ATP6V1B2",9
"Drug_C_Up","GO:0070661","leukocyte proliferation","9/144","261/18842",0.0344827586206897,4.51197318007663,4.87989417989418,5.01386395548704,0.000182990136329229,0.00484521595255616,4.80823390425927e-05,"ARG2/CD40/CD19/CD28/BMP4/CD40LG/CD4/CD74/BTK",9
"Drug_C_Up","GO:0002031","G protein-coupled receptor internalization","3/144","15/18842",0.2,26.1694444444444,33.1312056737589,8.55784351641008,0.00018595340994387,0.00484521595255616,4.80823390425927e-05,"CALCA/ARRB2/ARRB1",3
"Drug_C_Up","GO:0005513","detection of calcium ion","3/144","15/18842",0.2,26.1694444444444,33.1312056737589,8.55784351641008,0.00018595340994387,0.00484521595255616,4.80823390425927e-05,"CALM2/CALM3/CASR",3
"Drug_C_Up","GO:0002768","immune response-regulating cell surface receptor signaling pathway","11/144","392/18842",0.0280612244897959,3.67173327664399,3.97622007775344,4.69108811982045,0.000216876790717399,0.00554062477745463,5.49833488674157e-05,"BTN1A1/CD40/CD19/C5AR1/CD28/CD36/C3/CD4/BTK/CD72/CD33",11
"Drug_C_Up","GO:0006958","complement activation, classical pathway","4/144","39/18842",0.102564102564103,13.4202279202279,15.2351020408163,6.81371460670877,0.000218604277446201,0.00554062477745463,5.49833488674157e-05,"C4BPB/C1R/C3/C2",4
"Drug_C_Up","GO:1903170","negative regulation of calcium ion transmembrane transport","4/144","39/18842",0.102564102564103,13.4202279202279,15.2351020408163,6.81371460670877,0.000218604277446201,0.00554062477745463,5.49833488674157e-05,"CALCA/CACNA1F/CALM2/CALM3",4
"Drug_C_Up","GO:1903028","positive regulation of opsonization","3/144","16/18842",0.1875,24.5338541666667,30.5810147299509,8.26436833770121,0.000227586225375314,0.00571630987699439,5.67267903576439e-05,"CFB/C3/C2",3
"Drug_C_Up","GO:0006970","response to osmotic stress","5/144","73/18842",0.0684931506849315,8.96213850837139,9.85505713076598,5.98144666035335,0.000240595759309519,0.00595744332037198,5.9119719814766e-05,"TSPO/ATP1A1/BAD/CAPN3/FXYD2",5
"Drug_C_Up","GO:0070228","regulation of lymphocyte apoptotic process","4/144","40/18842",0.1,13.0847222222222,14.8111111111111,6.71429296363857,0.000241460220660701,0.00595744332037198,5.9119719814766e-05,"ARG2/BMP4/CD74/BTK",4
"Drug_C_Up","GO:0046034","ATP metabolic process","8/144","216/18842",0.037037037037037,4.84619341563786,5.22907239819004,4.98923361141947,0.000259703146749301,0.00635133660646536,6.30285880084636e-05,"TSPO/ATP1B1/BAD/ATP5PB/CBFA2T3/ABCC6/ATP5PO/ATP6V1B2",8
"Drug_C_Up","GO:0042100","B cell proliferation","5/144","75/18842",0.0666666666666667,8.72314814814815,9.57245632065776,5.88116296223554,0.000273103828443966,0.00649297381437144,6.4434149353566e-05,"CD40/CD19/CD40LG/CD74/BTK",5
"Drug_C_Up","GO:0003323","type B pancreatic cell development","3/144","17/18842",0.176470588235294,23.0906862745098,28.3951367781155,7.99653457453292,0.000274810226002808,0.00649297381437144,6.4434149353566e-05,"BAD/BMP4/BMP6",3
"Drug_C_Up","GO:0010248","establishment or maintenance of transmembrane electrochemical gradient","3/144","17/18842",0.176470588235294,23.0906862745098,28.3951367781155,7.99653457453292,0.000274810226002808,0.00649297381437144,6.4434149353566e-05,"ATP1A1/ATP1B1/FXYD2",3
"Drug_C_Up","GO:0032026","response to magnesium ion","3/144","17/18842",0.176470588235294,23.0906862745098,28.3951367781155,7.99653457453292,0.000274810226002808,0.00649297381437144,6.4434149353566e-05,"ENTPD6/BMP6/ABCC6",3
"Drug_C_Up","GO:0019722","calcium-mediated signaling","8/144","219/18842",0.0365296803652968,4.77980720446474,5.15388904376917,4.93744791575993,0.000285021701172143,0.0066776512846045,6.6266828190634e-05,"ATP2A2/ATP1B1/AVPR1A/CALM2/CALM3/CALCR/BTK/BNIP1",8
"Drug_C_Up","GO:0030901","midbrain development","5/144","76/18842",0.0657894736842105,8.60836988304094,9.43712635525383,5.83241208337787,0.000290556515764325,0.00672798535030979,6.67663270027266e-05,"CALM2/ATP5PB/CALM3/CDC42/CASP5",5
"Drug_C_Up","GO:0001666","response to hypoxia","9/144","278/18842",0.0323741007194245,4.23606115107914,4.56728624535316,4.77022628321158,0.000291996494758782,0.00672798535030979,6.67663270027266e-05,"CAT/CA3/ATP1B1/CA9/BAD/CASP9/CASR/CBS/CBFA2T3",9
"Drug_C_Up","GO:1902305","regulation of sodium ion transmembrane transport","4/144","43/18842",0.0930232558139535,12.171834625323,13.6695970695971,6.43616242050607,0.000320323657614016,0.00732018325760556,7.26431054245195e-05,"ATP1B1/ATP1B2/FXYD2/ATP1B3",4
"Drug_C_Up","GO:0055119","relaxation of cardiac muscle","3/144","18/18842",0.166666666666667,21.8078703703704,26.5007092198582,7.75074720196936,0.000327929889115015,0.00743307748660702,7.37634308440577e-05,"ATP2A2/ATP1A1/ATP1B1",3
"Drug_C_Up","GO:0002697","regulation of immune effector process","10/144","347/18842",0.0288184438040346,3.77081332052514,4.06594623322556,4.57172900880813,0.000341621873469769,0.00768098212285255,7.62235554054614e-05,"CD1E/ARRB2/C4BPB/AZGP1/CFB/CD59/C3/CD74/BTK/C2",10
"Drug_C_Up","GO:0002455","humoral immune response mediated by circulating immunoglobulin","4/144","44/18842",0.0909090909090909,11.895202020202,13.3271428571429,6.34952805035801,0.000350278451148193,0.00769771821047061,7.63896388673705e-05,"C4BPB/C1R/C3/C2",4
"Drug_C_Up","GO:0002920","regulation of humoral immune response","4/144","44/18842",0.0909090909090909,11.895202020202,13.3271428571429,6.34952805035801,0.000350278451148193,0.00769771821047061,7.63896388673705e-05,"CAMP/C4BPB/CD59/C3",4
"Drug_C_Up","GO:0051384","response to glucocorticoid","6/144","122/18842",0.0491803278688525,6.43510928961749,6.9647676161919,5.28531550640426,0.000350649287205799,0.00769771821047061,7.63896388673705e-05,"AREG/AVPR1A/CASP9/CALM3/BMP6/CALCR",6
"Drug_C_Up","GO:0006909","phagocytosis","8/144","228/18842",0.0350877192982456,4.5911306042885,4.94064171122995,4.78756200750473,0.000373353188319459,0.00813209913308321,8.07002931290603e-05,"C4BPB/CD36/CEACAM4/CFB/C3/CDC42/BTK/C2",8
"Drug_C_Up","GO:0001895","retina homeostasis","4/144","45/18842",0.0888888888888889,11.6308641975309,13.001393728223,6.26565098335649,0.000382185643741943,0.00817901798254222,8.11659004516784e-05,"CDH3/ATP1B2/BBS1/BBS2",4
"Drug_C_Up","GO:0016339","calcium-dependent cell-cell adhesion","4/144","45/18842",0.0888888888888889,11.6308641975309,13.001393728223,6.26565098335649,0.000382185643741943,0.00817901798254222,8.11659004516784e-05,"CDH3/CDH18/CDH9/CDH12",4
"Drug_C_Up","GO:0002029","desensitization of G protein-coupled receptor signaling pathway","3/144","19/18842",0.157894736842105,20.6600877192982,24.843085106383,7.52408119800578,0.00038724188439583,0.00817901798254222,8.11659004516784e-05,"CALCA/ARRB2/ARRB1",3
"Drug_C_Up","GO:0060428","lung epithelium development","3/144","19/18842",0.157894736842105,20.6600877192982,24.843085106383,7.52408119800578,0.00038724188439583,0.00817901798254222,8.11659004516784e-05,"BMP4/CDC42/ASCL1",3
"Drug_C_Up","GO:0051592","response to calcium ion","6/144","125/18842",0.048,6.28066666666667,6.78808914870296,5.19829933138218,0.000399374363802012,0.00831112734387059,8.24769105623299e-05,"ENTPD6/CALM2/CAPN3/CALM3/CASR/BRAF",6
"Drug_C_Up","GO:0006874","intracellular calcium ion homeostasis","7/144","175/18842",0.04,5.23388888888889,5.63564476885645,4.93806565907548,0.000399458774777137,0.00831112734387059,8.24769105623299e-05,"ATP2A2/CALCA/CD40/ATP1B1/BOK/CAV2/CASR",7
"Drug_C_Up","GO:0030098","lymphocyte differentiation","10/144","356/18842",0.0280898876404494,3.67548377028714,3.95824346475714,4.47240875127098,0.000417816363807955,0.00862868164664133,8.56282156434175e-05,"CD19/CD28/BMP4/RUNX3/RUNX1/CFB/CD4/CD74/CEBPG/BTK",10
"Drug_C_Up","GO:0042063","gliogenesis","8/144","234/18842",0.0341880341880342,4.47340930674264,4.80791254554919,4.6919101493891,0.00044376783489136,0.00908677786601089,9.01742127567632e-05,"TSPO/AREG/CDKN2C/CDK5/BOK/C5AR1/ATP1B2/MYRF",8
"Drug_C_Up","GO:0022401","negative adaptation of signaling pathway","3/144","20/18842",0.15,19.6270833333333,23.3804755944931,7.3141289687176,0.00045303519489796,0.00908677786601089,9.01742127567632e-05,"CALCA/ARRB2/ARRB1",3
"Drug_C_Up","GO:0023058","adaptation of signaling pathway","3/144","20/18842",0.15,19.6270833333333,23.3804755944931,7.3141289687176,0.00045303519489796,0.00908677786601089,9.01742127567632e-05,"CALCA/ARRB2/ARRB1",3
"Drug_C_Up","GO:0032413","negative regulation of ion transmembrane transporter activity","3/144","20/18842",0.15,19.6270833333333,23.3804755944931,7.3141289687176,0.00045303519489796,0.00908677786601089,9.01742127567632e-05,"CACNA1F/CALM2/CALM3",3
"Drug_C_Up","GO:0006959","humoral immune response","9/144","296/18842",0.0304054054054054,3.97846283783784,4.27665505226481,4.53261213018258,0.000461217164317287,0.00918481038654711,9.11470554403047e-05,"CALCA/CAMP/C4BPB/CD28/C1R/CFB/CD59/C3/C2",9
"Drug_C_Up","GO:0021537","telencephalon development","7/144","180/18842",0.0388888888888889,5.08850308641975,5.47128813130248,4.83678889872849,0.000473031819611413,0.00935328165302567,9.2818909209688e-05,"ATIC/CFL1/AVPR2/AVPR1A/ATP1B2/BMP4/BBS2",7
"Drug_C_Up","GO:0071887","leukocyte apoptotic process","5/144","85/18842",0.0588235294117647,7.6968954248366,8.37140287769784,5.43046393811967,0.00048830411508456,0.00958726671025178,9.51409004197002e-05,"ARG2/CASP9/BMP4/CD74/BTK",5
"Drug_C_Up","GO:0009205","purine ribonucleoside triphosphate metabolic process","8/144","238/18842",0.0336134453781513,4.39822595704949,4.723273657289,4.62991703798427,0.000496440195552439,0.00961163378611251,9.53827113140926e-05,"TSPO/ATP1B1/BAD/ATP5PB/CBFA2T3/ABCC6/ATP5PO/ATP6V1B2",8
"Drug_C_Up","GO:0042113","B cell activation","8/144","238/18842",0.0336134453781513,4.39822595704949,4.723273657289,4.62991703798427,0.000496440195552439,0.00961163378611251,9.53827113140926e-05,"CD40/CD19/CD40LG/CFB/C3/CD74/CEBPG/BTK",8
"Drug_C_Up","GO:0097194","execution phase of apoptosis","5/144","86/18842",0.0581395348837209,7.60739664082687,8.26760813571365,5.3894585347091,0.000515294456401383,0.00990786858239348,9.83224485828682e-05,"BOK/CASP9/CASP2/FOXL2/BNIP1",5
"Drug_C_Up","GO:0032410","negative regulation of transporter activity","3/144","21/18842",0.142857142857143,18.6924603174603,22.080378250591,7.11888821306859,0.000525591236497642,0.0099683562405131,9.89227083265161e-05,"CACNA1F/CALM2/CALM3",3
"Drug_C_Up","GO:0070229","negative regulation of lymphocyte apoptotic process","3/144","21/18842",0.142857142857143,18.6924603174603,22.080378250591,7.11888821306859,0.000525591236497642,0.0099683562405131,9.89227083265161e-05,"ARG2/BMP4/CD74",3
"Drug_C_Up","GO:0032496","response to lipopolysaccharide","9/144","302/18842",0.0298013245033113,3.89942052980132,4.1877133105802,4.4575421587446,0.000532958322555094,0.0100397824546189,9.96315187235746e-05,"TSPO/CAMP/CD40/ATP4B/CEBPE/CASP9/CD36/BMP6/BTK",9
"Drug_C_Up","GO:0032612","interleukin-1 production","6/144","133/18842",0.0451127819548872,5.90288220551378,6.35775419376926,4.97952176882107,0.000555431652880258,0.0102172894280443,0.00010139303989461,"ARG2/CALCA/CAMP/ARRB2/CD36/CD33",6
"Drug_C_Up","GO:0032652","regulation of interleukin-1 production","6/144","133/18842",0.0451127819548872,5.90288220551378,6.35775419376926,4.97952176882107,0.000555431652880258,0.0102172894280443,0.00010139303989461,"ARG2/CALCA/CAMP/ARRB2/CD36/CD33",6
"Drug_C_Up","GO:0042770","signal transduction in response to DNA damage","7/144","185/18842",0.0378378378378378,4.95097597597598,5.31616501271221,4.73919949424172,0.00055704016967817,0.0102172894280443,0.00010139303989461,"BLM/BRCA1/CASP9/CD44/CASP2/CDKN1A/CD74",7
"Drug_C_Up","GO:0045766","positive regulation of angiogenesis","7/144","185/18842",0.0378378378378378,4.95097597597598,5.31616501271221,4.73919949424172,0.00055704016967817,0.0102172894280443,0.00010139303989461,"CAMP/CD40/BRCA1/CD34/C5AR1/RUNX1/C3",7
"Drug_C_Up","GO:0009144","purine nucleoside triphosphate metabolic process","8/144","243/18842",0.0329218106995885,4.30772748056699,4.62152690863579,4.55432169798802,0.000569300279166127,0.0103739161981383,0.000102947352754253,"TSPO/ATP1B1/BAD/ATP5PB/CBFA2T3/ABCC6/ATP5PO/ATP6V1B2",8
"Drug_C_Up","GO:0097191","extrinsic apoptotic signaling pathway","7/144","186/18842",0.0376344086021505,4.9243578255675,5.28618032051543,4.72010270366153,0.000575184084701999,0.0104130729100596,0.00010333593116166,"BRCA1/BOK/BAD/BMP4/CD40LG/ATF3/CASP2",7
"Drug_C_Up","GO:0003015","heart process","8/144","244/18842",0.0327868852459016,4.29007285974499,4.60169491525424,4.53944700369161,0.000584861421077928,0.0105199589804211,0.000104396633579132,"ATP2A2/ATP1A1/ATP1B1/AVPR1A/CALM2/ATP1B2/CALM3/CDC42",8
"Drug_C_Up","GO:0003309","type B pancreatic cell differentiation","3/144","22/18842",0.136363636363636,17.842803030303,20.9171332586786,6.93667813899877,0.00060518397584737,0.0108157238760415,0.000107331707707379,"BAD/BMP4/BMP6",3
"Drug_C_Up","GO:0030225","macrophage differentiation","4/144","51/18842",0.0784313725490196,10.2625272331155,11.3379939209726,5.8126648484459,0.000618692321610747,0.0109867146028711,0.000109028563777587,"CALCA/BMP4/CDC42/CD4",4
"Drug_C_Up","GO:0045926","negative regulation of growth","7/144","189/18842",0.037037037037037,4.84619341563786,5.19820325659742,4.66362176139445,0.000632453078026065,0.0110898061731866,0.000110051610817158,"CDKN2C/CFL1/BRCA1/CDKN2D/BMPR2/CDKN1A/BBS2",7
"Drug_C_Up","GO:1904018","positive regulation of vasculature development","7/144","189/18842",0.037037037037037,4.84619341563786,5.19820325659742,4.66362176139445,0.000632453078026065,0.0110898061731866,0.000110051610817158,"CAMP/CD40/BRCA1/CD34/C5AR1/RUNX1/C3",7
"Drug_C_Up","GO:0032640","tumor necrosis factor production","7/144","191/18842",0.0366492146596859,4.79544793484584,5.14114566804189,4.62662503946218,0.000673084012657633,0.0116556411632887,0.000115666772267681,"TSPO/ARG2/CAMP/ARRB2/TNFRSF8/BTK/CD33",7
"Drug_C_Up","GO:0032680","regulation of tumor necrosis factor production","7/144","191/18842",0.0366492146596859,4.79544793484584,5.14114566804189,4.62662503946218,0.000673084012657633,0.0116556411632887,0.000115666772267681,"TSPO/ARG2/CAMP/ARRB2/TNFRSF8/BTK/CD33",7
"Drug_C_Up","GO:2000377","regulation of reactive oxygen species metabolic process","6/144","139/18842",0.0431654676258993,5.64808153477218,6.06897678980059,4.82682044906231,0.000700770309552525,0.0120601705125459,0.000119681189274915,"TSPO/ARG2/CA3/BRCA1/CD36/CDKN1A",6
"Drug_C_Up","GO:0051926","negative regulation of calcium ion transport","4/144","53/18842",0.0754716981132075,9.87526205450734,10.8740524781341,5.67809860002949,0.00071645651009812,0.012179760671668,0.000120867962915837,"CALCA/CACNA1F/CALM2/CALM3",4
"Drug_C_Up","GO:0070227","lymphocyte apoptotic process","4/144","53/18842",0.0754716981132075,9.87526205450734,10.8740524781341,5.67809860002949,0.00071645651009812,0.012179760671668,0.000120867962915837,"ARG2/BMP4/CD74/BTK",4
"Drug_C_Up","GO:0090257","regulation of muscle system process","8/144","252/18842",0.0317460317460317,4.15388007054674,4.44889103182256,4.4232490554111,0.000722153723125228,0.0122022095762008,0.000121090738505088,"ATP2A2/CALCA/ATP1B1/ARRB2/ARRB1/CALM2/CALM3/CACNA1S",8
"Drug_C_Up","GO:0051928","positive regulation of calcium ion transport","5/144","93/18842",0.0537634408602151,7.03479689366786,7.6070961412688,5.11977318007559,0.000736859467588308,0.0122453958918661,0.000121519305382633,"TSPO/CD19/CAPN3/CASR/CD4",5
"Drug_C_Up","GO:0001894","tissue homeostasis","7/144","194/18842",0.0360824742268041,4.72129152348225,5.05784769116671,4.57208263875616,0.00073788612260886,0.0122453958918661,0.000121519305382633,"CALCA/CDH3/CD34/ATP1B2/BBS1/ABCC6/BBS2",7
"Drug_C_Up","GO:0060249","anatomical structure homeostasis","7/144","194/18842",0.0360824742268041,4.72129152348225,5.05784769116671,4.57208263875616,0.00073788612260886,0.0122453958918661,0.000121519305382633,"CALCA/CDH3/CD34/ATP1B2/BBS1/ABCC6/BBS2",7
"Drug_C_Up","GO:0048545","response to steroid hormone","9/144","317/18842",0.028391167192429,3.71490536277603,3.98051948051948,4.27800079828896,0.000753150950625591,0.0124247624280719,0.000123299280246745,"TSPO/AREG/BRCA1/ATP1A1/AVPR1A/CASP9/CALM3/BMP6/CALCR",9
"Drug_C_Up","GO:0048260","positive regulation of receptor-mediated endocytosis","4/144","54/18842",0.0740740740740741,9.69238683127572,10.656,5.61346853241139,0.000769220879031716,0.0125448717345327,0.000124491205736128,"ARRB2/CD63/ARRB1/C3",4
"Drug_C_Up","GO:0031960","response to corticosteroid","6/144","142/18842",0.0422535211267606,5.5287558685446,5.93414322250639,4.75376733215024,0.00078367204336276,0.0125448717345327,0.000124491205736128,"AREG/AVPR1A/CASP9/CALM3/BMP6/CALCR",6
"Drug_C_Up","GO:0071706","tumor necrosis factor superfamily cytokine production","7/144","196/18842",0.0357142857142857,4.67311507936508,5.00378480670451,4.53633766366875,0.000783764473176638,0.0125448717345327,0.000124491205736128,"TSPO/ARG2/CAMP/ARRB2/TNFRSF8/BTK/CD33",7
"Drug_C_Up","GO:1903555","regulation of tumor necrosis factor superfamily cytokine production","7/144","196/18842",0.0357142857142857,4.67311507936508,5.00378480670451,4.53633766366875,0.000783764473176638,0.0125448717345327,0.000124491205736128,"TSPO/ARG2/CAMP/ARRB2/TNFRSF8/BTK/CD33",7
"Drug_C_Up","GO:1901381","positive regulation of potassium ion transmembrane transport","3/144","24/18842",0.125,16.3559027777778,18.9229989868288,6.60586791515238,0.000786538865624451,0.0125448717345327,0.000124491205736128,"ATP1B1/ATP1B2/ATP1B3",3
"Drug_C_Up","GO:0002237","response to molecule of bacterial origin","9/144","319/18842",0.0282131661442006,3.6916144200627,3.95440860215054,4.25488834114362,0.000787429179893551,0.0125448717345327,0.000124491205736128,"TSPO/CAMP/CD40/ATP4B/CEBPE/CASP9/CD36/BMP6/BTK",9
"Drug_C_Up","GO:0050670","regulation of lymphocyte proliferation","7/144","198/18842",0.0353535353535354,4.62591189674523,4.95085412924676,4.50107177570418,0.000831871311855829,0.0131775978264435,0.000130770172611959,"ARG2/CD28/BMP4/CD40LG/CD4/CD74/BTK",7
"Drug_C_Up","GO:0030900","forebrain development","8/144","258/18842",0.0310077519379845,4.057278208441,4.34070588235294,4.3392118959102,0.000841282945237657,0.0132513946402406,0.000131502508065322,"ATIC/CFL1/AVPR2/AVPR1A/ATP1B2/BMP4/BBS2/ASCL1",8
"Drug_C_Up","GO:2001234","negative regulation of apoptotic signaling pathway","7/144","199/18842",0.0351758793969849,4.60266610831937,4.92480231143552,4.48361481500098,0.000856784113798038,0.0134197421869041,0.000133173134079709,"CA3/BRCA1/BOK/CDKN2D/CD44/BMP4/CD74",7
"Drug_C_Up","GO:0031099","regeneration","6/144","145/18842",0.0413793103448276,5.41436781609195,5.80512980919612,4.68276320315054,0.000873956559177188,0.0135246593788696,0.000134214297991675,"TSPO/ATIC/CA3/CAPN3/RUNX1/CDKN1A",6
"Drug_C_Up","GO:0032944","regulation of mononuclear cell proliferation","7/144","200/18842",0.035,4.57965277777778,4.89902046064824,4.46627326775208,0.000882282641280403,0.0135246593788696,0.000134214297991675,"ARG2/CD28/BMP4/CD40LG/CD4/CD74/BTK",7
"Drug_C_Up","GO:0002763","positive regulation of myeloid leukocyte differentiation","4/144","56/18842",0.0714285714285714,9.34623015873016,10.2450549450549,5.48912163343501,0.00088288665959622,0.0135246593788696,0.000134214297991675,"CALCA/RUNX1/CD4/CD74",4
"Drug_C_Up","GO:0086009","membrane repolarization","4/144","56/18842",0.0714285714285714,9.34623015873016,10.2450549450549,5.48912163343501,0.00088288665959622,0.0135246593788696,0.000134214297991675,"ATP1A1/ATP1B1/ATP1B2/ATP1B3",4
"Drug_C_Up","GO:0042060","wound healing","10/144","394/18842",0.0253807106598985,3.32099548787366,3.55915733830846,4.08585928077444,0.000912956421300665,0.0139088661343511,0.000138027040222446,"CD40/C4BPB/CD34/CD151/CD44/CD36/CD40LG/DST/CD59/CDKN1A",10
"Drug_C_Up","GO:0090100","positive regulation of transmembrane receptor protein serine/threonine kinase signaling pathway","5/144","98/18842",0.0510204081632653,6.67587868480726,7.19617854103814,4.94368336966501,0.000933984071492037,0.0141518890832598,0.000140438720514713,"CDKN1C/BMP4/BMP6/BMPR2/CDKN2B",5
"Drug_C_Up","GO:0072593","reactive oxygen species metabolic process","7/144","204/18842",0.0343137254901961,4.48985566448802,4.79851050427952,4.39803355641503,0.000990329307833243,0.0149245303256167,0.000148106159600414,"TSPO/ARG2/CAT/CA3/BRCA1/CD36/CDKN1A",7
"Drug_C_Up","GO:0070542","response to fatty acid","4/144","58/18842",0.0689655172413793,9.02394636015326,9.86455026455026,5.37085734033901,0.0010078994323331,0.0151076538566919,0.000149923417653317,"CAT/CAMP/CD36/CD4",4
"Drug_C_Up","GO:0071805","potassium ion transmembrane transport","7/144","206/18842",0.0339805825242718,4.44626483279396,4.74977075156806,4.3645708797065,0.00104812312964134,0.0156265630237436,0.000155072902577581,"ATP4B/ATP1A1/ATP1B1/CD63/ATP1B2/FXYD2/ATP1B3",7
"Drug_C_Up","GO:0019229","regulation of vasoconstriction","4/144","59/18842",0.0677966101694915,8.87099811676083,9.68467532467533,5.31384617312399,0.00107484765386524,0.0159397620158313,0.000158180986979353,"AVPR2/AVPR1A/CASR/BMPR2",4
"Drug_C_Up","GO:0008016","regulation of heart contraction","7/144","208/18842",0.0336538461538462,4.40351228632479,4.70200094418419,4.33153260378665,0.0011085383791625,0.0161469992635476,0.000160237541672585,"ATP2A2/ATP1A1/ATP1B1/AVPR1A/CALM2/ATP1B2/CALM3",7
"Drug_C_Up","GO:0003012","muscle system process","11/144","477/18842",0.0230607966457023,3.01744118332169,3.23585788505599,3.91651909604781,0.0011114726371624,0.0161469992635476,0.000160237541672585,"ATP2A2/CALD1/CALCA/CA3/ATP1A1/ATP1B1/ARRB2/ARRB1/CALM2/CALM3/CACNA1S",11
"Drug_C_Up","GO:0030308","negative regulation of cell growth","6/144","152/18842",0.0394736842105263,5.16502192982456,5.52471709350804,4.52449464778932,0.00111579334456567,0.0161469992635476,0.000160237541672585,"CDKN2C/CFL1/BRCA1/CDKN2D/BMPR2/CDKN1A",6
"Drug_C_Up","GO:0035883","enteroendocrine cell differentiation","3/144","27/18842",0.111111111111111,14.5385802469136,16.5549645390071,6.17786675785113,0.00111778007814372,0.0161469992635476,0.000160237541672585,"BAD/BMP4/BMP6",3
"Drug_C_Up","GO:0045907","positive regulation of vasoconstriction","3/144","27/18842",0.111111111111111,14.5385802469136,16.5549645390071,6.17786675785113,0.00111778007814372,0.0161469992635476,0.000160237541672585,"AVPR2/AVPR1A/CASR",3
"Drug_C_Up","GO:0002429","immune response-activating cell surface receptor signaling pathway","9/144","336/18842",0.0267857142857143,3.50483630952381,3.7453618756371,4.06563468661514,0.00113335118878755,0.0162875418264933,0.000161632240118978,"BTN1A1/CD19/C5AR1/CD28/CD36/C3/CD4/BTK/CD72",9
"Drug_C_Up","GO:0006898","receptor-mediated endocytosis","8/144","271/18842",0.029520295202952,3.86264862648626,4.1232386490718,4.16553403919267,0.00115379788315366,0.0164963512729867,0.000163704396798866,"CALCA/ARRB2/CD63/ARRB1/CAV2/CD36/C3/CANX",8
"Drug_C_Up","GO:0040008","regulation of growth","11/144","482/18842",0.0228215767634855,2.98613992623329,3.20062896093738,3.876436424039,0.0012083789404326,0.0171885739077861,0.000170573787914824,"CDKN2C/CFL1/BRCA1/CDKN2D/AVPR1A/CAPN3/RUNX1/BMPR2/CDKN1A/CDC42/BBS2",11
"Drug_C_Up","GO:0009150","purine ribonucleotide metabolic process","9/144","340/18842",0.0264705882352941,3.46360294117647,3.69929506545821,4.02287443470097,0.00123041739207721,0.0174132166959962,0.000172803069501435,"TSPO/ATIC/ATP1B1/BAD/ATP5PB/CBFA2T3/ABCC6/ATP5PO/ATP6V1B2",9
"Drug_C_Up","GO:1902230","negative regulation of intrinsic apoptotic signaling pathway in response to DNA damage","3/144","28/18842",0.107142857142857,14.0193452380952,15.891914893617,6.05010946462878,0.00124494363838533,0.0175298124435267,0.0001739601275807,"CDKN2D/CD44/CD74",3
"Drug_C_Up","GO:0032637","interleukin-8 production","5/144","106/18842",0.0471698113207547,6.17203878406709,6.62333499537004,4.68610385972161,0.00132755683033328,0.0185061422148459,0.000183648905034918,"CALCA/CAMP/ARRB1/CD74/CD33",5
"Drug_C_Up","GO:0032677","regulation of interleukin-8 production","5/144","106/18842",0.0471698113207547,6.17203878406709,6.62333499537004,4.68610385972161,0.00132755683033328,0.0185061422148459,0.000183648905034918,"CALCA/CAMP/ARRB1/CD74/CD33",5
"Drug_C_Up","GO:1901379","regulation of potassium ion transmembrane transport","4/144","63/18842",0.0634920634920635,8.30776014109347,9.02615012106538,5.09863556649299,0.00137399382279321,0.0188717900275717,0.00018727747438535,"ATP1B1/CD63/ATP1B2/ATP1B3",4
"Drug_C_Up","GO:0002092","positive regulation of receptor internalization","3/144","29/18842",0.103448275862069,13.5359195402299,15.2798690671031,5.92873188008153,0.00138086268494427,0.0188717900275717,0.00018727747438535,"ARRB2/CD63/ARRB1",3
"Drug_C_Up","GO:0030449","regulation of complement activation","3/144","29/18842",0.103448275862069,13.5359195402299,15.2798690671031,5.92873188008153,0.00138086268494427,0.0188717900275717,0.00018727747438535,"C4BPB/CD59/C3",3
"Drug_C_Up","GO:1900227","positive regulation of NLRP3 inflammasome complex assembly","3/144","29/18842",0.103448275862069,13.5359195402299,15.2798690671031,5.92873188008153,0.00138086268494427,0.0188717900275717,0.00018727747438535,"CD36/CASR/BTK",3
"Drug_C_Up","GO:0007346","regulation of mitotic cell cycle","11/144","492/18842",0.0223577235772358,2.92544602529359,3.13236834289466,3.7977949183545,0.00142315903769889,0.019354962912705,0.000192072324131295,"CDKN2C/BLM/BRCA1/CDKN2D/CCND3/CD28/CAV2/CDKN1C/BMP4/CDKN1A/CDKN2B",11
"Drug_C_Up","GO:0032623","interleukin-2 production","4/144","64/18842",0.0625,8.17795138888889,8.8752380952381,5.04779228563288,0.00145699088324165,0.0196236260023078,0.000194738448797152,"CD34/CD28/RUNX1/CD4",4
"Drug_C_Up","GO:0032663","regulation of interleukin-2 production","4/144","64/18842",0.0625,8.17795138888889,8.8752380952381,5.04779228563288,0.00145699088324165,0.0196236260023078,0.000194738448797152,"CD34/CD28/RUNX1/CD4",4
"Drug_C_Up","GO:0009611","response to wounding","11/144","496/18842",0.0221774193548387,2.90185371863799,3.10585225951477,3.76688964114062,0.00151742394157071,0.0200651263498852,0.000199119753904603,"TSPO/CD40/C4BPB/CD34/CD151/CD44/CD36/CD40LG/DST/CD59/CDKN1A",11
"Drug_C_Up","GO:0019883","antigen processing and presentation of endogenous antigen","3/144","30/18842",0.1,13.0847222222222,14.7131599684791,5.8132025803988,0.00152575566218639,0.0200651263498852,0.000199119753904603,"CD1E/AZGP1/CD74",3
"Drug_C_Up","GO:0030851","granulocyte differentiation","3/144","30/18842",0.1,13.0847222222222,14.7131599684791,5.8132025803988,0.00152575566218639,0.0200651263498852,0.000199119753904603,"CEBPE/RUNX1/CBFA2T3",3
"Drug_C_Up","GO:0141087","positive regulation of inflammasome-mediated signaling pathway","3/144","30/18842",0.1,13.0847222222222,14.7131599684791,5.8132025803988,0.00152575566218639,0.0200651263498852,0.000199119753904603,"CD36/CASR/BTK",3
"Drug_C_Up","GO:2000515","negative regulation of CD4-positive, alpha-beta T cell activation","3/144","30/18842",0.1,13.0847222222222,14.7131599684791,5.8132025803988,0.00152575566218639,0.0200651263498852,0.000199119753904603,"ARG2/RUNX3/RUNX1",3
"Drug_C_Up","GO:0001503","ossification","9/144","354/18842",0.0254237288135593,3.32662429378531,3.54647342995169,3.87809609675436,0.00162442025497394,0.0212200841656757,0.0002105811776724,"AREG/CAT/BMP4/BMP6/RUNX3/RUNX1/CASR/BMP1/BMPR2",9
"Drug_C_Up","GO:2000106","regulation of leukocyte apoptotic process","4/144","66/18842",0.0606060606060606,7.93013468013468,8.58801843317972,4.94934522189005,0.00163335669610733,0.0212200841656757,0.0002105811776724,"ARG2/BMP4/CD74/BTK",4
"Drug_C_Up","GO:0016049","cell growth","10/144","426/18842",0.0234741784037559,3.07153103808033,3.27963547646383,3.79519621573685,0.00163641251636309,0.0212200841656757,0.0002105811776724,"CDKN2C/CDK5/CFL1/BRCA1/CDKN2D/AVPR1A/BMPR2/CDKN1A/CDC42/FOXL2",10
"Drug_C_Up","GO:0010575","positive regulation of vascular endothelial growth factor production","3/144","31/18842",0.0967741935483871,12.6626344086022,14.1869300911854,5.70305040780467,0.00167983456194382,0.0215823905930846,0.000214176588207361,"BRCA1/C5AR1/C3",3
"Drug_C_Up","GO:0071312","cellular response to alkaloid","3/144","31/18842",0.0967741935483871,12.6626344086022,14.1869300911854,5.70305040780467,0.00167983456194382,0.0215823905930846,0.000214176588207361,"BLM/CACNA1S/CASP6",3
"Drug_C_Up","GO:0070663","regulation of leukocyte proliferation","7/144","224/18842",0.03125,4.08897569444444,4.35154226512833,4.08138562354406,0.00169637020086386,0.0216948629358185,0.00021529272696551,"ARG2/CD28/BMP4/CD40LG/CD4/CD74/BTK",7
"Drug_C_Up","GO:0032611","interleukin-1 beta production","5/144","113/18842",0.0442477876106195,5.78970009832842,6.19171329602984,4.48152570142134,0.00176221109536408,0.022332020608523,0.000221615671400299,"ARG2/CAMP/ARRB2/CD36/CD33",5
"Drug_C_Up","GO:0032651","regulation of interleukin-1 beta production","5/144","113/18842",0.0442477876106195,5.78970009832842,6.19171329602984,4.48152570142134,0.00176221109536408,0.022332020608523,0.000221615671400299,"ARG2/CAMP/ARRB2/CD36/CD33",5
"Drug_C_Up","GO:0006813","potassium ion transport","7/144","226/18842",0.0309734513274336,4.05279006882989,4.31133553311335,4.05175911451115,0.00178422839136548,0.0223440626792377,0.000221735172973097,"ATP4B/ATP1A1/ATP1B1/CD63/ATP1B2/FXYD2/ATP1B3",7
"Drug_C_Up","GO:2001242","regulation of intrinsic apoptotic signaling pathway","6/144","167/18842",0.0359281437125748,4.70109780439122,5.00594112881447,4.21593722128456,0.00180448814317434,0.0223440626792377,0.000221735172973097,"CA3/BOK/CDKN2D/BAD/CD44/CD74",6
"Drug_C_Up","GO:0009259","ribonucleotide metabolic process","9/144","360/18842",0.025,3.27118055555556,3.48471035137702,3.81824746340471,0.00182165939543725,0.0223440626792377,0.000221735172973097,"TSPO/ATIC/ATP1B1/BAD/ATP5PB/CBFA2T3/ABCC6/ATP5PO/ATP6V1B2",9
"Drug_C_Up","GO:0030324","lung development","4/144","68/18842",0.0588235294117647,7.6968954248366,8.31875,4.85495501270269,0.00182404285347228,0.0223440626792377,0.000221735172973097,"BMP4/BMPR2/CDC42/ASCL1",4
"Drug_C_Up","GO:0072332","intrinsic apoptotic signaling pathway by p53 class mediator","4/144","68/18842",0.0588235294117647,7.6968954248366,8.31875,4.85495501270269,0.00182404285347228,0.0223440626792377,0.000221735172973097,"BOK/CD44/CASP6/CD74",4
"Drug_C_Up","GO:0016485","protein processing","7/144","227/18842",0.0308370044052863,4.03493636808615,4.29150630391506,4.03707336012347,0.00182946338179359,0.0223440626792377,0.000221735172973097,"CASP9/C1R/MYRF/RUNX1/CASP6/CASP2/BMP1",7
"Drug_C_Up","GO:0001974","blood vessel remodeling","3/144","32/18842",0.09375,12.2669270833333,13.6969919295671,5.59785594526989,0.00184330502734027,0.0223440626792377,0.000221735172973097,"BGN/BMPR2/BCR",3
"Drug_C_Up","GO:0031018","endocrine pancreas development","3/144","32/18842",0.09375,12.2669270833333,13.6969919295671,5.59785594526989,0.00184330502734027,0.0223440626792377,0.000221735172973097,"BAD/BMP4/BMP6",3
"Drug_C_Up","GO:0043268","positive regulation of potassium ion transport","3/144","32/18842",0.09375,12.2669270833333,13.6969919295671,5.59785594526989,0.00184330502734027,0.0223440626792377,0.000221735172973097,"ATP1B1/ATP1B2/ATP1B3",3
"Drug_C_Up","GO:1902229","regulation of intrinsic apoptotic signaling pathway in response to DNA damage","3/144","32/18842",0.09375,12.2669270833333,13.6969919295671,5.59785594526989,0.00184330502734027,0.0223440626792377,0.000221735172973097,"CDKN2D/CD44/CD74",3
"Drug_C_Up","GO:0072331","signal transduction by p53 class mediator","6/144","168/18842",0.0357142857142857,4.67311507936508,4.9747718733226,4.19668276974216,0.00185976050973161,0.02244594069754,0.000222746177119241,"BOK/CD44/CASP6/CASP2/CDKN1A/CD74",6
"Drug_C_Up","GO:0035821","modulation of process of another organism","5/144","115/18842",0.0434782608695652,5.68900966183575,6.07848266841073,4.42620562395166,0.00190356961847715,0.0228756555875617,0.000227010527198988,"CAMP/CFL1/CAV2/CDC42/CD74",5
"Drug_C_Up","GO:0045785","positive regulation of cell adhesion","10/144","437/18842",0.022883295194508,2.9942156114925,3.19322590793107,3.7015239390558,0.00197265463823307,0.0233587099175792,0.000231804200442725,"CFL1/CD63/CD28/CD44/CD36/CD40LG/RUNX3/RUNX1/CDC42/CD4",10
"Drug_C_Up","GO:1902107","positive regulation of leukocyte differentiation","6/144","170/18842",0.0352941176470588,4.61813725490196,4.9135737009544,4.15862463905134,0.00197414755359089,0.0233587099175792,0.000231804200442725,"CALCA/RUNX3/RUNX1/CD4/CD74/BTK",6
"Drug_C_Up","GO:1903708","positive regulation of hemopoiesis","6/144","170/18842",0.0352941176470588,4.61813725490196,4.9135737009544,4.15862463905134,0.00197414755359089,0.0233587099175792,0.000231804200442725,"CALCA/RUNX3/RUNX1/CD4/CD74/BTK",6
"Drug_C_Up","GO:0051209","release of sequestered calcium ion into cytosol","5/144","116/18842",0.0431034482758621,5.63996647509579,6.02339749821764,4.39903047750258,0.00197727960564874,0.0233587099175792,0.000231804200442725,"CD19/CALM2/CAPN3/CALM3/CACNA1S",5
"Drug_C_Up","GO:0007095","mitotic G2 DNA damage checkpoint signaling","3/144","33/18842",0.0909090909090909,11.895202020202,13.2397163120567,5.49724442137345,0.00201636645528916,0.0236762508789632,0.000234955373128252,"BLM/BRCA1/CDKN1A",3
"Drug_C_Up","GO:0030323","respiratory tube development","4/144","70/18842",0.0571428571428571,7.47698412698413,8.06580086580087,4.76433425586913,0.00202963556674039,0.0236762508789632,0.000234955373128252,"BMP4/BMPR2/CDC42/ASCL1",4
"Drug_C_Up","GO:0051279","regulation of release of sequestered calcium ion into cytosol","4/144","70/18842",0.0571428571428571,7.47698412698413,8.06580086580087,4.76433425586913,0.00202963556674039,0.0236762508789632,0.000234955373128252,"CD19/CALM2/CAPN3/CALM3",4
"Drug_C_Up","GO:0019693","ribose phosphate metabolic process","9/144","367/18842",0.0245231607629428,3.20878746594005,3.41527001862197,3.74999234233634,0.00207556461541934,0.0241111422824547,0.00023927109323529,"TSPO/ATIC/ATP1B1/BAD/ATP5PB/CBFA2T3/ABCC6/ATP5PO/ATP6V1B2",9
"Drug_C_Up","GO:0006937","regulation of muscle contraction","6/144","172/18842",0.0348837209302326,4.56443798449612,4.85385018334206,4.12115330781959,0.00209378386726338,0.0242218648212876,0.000240369867511597,"ATP2A2/CALCA/ATP1B1/CALM2/CALM3/CACNA1S",6
"Drug_C_Up","GO:0042310","vasoconstriction","4/144","71/18842",0.0563380281690141,7.3716744913928,7.94498933901919,4.7203553487627,0.00213820381739025,0.02463352166481,0.000244455015441692,"AVPR2/AVPR1A/CASR/BMPR2",4
"Drug_C_Up","GO:0045746","negative regulation of Notch signaling pathway","3/144","34/18842",0.0882352941176471,11.5453431372549,12.8119423472889,5.40087977005679,0.00219921209767956,0.0252321124622659,0.000250395234815374,"CCNC/ARRB1/CDK3",3
"Drug_C_Up","GO:0000082","G1/S transition of mitotic cell cycle","7/144","235/18842",0.0297872340425532,3.8975768321513,4.13913433218082,3.92253074208383,0.00222423868601756,0.025310928394355,0.000251177378357741,"CDKN2C/CDC34/CDKN2D/CCND3/CDKN1A/CDKN2B/CDK3",7
"Drug_C_Up","GO:0002699","positive regulation of immune effector process","7/144","235/18842",0.0297872340425532,3.8975768321513,4.13913433218082,3.92253074208383,0.00222423868601756,0.025310928394355,0.000251177378357741,"CD1E/AZGP1/CFB/C3/CD74/BTK/C2",7
"Drug_C_Up","GO:0030330","DNA damage response, signal transduction by p53 class mediator","4/144","72/18842",0.0555555555555556,7.26929012345679,7.82773109243697,4.67722350074778,0.00225071638412171,0.0254048472831228,0.000252109398704503,"CD44/CASP2/CDKN1A/CD74",4
"Drug_C_Up","GO:0048709","oligodendrocyte differentiation","4/144","72/18842",0.0555555555555556,7.26929012345679,7.82773109243697,4.67722350074778,0.00225071638412171,0.0254048472831228,0.000252109398704503,"CDKN2C/CDK5/BOK/MYRF",4
"Drug_C_Up","GO:0060047","heart contraction","7/144","236/18842",0.0296610169491525,3.88106167608286,4.12083638797692,3.90856817741288,0.00227787685305451,0.0256077446222419,0.000254122885563684,"ATP2A2/ATP1A1/ATP1B1/AVPR1A/CALM2/ATP1B2/CALM3",7
"Drug_C_Up","GO:0050671","positive regulation of lymphocyte proliferation","5/144","120/18842",0.0416666666666667,5.45196759259259,5.8126368470441,4.29340779031109,0.0022931190387018,0.0256755657827334,0.000254795920587292,"CD28/CD40LG/CD4/CD74/BTK",5
"Drug_C_Up","GO:0045930","negative regulation of mitotic cell cycle","7/144","237/18842",0.029535864978903,3.86468588842007,4.10269755633132,3.89468185872983,0.00233250902417586,0.0260121406376092,0.000258135979408987,"BLM/BRCA1/CDKN2D/CDKN1C/BMP4/CDKN1A/CDKN2B",7
"Drug_C_Up","GO:0002695","negative regulation of leukocyte activation","6/144","176/18842",0.0340909090909091,4.46070075757576,4.7386189258312,4.04790577145592,0.00234941579663355,0.0260962997649973,0.000258971147074623,"ARG2/BMP4/RUNX3/RUNX1/BTK/CD33",6
"Drug_C_Up","GO:0032946","positive regulation of mononuclear cell proliferation","5/144","121/18842",0.0413223140495868,5.40691000918274,5.76221781195733,4.26774034762406,0.00237749969891043,0.0263034490498503,0.000261026828853158,"CD28/CD40LG/CD4/CD74/BTK",5
"Drug_C_Up","GO:0030224","monocyte differentiation","3/144","35/18842",0.0857142857142857,11.2154761904762,12.4109042553191,5.30845962940017,0.00239202916126463,0.026338537256825,0.000261375032747612,"BMP4/CD4/CD74",3
"Drug_C_Up","GO:0006936","muscle contraction","9/144","375/18842",0.024,3.14033333333333,3.3391621129326,3.67396079464108,0.00239956544592308,0.026338537256825,0.000261375032747612,"ATP2A2/CALD1/CALCA/CA3/ATP1A1/ATP1B1/CALM2/CALM3/CACNA1S",9
"Drug_C_Up","GO:0007156","homophilic cell-cell adhesion","6/144","177/18842",0.0338983050847458,4.43549905838041,4.71065344520722,4.02993566502587,0.00241684443356342,0.02642416580696,0.000262224782484184,"CDH3/CDH18/CDH16/CDH9/CDH12/CEACAM5",6
"Drug_C_Up","GO:0032720","negative regulation of tumor necrosis factor production","4/144","74/18842",0.0540540540540541,7.07282282282282,7.60326530612245,4.59338783795272,0.00248786148452258,0.0264791176654882,0.000262770106762533,"TSPO/ARG2/ARRB2/CD33",4
"Drug_C_Up","GO:1904063","negative regulation of cation transmembrane transport","4/144","74/18842",0.0540540540540541,7.07282282282282,7.60326530612245,4.59338783795272,0.00248786148452258,0.0264791176654882,0.000262770106762533,"CALCA/CACNA1F/CALM2/CALM3",4
"Drug_C_Up","GO:0042327","positive regulation of phosphorylation","7/144","240/18842",0.0291666666666667,3.81637731481481,4.04921525014881,3.85347265485633,0.00250249257665048,0.0264791176654882,0.000262770106762533,"AREG/CALCA/ARRB1/BMP4/C3/CDKN1A/BRAF",7
"Drug_C_Up","GO:0045657","positive regulation of monocyte differentiation","2/144","10/18842",0.2,26.1694444444444,32.9049295774648,6.98652230640638,0.00250734830117966,0.0264791176654882,0.000262770106762533,"CD4/CD74",2
"Drug_C_Up","GO:0061307","cardiac neural crest cell differentiation involved in heart development","2/144","10/18842",0.2,26.1694444444444,32.9049295774648,6.98652230640638,0.00250734830117966,0.0264791176654882,0.000262770106762533,"BMP4/CDC42",2
"Drug_C_Up","GO:0061308","cardiac neural crest cell development involved in heart development","2/144","10/18842",0.2,26.1694444444444,32.9049295774648,6.98652230640638,0.00250734830117966,0.0264791176654882,0.000262770106762533,"BMP4/CDC42",2
"Drug_C_Up","GO:0061309","cardiac neural crest cell development involved in outflow tract morphogenesis","2/144","10/18842",0.2,26.1694444444444,32.9049295774648,6.98652230640638,0.00250734830117966,0.0264791176654882,0.000262770106762533,"BMP4/CDC42",2
"Drug_C_Up","GO:0071362","cellular response to ether","2/144","10/18842",0.2,26.1694444444444,32.9049295774648,6.98652230640638,0.00250734830117966,0.0264791176654882,0.000262770106762533,"CFL1/CD4",2
"Drug_C_Up","GO:2000425","regulation of apoptotic cell clearance","2/144","10/18842",0.2,26.1694444444444,32.9049295774648,6.98652230640638,0.00250734830117966,0.0264791176654882,0.000262770106762533,"C3/C2",2
"Drug_C_Up","GO:0000302","response to reactive oxygen species","6/144","179/18842",0.0335195530726257,4.38594040968343,4.65569238502136,3.99439253228327,0.00255606257147782,0.0266968891168754,0.000264931199448994,"AREG/CAT/CA3/CFL1/CD36/BTK",6
"Drug_C_Up","GO:0051249","regulation of lymphocyte activation","10/144","453/18842",0.022075055187638,2.88845965170468,3.07519962265422,3.57037142449191,0.00255943459840239,0.0266968891168754,0.000264931199448994,"ARG2/CD19/CD28/BMP4/CD40LG/RUNX3/RUNX1/CD4/CD74/BTK",10
"Drug_C_Up","GO:0033280","response to vitamin D","3/144","36/18842",0.0833333333333333,10.9039351851852,12.0341715022566,5.21971110881888,0.0025949989062673,0.0266968891168754,0.000264931199448994,"CDKN2D/CASR/CD4",3
"Drug_C_Up","GO:0045494","photoreceptor cell maintenance","3/144","36/18842",0.0833333333333333,10.9039351851852,12.0341715022566,5.21971110881888,0.0025949989062673,0.0266968891168754,0.000264931199448994,"ATP1B2/BBS1/BBS2",3
"Drug_C_Up","GO:0071404","cellular response to low-density lipoprotein particle stimulus","3/144","36/18842",0.0833333333333333,10.9039351851852,12.0341715022566,5.21971110881888,0.0025949989062673,0.0266968891168754,0.000264931199448994,"CD36/CASR/CES1",3
"Drug_C_Up","GO:0090075","relaxation of muscle","3/144","36/18842",0.0833333333333333,10.9039351851852,12.0341715022566,5.21971110881888,0.0025949989062673,0.0266968891168754,0.000264931199448994,"ATP2A2/ATP1A1/ATP1B1",3
"Drug_C_Up","GO:2000107","negative regulation of leukocyte apoptotic process","3/144","36/18842",0.0833333333333333,10.9039351851852,12.0341715022566,5.21971110881888,0.0025949989062673,0.0266968891168754,0.000264931199448994,"ARG2/BMP4/CD74",3
"Drug_C_Up","GO:0050766","positive regulation of phagocytosis","4/144","75/18842",0.0533333333333333,6.97851851851852,7.49577464788732,4.55263074146534,0.00261263656373829,0.0267795247783174,0.000265751248736657,"CFB/C3/BTK/C2",4
"Drug_C_Up","GO:0048589","developmental growth","9/144","381/18842",0.0236220472440945,3.09087926509186,3.284229390681,3.61825753845666,0.00266801804350015,0.027247012107247,0.000270390440150994,"CDK5/CFL1/CAPN3/BMP4/RUNX1/BMPR2/CDKN1A/FOXL2/BBS2",9
"Drug_C_Up","GO:0140238","presynaptic endocytosis","4/144","76/18842",0.0526315789473684,6.88669590643275,7.39126984126984,4.51261398481416,0.00274164101084795,0.0277952550481603,0.000275831023856823,"CDK5/CALM2/CALM3/CANX",4
"Drug_C_Up","GO:1903556","negative regulation of tumor necrosis factor superfamily cytokine production","4/144","76/18842",0.0526315789473684,6.88669590643275,7.39126984126984,4.51261398481416,0.00274164101084795,0.0277952550481603,0.000275831023856823,"TSPO/ARG2/ARRB2/CD33",4
"Drug_C_Up","GO:0071216","cellular response to biotic stimulus","7/144","245/18842",0.0285714285714286,3.73849206349206,3.96307428080721,3.78624511818104,0.00280683471948236,0.0281637817319597,0.000279488162182585,"TSPO/CAMP/CD40/CEBPE/CD36/BMP6/BTK",7
"Drug_C_Up","GO:0055094","response to lipoprotein particle","3/144","37/18842",0.0810810810810811,10.6092342342342,11.6795994993742,5.13438718887789,0.00280829674371765,0.0281637817319597,0.000279488162182585,"CD36/CASR/CES1",3
"Drug_C_Up","GO:0060544","regulation of necroptotic process","3/144","37/18842",0.0810810810810811,10.6092342342342,11.6795994993742,5.13438718887789,0.00280829674371765,0.0281637817319597,0.000279488162182585,"BOK/CASP6/CASP2",3
"Drug_C_Up","GO:0035270","endocrine system development","4/144","77/18842",0.051948051948052,6.7972582972583,7.28962818003914,4.47331387656754,0.00287494504745577,0.0287288415494863,0.0002850956310739,"TSPO/BAD/BMP4/BMP6",4
"Drug_C_Up","GO:0070509","calcium ion import","4/144","78/18842",0.0512820512820513,6.71011396011396,7.19073359073359,4.43470778356406,0.0030126184413534,0.0295180605141132,0.000292927582055572,"CACNA1E/CACNA1F/CACNA1S/CASR",4
"Drug_C_Up","GO:0045023","G0 to G1 transition","3/144","38/18842",0.0789473684210526,10.3300438596491,11.3452887537994,5.05226364489048,0.0030320923315361,0.0295180605141132,0.000292927582055572,"CCNC/CDKN2B/CDK3",3
"Drug_C_Up","GO:0001878","response to yeast","2/144","11/18842",0.181818181818182,23.790404040404,29.2472613458529,6.63509764715207,0.00304921141609204,0.0295180605141132,0.000292927582055572,"CALCA/CAMP",2
"Drug_C_Up","GO:0032782","bile acid secretion","2/144","11/18842",0.181818181818182,23.790404040404,29.2472613458529,6.63509764715207,0.00304921141609204,0.0295180605141132,0.000292927582055572,"CASR/CES1",2
"Drug_C_Up","GO:0062100","positive regulation of programmed necrotic cell death","2/144","11/18842",0.181818181818182,23.790404040404,29.2472613458529,6.63509764715207,0.00304921141609204,0.0295180605141132,0.000292927582055572,"TSPO/CASP6",2
"Drug_C_Up","GO:0070233","negative regulation of T cell apoptotic process","2/144","11/18842",0.181818181818182,23.790404040404,29.2472613458529,6.63509764715207,0.00304921141609204,0.0295180605141132,0.000292927582055572,"ARG2/BMP4",2
"Drug_C_Up","GO:1901844","regulation of cell communication by electrical coupling involved in cardiac conduction","2/144","11/18842",0.181818181818182,23.790404040404,29.2472613458529,6.63509764715207,0.00304921141609204,0.0295180605141132,0.000292927582055572,"CALM2/CALM3",2
"Drug_C_Up","GO:2000727","positive regulation of cardiac muscle cell differentiation","2/144","11/18842",0.181818181818182,23.790404040404,29.2472613458529,6.63509764715207,0.00304921141609204,0.0295180605141132,0.000292927582055572,"ARRB2/BMP4",2
"Drug_C_Up","GO:2001280","positive regulation of unsaturated fatty acid biosynthetic process","2/144","11/18842",0.181818181818182,23.790404040404,29.2472613458529,6.63509764715207,0.00304921141609204,0.0295180605141132,0.000292927582055572,"AVPR1A/CD74",2
"Drug_C_Up","GO:0001935","endothelial cell proliferation","6/144","186/18842",0.032258064516129,4.22087813620072,4.47294685990338,3.87397792826061,0.00309117974463336,0.0298148766201683,0.000295873088052495,"CALCA/CD34/CAV2/BMP4/BMP6/BMPR2",6
"Drug_C_Up","GO:0035150","regulation of tube size","5/144","129/18842",0.0387596899224806,5.07159776055125,5.38814110002321,4.0721489608583,0.00313596154821097,0.0298148766201683,0.000295873088052495,"CALCA/AVPR2/AVPR1A/CASR/BMPR2",5
"Drug_C_Up","GO:0035296","regulation of tube diameter","5/144","129/18842",0.0387596899224806,5.07159776055125,5.38814110002321,4.0721489608583,0.00313596154821097,0.0298148766201683,0.000295873088052495,"CALCA/AVPR2/AVPR1A/CASR/BMPR2",5
"Drug_C_Up","GO:0097746","blood vessel diameter maintenance","5/144","129/18842",0.0387596899224806,5.07159776055125,5.38814110002321,4.0721489608583,0.00313596154821097,0.0298148766201683,0.000295873088052495,"CALCA/AVPR2/AVPR1A/CASR/BMPR2",5
"Drug_C_Up","GO:0034766","negative regulation of monoatomic ion transmembrane transport","4/144","79/18842",0.0506329113924051,6.62517580872011,7.09447619047619,4.39677407070027,0.00315473048886286,0.0298148766201683,0.000295873088052495,"CALCA/CACNA1F/CALM2/CALM3",4
"Drug_C_Up","GO:0043279","response to alkaloid","4/144","79/18842",0.0506329113924051,6.62517580872011,7.09447619047619,4.39677407070027,0.00315473048886286,0.0298148766201683,0.000295873088052495,"BLM/MYRF/CACNA1S/CASP6",4
"Drug_C_Up","GO:0050810","regulation of steroid biosynthetic process","4/144","79/18842",0.0506329113924051,6.62517580872011,7.09447619047619,4.39677407070027,0.00315473048886286,0.0298148766201683,0.000295873088052495,"TSPO/BMP6/ASAH1/CES1",4
"Drug_C_Up","GO:0009411","response to UV","5/144","130/18842",0.0384615384615385,5.03258547008547,5.34474820143885,4.04884168698942,0.00324171273544494,0.0305334294135827,0.000303003771054298,"CAT/CDKN2D/OPN1SW/CASP9/CDKN1A",5
"Drug_C_Up","GO:0043266","regulation of potassium ion transport","4/144","80/18842",0.05,6.54236111111111,7.00075187969925,4.35949204485963,0.00330134999772318,0.0309904504836776,0.000307539098737745,"ATP1B1/CD63/ATP1B2/ATP1B3",4
"Drug_C_Up","GO:0022407","regulation of cell-cell adhesion","10/144","472/18842",0.0211864406779661,2.77218691148776,2.94566130387026,3.42185489372556,0.00343026371465107,0.0320925343504939,0.000318475818722264,"ARG2/CD28/CD44/BMP4/CD40LG/BMP6/RUNX3/RUNX1/CDSN/CD4",10
"Drug_C_Up","GO:1903321","negative regulation of protein modification by small protein conjugation or removal","4/144","81/18842",0.0493827160493827,6.46159122085048,6.90946196660482,4.32284190264998,0.00345254527051121,0.032163200385322,0.0003191770853487,"TSPO/ARRB2/ARRB1/CAPN3",4
"Drug_C_Up","GO:0031623","receptor internalization","5/144","132/18842",0.0378787878787879,4.95633417508418,5.26001246247097,4.00293633125671,0.00346088956800452,0.032163200385322,0.0003191770853487,"CALCA/ARRB2/CD63/ARRB1/CD36",5
"Drug_C_Up","GO:0032743","positive regulation of interleukin-2 production","3/144","40/18842",0.075,9.81354166666667,10.7308798159862,4.89681928215257,0.00351182719224581,0.0324048686721348,0.000321575322417214,"CD28/RUNX1/CD4",3
"Drug_C_Up","GO:0097242","amyloid-beta clearance","3/144","40/18842",0.075,9.81354166666667,10.7308798159862,4.89681928215257,0.00351182719224581,0.0324048686721348,0.000321575322417214,"C5AR1/CD36/C3",3
"Drug_C_Up","GO:0035725","sodium ion transmembrane transport","6/144","191/18842",0.031413612565445,4.11038394415358,4.35088131609871,3.7915367264672,0.00352176298696443,0.0324048686721348,0.000321575322417214,"ATP4B/ATP1A1/ATP1B1/ATP1B2/FXYD2/ATP1B3",6
"Drug_C_Up","GO:0048771","tissue remodeling","5/144","133/18842",0.037593984962406,4.91906850459482,5.21863758992806,3.98032955190812,0.00357438401781406,0.0327434067920405,0.000324934864039205,"CALCA/BGN/RUNX1/BMPR2/BCR",5
"Drug_C_Up","GO:0003073","regulation of systemic arterial blood pressure","4/144","82/18842",0.0487804878048781,6.38279132791328,6.82051282051282,4.2868046816472,0.00360838408858678,0.0327434067920405,0.000324934864039205,"CALCA/AVPR2/AVPR1A/BMPR2",4
"Drug_C_Up","GO:0043122","regulation of canonical NF-kappaB signal transduction","8/144","326/18842",0.0245398773006135,3.21097477845944,3.3999260081391,3.5339031698035,0.00363264102232593,0.0327434067920405,0.000324934864039205,"CD40/ARRB2/ARRB1/CAPN3/CD36/CD40LG/CD74/BTK",8
"Drug_C_Up","GO:0000098","sulfur amino acid catabolic process","2/144","12/18842",0.166666666666667,21.8078703703704,26.3211267605634,6.32745025821155,0.00364076617845501,0.0327434067920405,0.000324934864039205,"BLMH/CBS",2
"Drug_C_Up","GO:0019732","antifungal humoral response","2/144","12/18842",0.166666666666667,21.8078703703704,26.3211267605634,6.32745025821155,0.00364076617845501,0.0327434067920405,0.000324934864039205,"CALCA/CAMP",2
"Drug_C_Up","GO:0097646","calcitonin family receptor signaling pathway","2/144","12/18842",0.166666666666667,21.8078703703704,26.3211267605634,6.32745025821155,0.00364076617845501,0.0327434067920405,0.000324934864039205,"CALCA/CALCR",2
"Drug_C_Up","GO:0160257","complement activation, GZMK pathway","2/144","12/18842",0.166666666666667,21.8078703703704,26.3211267605634,6.32745025821155,0.00364076617845501,0.0327434067920405,0.000324934864039205,"C3/C2",2
"Drug_C_Up","GO:0030501","positive regulation of bone mineralization","3/144","41/18842",0.0731707317073171,9.57418699186992,10.447928331467,4.82314198992555,0.00376807786290549,0.0335712049392661,0.000333149662216102,"BMP4/BMP6/BMPR2",3
"Drug_C_Up","GO:0046636","negative regulation of alpha-beta T cell activation","3/144","41/18842",0.0731707317073171,9.57418699186992,10.447928331467,4.82314198992555,0.00376807786290549,0.0335712049392661,0.000333149662216102,"ARG2/RUNX3/RUNX1",3
"Drug_C_Up","GO:0060541","respiratory system development","4/144","83/18842",0.0481927710843374,6.30589022757697,6.73381555153707,4.25136221487034,0.00376893369655318,0.0335712049392661,0.000333149662216102,"BMP4/BMPR2/CDC42/ASCL1",4
"Drug_C_Up","GO:0007159","leukocyte cell-cell adhesion","9/144","402/18842",0.0223880597014925,2.92941542288557,3.10517387616624,3.43157864926467,0.00380039736384484,0.0336388548880126,0.000333820998190328,"ARG2/CALCA/CD28/CD44/BMP4/CD40LG/RUNX3/RUNX1/CD4",9
"Drug_C_Up","GO:0022408","negative regulation of cell-cell adhesion","6/144","194/18842",0.0309278350515464,4.04682130584192,4.28075855689177,3.74340970276813,0.00380065971654375,0.0336388548880126,0.000333820998190328,"ARG2/BMP4/BMP6/RUNX3/RUNX1/CDSN",6
"Drug_C_Up","GO:1901874","negative regulation of post-translational protein modification","4/144","84/18842",0.0476190476190476,6.23082010582011,6.64928571428571,4.21649708823775,0.00393426078722318,0.0347111363125893,0.000344461968481522,"TSPO/ARRB2/ARRB1/CAPN3",4
"Drug_C_Up","GO:0019216","regulation of lipid metabolic process","8/144","331/18842",0.0241691842900302,3.16247062772743,3.34638499362593,3.48325217416297,0.00398039274131074,0.0350073658131682,0.000347401653197482,"TSPO/BRCA1/AVPR1A/BMP6/C3/ASAH1/CD74/CES1",8
"Drug_C_Up","GO:0009612","response to mechanical stimulus","6/144","196/18842",0.0306122448979592,4.00552721088435,4.23524027459954,3.71185927784019,0.00399548919424946,0.0350296348225393,0.000347622643565962,"CD40/BAD/TNFRSF8/BMP6/CASP2/CASP5",6
"Drug_C_Up","GO:0060391","positive regulation of SMAD protein signal transduction","3/144","42/18842",0.0714285714285714,9.34623015873016,10.1794871794872,4.75194844770007,0.0040354492630832,0.0350493225715762,0.000347818018350791,"BMP4/BMP6/BMPR2",3
"Drug_C_Up","GO:0098703","calcium ion import across plasma membrane","3/144","42/18842",0.0714285714285714,9.34623015873016,10.1794871794872,4.75194844770007,0.0040354492630832,0.0350493225715762,0.000347818018350791,"CACNA1E/CACNA1F/CACNA1S",3
"Drug_C_Up","GO:1902656","calcium ion import into cytosol","3/144","42/18842",0.0714285714285714,9.34623015873016,10.1794871794872,4.75194844770007,0.0040354492630832,0.0350493225715762,0.000347818018350791,"CACNA1E/CACNA1F/CACNA1S",3
"Drug_C_Up","GO:0050714","positive regulation of protein secretion","5/144","137/18842",0.0364963503649635,4.77544606650446,5.05940701983867,3.89211210691194,0.00405520328946397,0.0351115117112594,0.000348435163041202,"CAMP/BAD/BMP6/CASR/CD33",5
"Drug_C_Up","GO:0031589","cell-substrate adhesion","8/144","333/18842",0.024024024024024,3.14347681014348,3.32542986425339,3.46325979726176,0.00412648761751947,0.0356181036459575,0.000353462415778523,"CFL1/CD34/CD63/CD44/ATP1B2/CD36/CDC42/BCR",8
"Drug_C_Up","GO:0034614","cellular response to reactive oxygen species","5/144","138/18842",0.036231884057971,4.74084138486312,5.0210959052307,3.87059056379577,0.00418228974950217,0.0358776117588063,0.000356037689448155,"CAT/CA3/CFL1/CD36/BTK",5
"Drug_C_Up","GO:0070665","positive regulation of leukocyte proliferation","5/144","138/18842",0.036231884057971,4.74084138486312,5.0210959052307,3.87059056379577,0.00418228974950217,0.0358776117588063,0.000356037689448155,"CD28/CD40LG/CD4/CD74/BTK",5
"Drug_C_Up","GO:0050866","negative regulation of cell activation","6/144","198/18842",0.0303030303030303,3.96506734006734,4.19067028985507,3.68072399371295,0.00419762695975839,0.0358987238153571,0.000356247198595095,"ARG2/BMP4/RUNX3/RUNX1/BTK/CD33",6
"Drug_C_Up","GO:0071472","cellular response to salt stress","2/144","13/18842",0.153846153846154,20.1303418803419,23.9270166453265,6.05503172522763,0.00428123209255954,0.0362798634469787,0.00036002950369143,"CAPN3/FXYD2",2
"Drug_C_Up","GO:1901385","regulation of voltage-gated calcium channel activity","2/144","13/18842",0.153846153846154,20.1303418803419,23.9270166453265,6.05503172522763,0.00428123209255954,0.0362798634469787,0.00036002950369143,"CACNA1F/CALM3",2
"Drug_C_Up","GO:1990034","calcium ion export across plasma membrane","2/144","13/18842",0.153846153846154,20.1303418803419,23.9270166453265,6.05503172522763,0.00428123209255954,0.0362798634469787,0.00036002950369143,"CALM2/CALM3",2
"Drug_C_Up","GO:0044843","cell cycle G1/S phase transition","7/144","265/18842",0.0264150943396226,3.45634171907757,3.65189837605387,3.53394327353484,0.00431697813595696,0.0364719243728728,0.000361935453528569,"CDKN2C/CDC34/CDKN2D/CCND3/CDKN1A/CDKN2B/CDK3",7
"Drug_C_Up","GO:0001667","ameboidal-type cell migration","6/144","200/18842",0.03,3.92541666666667,4.14701927386822,3.64999374701387,0.00440723595863533,0.037121975385726,0.00036838634725571,"ARSB/ARHGDIB/CD63/BMP4/BMPR2/CDC42",6
"Drug_C_Up","GO:0055117","regulation of cardiac muscle contraction","4/144","87/18842",0.0459770114942529,6.01596424010217,6.407917383821,4.11520208389062,0.0044595653048481,0.0373371413511006,0.000370521583950807,"ATP2A2/ATP1B1/CALM2/CALM3",4
"Drug_C_Up","GO:0086001","cardiac muscle cell action potential","4/144","87/18842",0.0459770114942529,6.01596424010217,6.407917383821,4.11520208389062,0.0044595653048481,0.0373371413511006,0.000370521583950807,"ATP2A2/ATP1A1/ATP1B1/CALM3",4
"Drug_C_Up","GO:0007601","visual perception","6/144","201/18842",0.0298507462686567,3.9058872305141,4.12552954292085,3.6347774505358,0.00451489316970435,0.0375746930063753,0.000372878968913808,"CDH3/CACNA1F/OPN1SW/BBS1/ABCC6/BBS2",6
"Drug_C_Up","GO:0043523","regulation of neuron apoptotic process","6/144","201/18842",0.0298507462686567,3.9058872305141,4.12552954292085,3.6347774505358,0.00451489316970435,0.0375746930063753,0.000372878968913808,"CDK5/BOK/CASP9/CASP6/CASP2/CASP5",6
"Drug_C_Up","GO:0010565","regulation of ketone metabolic process","5/144","141/18842",0.0354609929078014,4.63997241922774,4.9095429538722,3.80724545814815,0.00458061116469733,0.0377537693440529,0.000374656063942602,"BRCA1/AVPR1A/BMP6/CD74/CES1",5
"Drug_C_Up","GO:0046879","hormone secretion","7/144","268/18842",0.0261194029850746,3.41765132669983,3.60933523505887,3.498194774197,0.00458812154596014,0.0377537693440529,0.000374656063942602,"TSPO/CCKAR/CAMP/BAD/BMP6/CASR/BTK",7
"Drug_C_Up","GO:0007249","canonical NF-kappaB signal transduction","8/144","339/18842",0.023598820058997,3.08784005244182,3.26408388128665,3.40417315427331,0.00458973226896574,0.0377537693440529,0.000374656063942602,"CD40/ARRB2/ARRB1/CAPN3/CD36/CD40LG/CD74/BTK",8
"Drug_C_Up","GO:0006911","phagocytosis, engulfment","3/144","44/18842",0.0681818181818182,8.92140151515152,9.68188894654904,4.61645052797932,0.00460411821268938,0.0377537693440529,0.000374656063942602,"CD36/C3/CDC42",3
"Drug_C_Up","GO:0071402","cellular response to lipoprotein particle stimulus","3/144","44/18842",0.0681818181818182,8.92140151515152,9.68188894654904,4.61645052797932,0.00460411821268938,0.0377537693440529,0.000374656063942602,"CD36/CASR/CES1",3
"Drug_C_Up","GO:0071356","cellular response to tumor necrosis factor","6/144","202/18842",0.0297029702970297,3.88655115511551,4.10425909494232,3.6196587807689,0.00462447941657143,0.0378095267255166,0.000375209381967209,"CALCA/CAMP/CD40/CFL1/BRCA1/ASAH1",6
"Drug_C_Up","GO:0001501","skeletal system development","8/144","341/18842",0.0234604105571848,3.06972955360052,3.2441264794206,3.38476741975371,0.00475272104196246,0.0387444042836004,0.000384486801209458,"CD44/BMP4/BMP6/RUNX3/RUNX1/BMP1/BMPR2/NKX3-2",8
"Drug_C_Up","GO:0050886","endocrine process","4/144","89/18842",0.0449438202247191,5.88077403245943,6.25647058823529,4.05026996071521,0.00483485231318974,0.0392802269859545,0.000389804130528437,"TSPO/AVPR2/AVPR1A/BMP6",4
"Drug_C_Up","GO:0050953","sensory perception of light stimulus","6/144","204/18842",0.0294117647058824,3.8484477124183,4.06236275801493,3.58970966919549,0.00484952076513269,0.0392802269859545,0.000389804130528437,"CDH3/CACNA1F/OPN1SW/BBS1/ABCC6/BBS2",6
"Drug_C_Up","GO:0060048","cardiac muscle contraction","5/144","143/18842",0.034965034965035,4.5750777000777,4.83786883536649,3.76599688233753,0.00486071675400083,0.0392802269859545,0.000389804130528437,"ATP2A2/ATP1A1/ATP1B1/CALM2/CALM3",5
"Drug_C_Up","GO:1990000","amyloid fibril formation","3/144","45/18842",0.0666666666666667,8.72314814814815,9.45086119554205,4.55189247928607,0.00490568482475705,0.0394755187409326,0.000391742142057134,"CAMP/CD36/CDSN",3
"Drug_C_Up","GO:0002902","regulation of B cell apoptotic process","2/144","14/18842",0.142857142857143,18.6924603174603,21.9319248826291,5.81146727152786,0.00496983754593521,0.0394755187409326,0.000391742142057134,"CD74/BTK",2
"Drug_C_Up","GO:0003084","positive regulation of systemic arterial blood pressure","2/144","14/18842",0.142857142857143,18.6924603174603,21.9319248826291,5.81146727152786,0.00496983754593521,0.0394755187409326,0.000391742142057134,"AVPR2/AVPR1A",2
"Drug_C_Up","GO:0010838","positive regulation of keratinocyte proliferation","2/144","14/18842",0.142857142857143,18.6924603174603,21.9319248826291,5.81146727152786,0.00496983754593521,0.0394755187409326,0.000391742142057134,"AREG/CDH3",2
"Drug_C_Up","GO:0023035","CD40 signaling pathway","2/144","14/18842",0.142857142857143,18.6924603174603,21.9319248826291,5.81146727152786,0.00496983754593521,0.0394755187409326,0.000391742142057134,"CD40/CD40LG",2
"Drug_C_Up","GO:0045916","negative regulation of complement activation","2/144","14/18842",0.142857142857143,18.6924603174603,21.9319248826291,5.81146727152786,0.00496983754593521,0.0394755187409326,0.000391742142057134,"C4BPB/CD59",2
"Drug_C_Up","GO:0050851","antigen receptor-mediated signaling pathway","6/144","206/18842",0.029126213592233,3.81108414239482,4.02130434782609,3.56013730330593,0.0050825235677014,0.0402168641153356,0.000399099011180974,"BTN1A1/CD19/CD28/CD4/BTK/CD72",6
"Drug_C_Up","GO:0050867","positive regulation of cell activation","8/144","345/18842",0.0231884057971014,3.0341384863124,3.20492232501309,3.34637848372738,0.00509202045649693,0.0402168641153356,0.000399099011180974,"CD28/CAPN3/CD40LG/RUNX3/RUNX1/CD4/CD74/BTK",8
"Drug_C_Up","GO:0006163","purine nucleotide metabolic process","9/144","422/18842",0.0213270142180095,2.79058056872038,2.95157384987893,3.2646822869449,0.00520079594979202,0.0408716920753609,0.0004055973097701,"TSPO/ATIC/ATP1B1/BAD/ATP5PB/CBFA2T3/ABCC6/ATP5PO/ATP6V1B2",9
"Drug_C_Up","GO:0070266","necroptotic process","3/144","46/18842",0.0652173913043478,8.53351449275362,9.23057892132608,4.48930868846712,0.00521891046586387,0.0408716920753609,0.0004055973097701,"BOK/CASP6/CASP2",3
"Drug_C_Up","GO:1904019","epithelial cell apoptotic process","3/144","46/18842",0.0652173913043478,8.53351449275362,9.23057892132608,4.48930868846712,0.00521891046586387,0.0408716920753609,0.0004055973097701,"BOK/CASP6/CAST",3
"Drug_C_Up","GO:0030162","regulation of proteolysis","5/144","146/18842",0.0342465753424658,4.48106925418569,4.73417011071993,3.70553043591423,0.00530338763905976,0.0414169320383714,0.000411008092905001,"CDK5/CFL1/BAD/CAPN3/RUNX1",5
"Drug_C_Up","GO:0070296","sarcoplasmic reticulum calcium ion transport","3/144","47/18842",0.0638297872340425,8.35195035460993,9.02030947775629,4.42859507552591,0.00554391713967623,0.0430541531627224,0.000427255340078206,"ATP2A2/CALM2/CALM3",3
"Drug_C_Up","GO:1900225","regulation of NLRP3 inflammasome complex assembly","3/144","47/18842",0.0638297872340425,8.35195035460993,9.02030947775629,4.42859507552591,0.00554391713967623,0.0430541531627224,0.000427255340078206,"CD36/CASR/BTK",3
"Drug_C_Up","GO:0071222","cellular response to lipopolysaccharide","6/144","210/18842",0.0285714285714286,3.73849206349206,3.94160272804774,3.50208787549098,0.00557306800489342,0.0431106378897568,0.000427815876042463,"TSPO/CAMP/CD40/CEBPE/CD36/BMP6",6
"Drug_C_Up","GO:0042129","regulation of T cell proliferation","5/144","148/18842",0.0337837837837838,4.42051426426426,4.66745484731096,3.66612093905546,0.00561390120833366,0.0431106378897568,0.000427815876042463,"ARG2/CD28/BMP4/CD40LG/CD4",5
"Drug_C_Up","GO:0001867","complement activation, lectin pathway","2/144","15/18842",0.133333333333333,17.4462962962963,20.2437703141929,5.59189259973056,0.00570581972070311,0.0431106378897568,0.000427815876042463,"C3/C2",2
"Drug_C_Up","GO:0007190","activation of adenylate cyclase activity","2/144","15/18842",0.133333333333333,17.4462962962963,20.2437703141929,5.59189259973056,0.00570581972070311,0.0431106378897568,0.000427815876042463,"CALCA/AVPR2",2
"Drug_C_Up","GO:0031392","regulation of prostaglandin biosynthetic process","2/144","15/18842",0.133333333333333,17.4462962962963,20.2437703141929,5.59189259973056,0.00570581972070311,0.0431106378897568,0.000427815876042463,"AVPR1A/CD74",2
"Drug_C_Up","GO:0043518","negative regulation of DNA damage response, signal transduction by p53 class mediator","2/144","15/18842",0.133333333333333,17.4462962962963,20.2437703141929,5.59189259973056,0.00570581972070311,0.0431106378897568,0.000427815876042463,"CD44/CD74",2
"Drug_C_Up","GO:0050667","homocysteine metabolic process","2/144","15/18842",0.133333333333333,17.4462962962963,20.2437703141929,5.59189259973056,0.00570581972070311,0.0431106378897568,0.000427815876042463,"BLMH/CBS",2
"Drug_C_Up","GO:0051412","response to corticosterone","2/144","15/18842",0.133333333333333,17.4462962962963,20.2437703141929,5.59189259973056,0.00570581972070311,0.0431106378897568,0.000427815876042463,"AVPR1A/CALM3",2
"Drug_C_Up","GO:0072109","glomerular mesangium development","2/144","15/18842",0.133333333333333,17.4462962962963,20.2437703141929,5.59189259973056,0.00570581972070311,0.0431106378897568,0.000427815876042463,"CD34/BMP4",2
"Drug_C_Up","GO:1902166","negative regulation of intrinsic apoptotic signaling pathway in response to DNA damage by p53 class mediator","2/144","15/18842",0.133333333333333,17.4462962962963,20.2437703141929,5.59189259973056,0.00570581972070311,0.0431106378897568,0.000427815876042463,"CD44/CD74",2
"Drug_C_Up","GO:0045765","regulation of angiogenesis","8/144","352/18842",0.0227272727272727,2.97380050505051,3.13850889192886,3.2805130900085,0.00573015510929888,0.0431774930938521,0.0004284793252306,"CAMP/CD40/BRCA1/CD34/C5AR1/CD36/RUNX1/C3",8
"Drug_C_Up","GO:0051250","negative regulation of lymphocyte activation","5/144","149/18842",0.0335570469798658,4.39084638329605,4.63479216626699,3.64667776954683,0.00577387787389861,0.0433896806264941,0.000430585004933013,"ARG2/BMP4/RUNX3/RUNX1/BTK",5
"Drug_C_Up","GO:0023061","signal release","9/144","430/18842",0.0209302325581395,2.73866279069767,2.89422011084719,3.20062466431541,0.00586176841606253,0.0439317482365116,0.000435964306673964,"TSPO/CDK5/CCKAR/CAMP/BAD/CALM3/BMP6/CASR/BTK",9
"Drug_C_Up","GO:0010883","regulation of lipid storage","3/144","48/18842",0.0625,8.17795138888889,8.8193853427896,4.36965514257123,0.00588082199165803,0.0439563852888542,0.000436208796726697,"CD36/C3/CES1",3
"Drug_C_Up","GO:0009914","hormone transport","7/144","281/18842",0.0249110320284698,3.25953934361408,3.43566519260483,3.34894507954745,0.00591435661467342,0.0440372465417649,0.000437011237364211,"TSPO/CCKAR/CAMP/BAD/BMP6/CASR/BTK",7
"Drug_C_Up","GO:0009314","response to radiation","8/144","354/18842",0.0225988700564972,2.95699937225361,3.1200272016321,3.26199277088258,0.00592323079381702,0.0440372465417649,0.000437011237364211,"BLM/CAT/CACNA1F/BRCA1/CDKN2D/OPN1SW/CASP9/CDKN1A",8
"Drug_C_Up","GO:0044772","mitotic cell cycle phase transition","9/144","434/18842",0.0207373271889401,2.71342165898618,2.86635294117647,3.16914023671748,0.00621572600985749,0.0460703125984877,0.00045718672023072,"CDKN2C/BLM/CDC34/BRCA1/CDKN2D/CCND3/CDKN1A/CDKN2B/CDK3",9
"Drug_C_Up","GO:1903426","regulation of reactive oxygen species biosynthetic process","3/144","49/18842",0.0612244897959184,8.01105442176871,8.62719703977798,4.31239927629604,0.00622973739226322,0.0460703125984877,0.00045718672023072,"ARG2/CA3/CD36",3
"Drug_C_Up","GO:1905954","positive regulation of lipid localization","4/144","96/18842",0.0416666666666667,5.45196759259259,5.77826086956522,3.83768166795688,0.00631429282184627,0.0465720856807074,0.000462166152251497,"CD36/BMP6/C3/CES1",4
"Drug_C_Up","GO:1903037","regulation of leukocyte cell-cell adhesion","8/144","359/18842",0.0222841225626741,2.91581553698545,3.0747444276856,3.21625390595948,0.00642763080172013,0.0471086654219553,0.000467490994176954,"ARG2/CD28/CD44/BMP4/CD40LG/RUNX3/RUNX1/CD4",8
"Drug_C_Up","GO:0003356","regulation of cilium beat frequency","2/144","16/18842",0.125,16.3559027777778,18.7967806841046,5.39252244085185,0.00648842450574994,0.0471086654219553,0.000467490994176954,"BBS1/BBS2",2
"Drug_C_Up","GO:0010649","regulation of cell communication by electrical coupling","2/144","16/18842",0.125,16.3559027777778,18.7967806841046,5.39252244085185,0.00648842450574994,0.0471086654219553,0.000467490994176954,"CALM2/CALM3",2
"Drug_C_Up","GO:0060425","lung morphogenesis","2/144","16/18842",0.125,16.3559027777778,18.7967806841046,5.39252244085185,0.00648842450574994,0.0471086654219553,0.000467490994176954,"BMP4/CDC42",2
"Drug_C_Up","GO:1902165","regulation of intrinsic apoptotic signaling pathway in response to DNA damage by p53 class mediator","2/144","16/18842",0.125,16.3559027777778,18.7967806841046,5.39252244085185,0.00648842450574994,0.0471086654219553,0.000467490994176954,"CD44/CD74",2
"Drug_C_Up","GO:2000846","regulation of corticosteroid hormone secretion","2/144","16/18842",0.125,16.3559027777778,18.7967806841046,5.39252244085185,0.00648842450574994,0.0471086654219553,0.000467490994176954,"TSPO/BMP6",2
"Drug_C_Up","GO:0045639","positive regulation of myeloid cell differentiation","4/144","97/18842",0.0412371134020619,5.39576174112257,5.71582181259601,3.8090171901603,0.00654752077117958,0.0474142543118147,0.000470523558412222,"CALCA/RUNX1/CD4/CD74",4
"Drug_C_Up","GO:0070169","positive regulation of biomineral tissue development","3/144","50/18842",0.06,7.85083333333333,8.44318696242644,4.25674412740663,0.00659077101903496,0.0475848369535366,0.000472216364779237,"BMP4/BMP6/BMPR2",3
"Drug_C_Up","GO:0008544","epidermis development","7/144","287/18842",0.024390243902439,3.19139566395664,3.36094890510949,3.2829699696762,0.00661509381118947,0.0475848369535366,0.000472216364779237,"ATP2A2/CDH3/BMP4/BNC1/CDSN/ASAH1/BCR",7
"Drug_C_Up","GO:0008277","regulation of G protein-coupled receptor signaling pathway","5/144","154/18842",0.0324675324675325,4.24828643578644,4.47805513978079,3.55196689492195,0.00662228003514067,0.0475848369535366,0.000472216364779237,"CALCA/ARRB2/ARRB1/CAV2/C3",5
"Drug_C_Up","GO:1901342","regulation of vasculature development","8/144","362/18842",0.0220994475138122,2.89165131982812,3.04818876703224,3.18918734933127,0.00674555504829757,0.0483460346392124,0.000479770241749735,"CAMP/CD40/BRCA1/CD34/C5AR1/CD36/RUNX1/C3",8
"Drug_C_Up","GO:0001934","positive regulation of protein phosphorylation","6/144","219/18842",0.0273972602739726,3.58485540334855,3.77321902429067,3.37651849245878,0.00680239462196006,0.0485040312174543,0.0004813381481376,"CALCA/ARRB1/BMP4/C3/CDKN1A/BRAF",6
"Drug_C_Up","GO:0034612","response to tumor necrosis factor","6/144","219/18842",0.0273972602739726,3.58485540334855,3.77321902429067,3.37651849245878,0.00680239462196006,0.0485040312174543,0.0004813381481376,"CALCA/CAMP/CD40/CFL1/BRCA1/ASAH1",6
"Drug_C_Up","GO:0051251","positive regulation of lymphocyte activation","7/144","289/18842",0.0242214532871972,3.16930988081507,3.33675001294197,3.26136260009663,0.00686188211020631,0.0488033860287122,0.000484308847414965,"CD28/CD40LG/RUNX3/RUNX1/CD4/CD74/BTK",7
"Drug_C_Up","GO:0045778","positive regulation of ossification","3/144","51/18842",0.0588235294117647,7.6968954248366,8.26684397163121,4.20261205716021,0.00696402593762397,0.049153681807837,0.000487785068203056,"BMP4/BMP6/BMPR2",3
"Drug_C_Up","GO:0046902","regulation of mitochondrial membrane permeability","3/144","51/18842",0.0588235294117647,7.6968954248366,8.26684397163121,4.20261205716021,0.00696402593762397,0.049153681807837,0.000487785068203056,"BOK/BAD/CASP6",3
"Drug_C_Up","GO:1902743","regulation of lamellipodium organization","3/144","51/18842",0.0588235294117647,7.6968954248366,8.26684397163121,4.20261205716021,0.00696402593762397,0.049153681807837,0.000487785068203056,"CFL1/CD44/CDC42",3
"Drug_C_Up","GO:0071478","cellular response to radiation","5/144","156/18842",0.032051282051282,4.19382122507123,4.4182667111344,3.51520269691467,0.00698489285026549,0.0491764678447984,0.000488011189384308,"BLM/BRCA1/OPN1SW/CASP9/CDKN1A",5
"Drug_C_Up","GO:0008637","apoptotic mitochondrial changes","4/144","99/18842",0.0404040404040404,5.28675645342312,5.59488721804511,3.75286116426205,0.00703097145707525,0.0492521317143864,0.000488762052888934,"BOK/BAD/CASP6/CASP2",4
"Drug_C_Up","GO:0031341","regulation of cell killing","4/144","99/18842",0.0404040404040404,5.28675645342312,5.59488721804511,3.75286116426205,0.00703097145707525,0.0492521317143864,0.000488762052888934,"CD1E/ARRB2/AZGP1/CD59",4
"Drug_C_Up","GO:0006935","chemotaxis","9/144","443/18842",0.0203160270880361,2.65829571106095,2.80552995391705,3.09957660324407,0.00707239873236645,0.0492946191645941,0.000489183684454162,"CALCA/ARRB2/C5AR1/BMP4/CASR/C3/BMPR2/CD4/CD74",9
"Drug_C_Up","GO:0042330","taxis","9/144","443/18842",0.0203160270880361,2.65829571106095,2.80552995391705,3.09957660324407,0.00707239873236645,0.0492946191645941,0.000489183684454162,"CALCA/ARRB2/C5AR1/BMP4/CASR/C3/BMPR2/CD4/CD74",9
"Drug_C_Up","GO:0048638","regulation of developmental growth","6/144","221/18842",0.0271493212669683,3.55241327300151,3.73771486349848,3.34950996563491,0.00710031577788492,0.0493657865055939,0.00048988992587915,"CFL1/CAPN3/RUNX1/BMPR2/CDKN1A/BBS2",6
"Drug_C_Up","GO:0007599","hemostasis","6/144","222/18842",0.027027027027027,3.53641141141141,3.72020933977456,3.33612250923459,0.00725277129136869,0.0493751486763525,0.000489982833000938,"CD40/C4BPB/AVPR2/CD36/CD40LG/CD59",6
"Drug_C_Up","GO:0050764","regulation of phagocytosis","4/144","100/18842",0.04,5.23388888888889,5.53630952380952,3.72535044177537,0.00728130732077529,0.0493751486763525,0.000489982833000938,"CFB/C3/BTK/C2",4
"Drug_C_Up","GO:0001558","regulation of cell growth","8/144","367/18842",0.0217983651226158,2.85225552528005,3.00491561527118,3.14468645940735,0.00730176628327388,0.0493751486763525,0.000489982833000938,"CDKN2C/CFL1/BRCA1/CDKN2D/AVPR1A/BMPR2/CDKN1A/CDC42",8
"Drug_C_Up","GO:0001783","B cell apoptotic process","2/144","17/18842",0.117647058823529,15.3937908496732,17.5427230046948,5.21036081712049,0.00731690640971623,0.0493751486763525,0.000489982833000938,"CD74/BTK",2
"Drug_C_Up","GO:0002430","complement receptor mediated signaling pathway","2/144","17/18842",0.117647058823529,15.3937908496732,17.5427230046948,5.21036081712049,0.00731690640971623,0.0493751486763525,0.000489982833000938,"C5AR1/C3",2
"Drug_C_Up","GO:0002921","negative regulation of humoral immune response","2/144","17/18842",0.117647058823529,15.3937908496732,17.5427230046948,5.21036081712049,0.00731690640971623,0.0493751486763525,0.000489982833000938,"C4BPB/CD59",2
"Drug_C_Up","GO:0010522","regulation of calcium ion transport into cytosol","2/144","17/18842",0.117647058823529,15.3937908496732,17.5427230046948,5.21036081712049,0.00731690640971623,0.0493751486763525,0.000489982833000938,"CALCA/CD4",2
"Drug_C_Up","GO:0044320","cellular response to leptin stimulus","2/144","17/18842",0.117647058823529,15.3937908496732,17.5427230046948,5.21036081712049,0.00731690640971623,0.0493751486763525,0.000489982833000938,"CA3/BBS2",2
"Drug_C_Up","GO:0045603","positive regulation of endothelial cell differentiation","2/144","17/18842",0.117647058823529,15.3937908496732,17.5427230046948,5.21036081712049,0.00731690640971623,0.0493751486763525,0.000489982833000938,"BMP4/BMP6",2
"Drug_C_Up","GO:0045655","regulation of monocyte differentiation","2/144","17/18842",0.117647058823529,15.3937908496732,17.5427230046948,5.21036081712049,0.00731690640971623,0.0493751486763525,0.000489982833000938,"CD4/CD74",2
"Drug_C_Up","GO:0051900","regulation of mitochondrial depolarization","2/144","17/18842",0.117647058823529,15.3937908496732,17.5427230046948,5.21036081712049,0.00731690640971623,0.0493751486763525,0.000489982833000938,"TSPO/BOK",2
"Drug_C_Up","GO:2001279","regulation of unsaturated fatty acid biosynthetic process","2/144","17/18842",0.117647058823529,15.3937908496732,17.5427230046948,5.21036081712049,0.00731690640971623,0.0493751486763525,0.000489982833000938,"AVPR1A/CD74",2
"Drug_C_Up","GO:0044546","NLRP3 inflammasome complex assembly","3/144","52/18842",0.0576923076923077,7.5488782051282,8.09769865392966,4.14993064259436,0.00734960068173827,0.0493751486763525,0.000489982833000938,"CD36/CASR/BTK",3
"Drug_C_Up","GO:0141085","regulation of inflammasome-mediated signaling pathway","3/144","52/18842",0.0576923076923077,7.5488782051282,8.09769865392966,4.14993064259436,0.00734960068173827,0.0493751486763525,0.000489982833000938,"CD36/CASR/BTK",3
"Drug_C_Up","GO:0071219","cellular response to molecule of bacterial origin","6/144","223/18842",0.0269058295964126,3.52055306427504,3.70286515728311,3.32281179627448,0.00740758366338973,0.04964505589791,0.000492661304025563,"TSPO/CAMP/CD40/CEBPE/CD36/BMP6",6
"Drug_C_Down","GO:0072378","blood coagulation, fibrin clot formation","6/90","25/18842",0.24,50.2453333333333,70.4248120300752,17.0690490217401,1.65105647959063e-09,3.04124603540594e-06,2.41054246020232e-06,"FGB/F12/F13A1/F7/FN1/F11",6
"Drug_C_Down","GO:0072376","protein activation cascade","6/90","28/18842",0.214285714285714,44.8619047619048,60.8116883116883,16.0907158552596,3.47215216618193e-09,3.19785214505356e-06,2.53467108131281e-06,"FGB/F12/F13A1/F7/FN1/F11",6
"Drug_C_Down","GO:0048013","ephrin receptor signaling pathway","6/90","51/18842",0.117647058823529,24.6300653594771,29.6936507936508,11.7064306583477,1.52001093874699e-07,9.33286716390653e-05,7.39738656856869e-05,"EPHA1/EFNA1/EPHB2/EFNA4/EFNB1/EPHA7",6
"Drug_C_Down","GO:0042060","wound healing","12/90","394/18842",0.0304568527918782,6.37631133671743,7.39830849778494,7.47149153248529,3.72823232700134e-07,0.000164458259250271,0.000130352366180996,"FGB/F12/GATA4/EREG/F13A1/F2RL2/F7/FN1/ERBB3/EPHB2/F11/F2RL1",12
"Drug_C_Down","GO:0050878","regulation of body fluid levels","11/90","327/18842",0.0336391437308868,7.042541624193,8.12353789456818,7.63626693379963,4.46412212948617e-07,0.000164458259250271,0.000130352366180996,"SLC29A1/FGB/F12/EDNRB/F13A1/F2RL2/F7/FN1/EPHB2/F11/F2RL1",11
"Drug_C_Down","GO:0009611","response to wounding","13/90","496/18842",0.0262096774193548,5.48714157706093,6.3858729262456,7.01599625409557,6.45282869217412e-07,0.000182429443301799,0.000144596627155606,"FGB/F12/GATA4/EREG/F13A1/F2RL2/F7/FN1/FGF7/ERBB3/EPHB2/F11/F2RL1",13
"Drug_C_Down","GO:0030193","regulation of blood coagulation","6/90","66/18842",0.0909090909090909,19.0323232323232,22.252380952381,10.1665018819801,7.24119121479011e-07,0.000182429443301799,0.000144596627155606,"FGB/F12/F7/EPHB2/F11/F2RL1",6
"Drug_C_Down","GO:1900046","regulation of hemostasis","6/90","67/18842",0.0895522388059701,18.7482587064677,21.8864168618267,10.0821373923806,7.92310285784144e-07,0.000182429443301799,0.000144596627155606,"FGB/F12/F7/EPHB2/F11/F2RL1",6
"Drug_C_Down","GO:0007596","blood coagulation","9/90","216/18842",0.0416666666666667,8.72314814814815,9.95437466451959,7.90880512071107,9.15097222495882e-07,0.000186802877242356,0.000148063084024886,"FGB/F12/F13A1/F2RL2/F7/FN1/EPHB2/F11/F2RL1",9
"Drug_C_Down","GO:0050817","coagulation","9/90","220/18842",0.0409090909090909,8.56454545454546,9.76355976829911,7.81862616330686,1.0660884215717e-06,0.000186802877242356,0.000148063084024886,"FGB/F12/F13A1/F2RL2/F7/FN1/EPHB2/F11/F2RL1",9
"Drug_C_Down","GO:0007599","hemostasis","9/90","222/18842",0.0405405405405405,8.48738738738739,9.67083985393845,7.77439110386427,1.14934432214286e-06,0.000186802877242356,0.000148063084024886,"FGB/F12/F13A1/F2RL2/F7/FN1/EPHB2/F11/F2RL1",9
"Drug_C_Down","GO:0050818","regulation of coagulation","6/90","72/18842",0.0833333333333333,17.4462962962963,20.2229437229437,9.6861603535674,1.21695685499906e-06,0.000186802877242356,0.000148063084024886,"FGB/F12/F7/EPHB2/F11/F2RL1",6
"Drug_C_Down","GO:0006935","chemotaxis","11/90","443/18842",0.0248306997742664,5.19844494607474,5.90482887951242,6.19501908190008,8.39819880974489e-06,0.00110496301482501,0.000875812161587682,"GAS6/EDNRB/CTTN/FER/F7/FGF7/GAB1/LPAR1/MEGF8/EPHA7/F2RL1",11
"Drug_C_Down","GO:0042330","taxis","11/90","443/18842",0.0248306997742664,5.19844494607474,5.90482887951242,6.19501908190008,8.39819880974489e-06,0.00110496301482501,0.000875812161587682,"GAS6/EDNRB/CTTN/FER/F7/FGF7/GAB1/LPAR1/MEGF8/EPHA7/F2RL1",11
"Drug_C_Down","GO:0018108","peptidyl-tyrosine phosphorylation","6/90","122/18842",0.0491803278688525,10.296174863388,11.4753694581281,7.13642506298266,2.60141929221366e-05,0.00315467640877124,0.00250044927079588,"FLT3/FER/FGF7/EPHB2/EPHA7/FGFR2",6
"Drug_C_Down","GO:0018212","peptidyl-tyrosine modification","6/90","124/18842",0.0483870967741935,10.1301075268817,11.2796610169492,7.06653388455416,2.85205214385847e-05,0.00315467640877124,0.00250044927079588,"FLT3/FER/FGF7/EPHB2/EPHA7/FGFR2",6
"Drug_C_Down","GO:0007597","blood coagulation, intrinsic pathway","3/90","13/18842",0.230769230769231,48.3128205128205,64.6275862068966,11.8218738215137,2.91148202763904e-05,0.00315467640877124,0.00250044927079588,"F12/F7/F11",3
"Drug_C_Down","GO:0006414","translational elongation","5/90","77/18842",0.0649350649350649,13.5945165945166,15.2614379084967,7.67188375090005,3.34915097658002e-05,0.00342729783270022,0.00271653356989269,"EEF2/EIF5A/EEF1D/EEF1G/EEF1A1",5
"Drug_C_Down","GO:0048565","digestive tract development","5/90","78/18842",0.0641025641025641,13.4202279202279,15.0515713134569,7.61488917431444,3.56515241430517e-05,0.00343211470489861,0.00272035150333983,"EDNRB/GATA4/MEGF8/GATA6/FGFR2",5
"Drug_C_Down","GO:0043410","positive regulation of MAPK cascade","10/90","428/18842",0.0233644859813084,4.89148494288681,5.48265550239234,5.64173394693949,3.7265089086847e-05,0.00343211470489861,0.00272035150333983,"GAS6/FGB/ERN1/FLT3/FGF7/ERBB3/FGF5/LPAR1/FGFR2/F2RL1",10
"Drug_C_Down","GO:0051896","regulation of phosphatidylinositol 3-kinase/protein kinase B signal transduction","8/90","265/18842",0.030188679245283,6.3201677148847,7.02097371168264,6.04240598866777,3.94551206217388e-05,0.00346077772310681,0.0027430702908447,"GAS6/FLT3/FN1/ERBB3/GAB1/FKBP5/EPHA7/F2RL1",8
"Drug_C_Down","GO:0050921","positive regulation of chemotaxis","6/90","135/18842",0.0444444444444444,9.30469135802469,10.311738648948,6.70869024632705,4.6007231875102e-05,0.00368457917886687,0.0029204590668543,"GAS6/CTTN/F7/LPAR1/MEGF8/F2RL1",6
"Drug_C_Down","GO:0061041","regulation of wound healing","6/90","135/18842",0.0444444444444444,9.30469135802469,10.311738648948,6.70869024632705,4.6007231875102e-05,0.00368457917886687,0.0029204590668543,"FGB/F12/F7/EPHB2/F11/F2RL1",6
"Drug_C_Down","GO:0055123","digestive system development","5/90","83/18842",0.0602409638554217,12.6117804551539,14.0829562594268,7.3448419155087,4.81216079076256e-05,0.00369333340691027,0.00292739781438056,"EDNRB/GATA4/MEGF8/GATA6/FGFR2",5
"Drug_C_Down","GO:0033273","response to vitamin","5/90","85/18842",0.0588235294117647,12.3150326797386,13.7294117647059,7.24324238654034,5.39592653632399e-05,0.00397571867196352,0.00315122109721321,"FOLR2/EEF2/GAS6/GATA4/F7",5
"Drug_C_Down","GO:0007584","response to nutrient","6/90","149/18842",0.0402684563758389,8.43042505592841,9.29520479520479,6.30836366693883,7.96952356508417e-05,0.00558083305406128,0.00442346159551003,"FOLR2/EEF2/FASN/GAS6/GATA4/F7",6
"Drug_C_Down","GO:0043491","phosphatidylinositol 3-kinase/protein kinase B signal transduction","8/90","294/18842",0.0272108843537415,5.69674981103553,6.29916425038376,5.62305045625786,8.18037418347744e-05,0.00558083305406128,0.00442346159551003,"GAS6/FLT3/FN1/ERBB3/GAB1/FKBP5/EPHA7/F2RL1",8
"Drug_C_Down","GO:0034446","substrate adhesion-dependent cell spreading","5/90","97/18842",0.0515463917525773,10.7915234822451,11.9309462915601,6.69796458448475,0.000101355334865164,0.00666773310077257,0.00528495674654069,"EPHA1/FGB/FER/EFNA1/FN1",5
"Drug_C_Down","GO:0002526","acute inflammatory response","5/90","100/18842",0.05,10.4677777777778,11.5523219814241,6.57641969711684,0.000117083506224801,0.00743682132641666,0.00589454893407618,"F12/EDNRB/F7/FN1/FUT7",5
"Drug_C_Down","GO:0051932","synaptic transmission, GABAergic","4/90","54/18842",0.0740740740740741,15.5078189300412,17.3972093023256,7.39619176926449,0.000128251225412327,0.00787462524031685,0.00624155963673323,"GABRR1/GABRD/GABRE/GABRA5",4
"Drug_C_Down","GO:1903034","regulation of response to wounding","6/90","165/18842",0.0363636363636364,7.61292929292929,8.35265049415993,5.91060210597548,0.000139670618118536,0.00829913801852721,0.00657803556300202,"FGB/F12/F7/EPHB2/F11/F2RL1",6
"Drug_C_Down","GO:0031638","zymogen activation","4/90","56/18842",0.0714285714285714,14.9539682539683,16.7262969588551,7.24476024082847,0.00014786953808066,0.008511740285768,0.00674654767493012,"FGB/F12/F7/F11",4
"Drug_C_Down","GO:0051145","smooth muscle cell differentiation","4/90","57/18842",0.0701754385964912,14.6916179337232,16.4098288723124,7.1719298346649,0.000158452092216113,0.00884450769279029,0.00701030468592499,"EDNRB/EREG/GATA6/FGFR2",4
"Drug_C_Down","GO:0021675","nerve development","4/90","59/18842",0.0677966101694915,14.1935969868173,15.8114164904863,7.03163263068372,0.000181243584221619,0.00981913770988887,0.00778281273422245,"GABRA5/EGR2/ERBB3/LPAR1",4
"Drug_C_Down","GO:0090066","regulation of anatomical structure size","9/90","423/18842",0.0212765957446809,4.45437352245863,4.92163177670424,4.9780114161043,0.000188581799716399,0.00989996874419809,0.00784688076358806,"FGB/FLII/EDNRB/CTTN/FER/GAB1/MEGF8/EPHA7/F2RL1",9
"Drug_C_Down","GO:0009311","oligosaccharide metabolic process","4/90","60/18842",0.0666666666666667,13.957037037037,15.5282392026578,6.96401727240531,0.000193484731156966,0.00989996874419809,0.00784688076358806,"FUT3/GAA/FUT7/FUT6",4
"Drug_C_Down","GO:0048145","regulation of fibroblast proliferation","4/90","62/18842",0.0645161290322581,13.5068100358423,14.9911788291901,6.83351318292006,0.000219739230019035,0.0108881421065305,0.00863012349377551,"GAS6/EREG/EMD/FN1",4
"Drug_C_Down","GO:0007214","gamma-aminobutyric acid signaling pathway","3/90","25/18842",0.12,25.1226666666667,29.3573667711599,8.3612182515114,0.000224619652577719,0.0108881421065305,0.00863012349377551,"GABRR1/GABRD/GABRA5",3
"Drug_C_Down","GO:0009312","oligosaccharide biosynthetic process","3/90","26/18842",0.115384615384615,24.1564102564103,28.0794602698651,8.18547128607086,0.000253042116469076,0.0111937850907696,0.00887238123372619,"FUT3/FUT7/FUT6",3
"Drug_C_Down","GO:0031639","plasminogen activation","3/90","26/18842",0.115384615384615,24.1564102564103,28.0794602698651,8.18547128607086,0.000253042116469076,0.0111937850907696,0.00887238123372619,"FGB/F12/F11",3
"Drug_C_Down","GO:0042730","fibrinolysis","3/90","26/18842",0.115384615384615,24.1564102564103,28.0794602698651,8.18547128607086,0.000253042116469076,0.0111937850907696,0.00887238123372619,"FGB/F12/F11",3
"Drug_C_Down","GO:0007411","axon guidance","6/90","185/18842",0.0324324324324324,6.78990990990991,7.41141260973663,5.48259539535306,0.000259747160640244,0.0111937850907696,0.00887238123372619,"EFNA1/EPHB2/EFNA4/EFNB1/MEGF8/EPHA7",6
"Drug_C_Down","GO:0048144","fibroblast proliferation","4/90","65/18842",0.0615384615384615,12.8834188034188,14.2516202821197,6.64866437989472,0.000263798984612399,0.0111937850907696,0.00887238123372619,"GAS6/EREG/EMD/FN1",4
"Drug_C_Down","GO:0097485","neuron projection guidance","6/90","186/18842",0.032258064516129,6.75340501792115,7.36984126984127,5.46287905628264,0.000267386831701337,0.0111937850907696,0.00887238123372619,"EFNA1/EPHB2/EFNA4/EFNB1/MEGF8/EPHA7",6
"Drug_C_Down","GO:0051897","positive regulation of phosphatidylinositol 3-kinase/protein kinase B signal transduction","6/90","188/18842",0.0319148936170213,6.68156028368794,7.28806907378336,5.42387896800216,0.000283196108158472,0.0115921606939534,0.00918814039803042,"GAS6/FLT3/FN1/ERBB3/GAB1/F2RL1",6
"Drug_C_Down","GO:0050673","epithelial cell proliferation","8/90","356/18842",0.0224719101123595,4.70461922596754,5.15951780207457,4.88873541438805,0.000302518073680485,0.012081106074921,0.00957568668261923,"ERN1/FOXE3/EDNRB/EREG/FGF7/ERBB3/GATA6/FGFR2",8
"Drug_C_Down","GO:0007409","axonogenesis","8/90","357/18842",0.0224089635854342,4.69144102085279,5.14445453910126,4.87831395526548,0.000308258406906235,0.012081106074921,0.00957568668261923,"CTTN/EFNA1/EPHB2/EFNA4/EFNB1/MEGF8/EPHA7/FGFR2",8
"Drug_C_Down","GO:0050920","regulation of chemotaxis","6/90","196/18842",0.0306122448979592,6.40884353741497,6.9781954887218,5.27337974551534,0.000353926304230967,0.0135819219248634,0.0107652584203586,"GAS6/CTTN/F7/LPAR1/MEGF8/F2RL1",6
"Drug_C_Down","GO:0070372","regulation of ERK1 and ERK2 cascade","7/90","283/18842",0.0247349823321555,5.17840596780526,5.64571328793435,4.90654738413462,0.00041322073124072,0.0155337262641919,0.0123122911757439,"GAS6/FGB/FN1/EPHB2/EPHA7/FGFR2/F2RL1",7
"Drug_C_Down","GO:0071333","cellular response to glucose stimulus","5/90","135/18842",0.037037037037037,7.75390946502058,8.4262443438914,5.45593864951733,0.00047304237098367,0.0174268809470384,0.0138128372327232,"SLC29A1/GAS6/ERN1/FOXO3/GATA4",5
"Drug_C_Down","GO:0048483","autonomic nervous system development","3/90","33/18842",0.0909090909090909,19.0323232323232,21.5195402298851,7.18249335089577,0.000518321103144641,0.0185252539424551,0.0146834260347364,"EDNRB/EGR2/FN1",3
"Drug_C_Down","GO:0071331","cellular response to hexose stimulus","5/90","138/18842",0.036231884057971,7.585346215781,8.23485183547103,5.37898509636556,0.000522971338223488,0.0185252539424551,0.0146834260347364,"SLC29A1/GAS6/ERN1/FOXO3/GATA4",5
"Drug_C_Down","GO:0071326","cellular response to monosaccharide stimulus","5/90","140/18842",0.0357142857142857,7.47698412698413,8.1119825708061,5.32895749943231,0.000558393326761867,0.0194068020357615,0.0153821557938175,"SLC29A1/GAS6/ERN1/FOXO3/GATA4",5
"Drug_C_Down","GO:0070371","ERK1 and ERK2 cascade","7/90","300/18842",0.0233333333333333,4.88496296296296,5.31325301204819,4.69914292306214,0.000584841393636152,0.0199495897606999,0.015812378420533,"GAS6/FGB/FN1/EPHB2/EPHA7/FGFR2/F2RL1",7
"Drug_C_Down","GO:0071322","cellular response to carbohydrate stimulus","5/90","147/18842",0.0340136054421769,7.12093726379441,7.70919635459818,5.16134979661618,0.00069671112983829,0.0233334891120387,0.0184945136284346,"SLC29A1/GAS6/ERN1/FOXO3/GATA4",5
"Drug_C_Down","GO:0050678","regulation of epithelial cell proliferation","7/90","312/18842",0.0224358974358974,4.69707977207977,5.10088880110606,4.56192185022052,0.000736989022320341,0.0242416746270369,0.0192143566533517,"FOXE3/EDNRB/EREG/FGF7/ERBB3/GATA6/FGFR2",7
"Drug_C_Down","GO:0097028","dendritic cell differentiation","3/90","38/18842",0.0789473684210526,16.5280701754386,18.44039408867,6.63794415639671,0.000787723097042013,0.0254558937675682,0.020176767047041,"GAS6/FLT3/F2RL1",3
"Drug_C_Down","GO:0061564","axon development","8/90","414/18842",0.0193236714975845,4.04551798174987,4.40850654811967,4.34081891821134,0.000817822637702114,0.0259729189421947,0.0205865698456049,"CTTN/EFNA1/EPHB2/EFNA4/EFNB1/MEGF8/EPHA7/FGFR2",8
"Drug_C_Down","GO:0048146","positive regulation of fibroblast proliferation","3/90","39/18842",0.0769230769230769,16.1042735042735,17.9272030651341,6.54135929216198,0.000850430979473409,0.0265507434608478,0.0210445632208674,"GAS6/EREG/FN1",3
"Drug_C_Down","GO:0001678","intracellular glucose homeostasis","5/90","156/18842",0.032051282051282,6.71011396011396,7.24620179197507,4.96133251573052,0.000910444881010314,0.0276669199988338,0.0219292634084133,"SLC29A1/GAS6/ERN1/FOXO3/GATA4",5
"Drug_C_Down","GO:0021545","cranial nerve development","3/90","40/18842",0.075,15.7016666666667,17.4417520969245,6.4482813094328,0.000916222649255624,0.0276669199988338,0.0219292634084133,"EGR2/ERBB3/LPAR1",3
"Drug_C_Down","GO:0007194","negative regulation of adenylate cyclase activity","2/90","10/18842",0.2,41.8711111111111,53.25,8.95607360344114,0.000990356608431891,0.0278564871296439,0.022079517486037,"EDNRB/GALR1",2
"Drug_C_Down","GO:0019317","fucose catabolic process","2/90","10/18842",0.2,41.8711111111111,53.25,8.95607360344114,0.000990356608431891,0.0278564871296439,0.022079517486037,"FUT7/FUT6",2
"Drug_C_Down","GO:0042354","L-fucose metabolic process","2/90","10/18842",0.2,41.8711111111111,53.25,8.95607360344114,0.000990356608431891,0.0278564871296439,0.022079517486037,"FUT7/FUT6",2
"Drug_C_Down","GO:0042355","L-fucose catabolic process","2/90","10/18842",0.2,41.8711111111111,53.25,8.95607360344114,0.000990356608431891,0.0278564871296439,0.022079517486037,"FUT7/FUT6",2
"Drug_C_Down","GO:0043434","response to peptide hormone","8/90","427/18842",0.0187353629976581,3.92235232890971,4.26870015716864,4.23165334269005,0.000998115174026329,0.0278564871296439,0.022079517486037,"EPRS1/EDNRB/FER/EREG/F7/GAB1/FUT7/FABP3",8
"Drug_C_Down","GO:1902905","positive regulation of supramolecular fiber organization","5/90","160/18842",0.03125,6.54236111111111,7.05768500948767,4.8774469955547,0.00101968470738473,0.0280337198657116,0.0222199951161449,"EPHA1/CTTN/FER/LPAR1/F2RL1",5
"Drug_C_Down","GO:0002673","regulation of acute inflammatory response","3/90","42/18842",0.0714285714285714,14.9539682539683,16.5455349248453,6.27180985946204,0.00105729025409709,0.0286401271771594,0.0227006436909081,"F12/EDNRB/FUT7",3
"Drug_C_Down","GO:0097192","extrinsic apoptotic signaling pathway in absence of ligand","3/90","43/18842",0.0697674418604651,14.6062015503876,16.1310344827586,6.18804105104375,0.00113268010414452,0.0302376340845537,0.0239668543775507,"EYA3/EYA4/ERBB3",3
"Drug_C_Down","GO:0048484","enteric nervous system development","2/90","11/18842",0.181818181818182,38.0646464646465,47.3308080808081,8.51861410887177,0.0012066772361061,0.0309419920991805,0.0245251403174829,"EDNRB/FN1",2
"Drug_C_Down","GO:0043616","keratinocyte proliferation","3/90","44/18842",0.0681818181818182,14.2742424242424,15.7367535744323,6.10702492815106,0.00121138159136136,0.0309419920991805,0.0245251403174829,"EREG/FGF7/FGFR2",3
"Drug_C_Down","GO:0048608","reproductive structure development","5/90","167/18842",0.029940119760479,6.26813040585496,6.75018155410312,4.7373326286364,0.0012339076251926,0.0309419920991805,0.0245251403174829,"FER/GATA4/EREG/GATA6/FGFR2",5
"Drug_C_Down","GO:0051781","positive regulation of cell division","4/90","98/18842",0.0408163265306122,8.54512471655329,9.23206333498268,5.18797357333865,0.00124872028895788,0.0309419920991805,0.0245251403174829,"EREG/FGF7/FGF5/FGFR2",4
"Drug_C_Down","GO:0061458","reproductive system development","5/90","168/18842",0.0297619047619048,6.23082010582011,6.70840851678095,4.71797005773222,0.00126703037074889,0.0309419920991805,0.0245251403174829,"FER/GATA4/EREG/GATA6/FGFR2",5
"Drug_C_Down","GO:0110053","regulation of actin filament organization","6/90","251/18842",0.0239043824701195,5.00451527224436,5.39562682215743,4.4247106120364,0.00128878297264071,0.0309419920991805,0.0245251403174829,"EPHA1/FLII/CTTN/FER/LPAR1/F2RL1",6
"Drug_C_Down","GO:0038034","signal transduction in absence of ligand","3/90","45/18842",0.0666666666666667,13.957037037037,15.3612479474548,6.02860901566378,0.00129344918112752,0.0309419920991805,0.0245251403174829,"EYA3/EYA4/ERBB3",3
"Drug_C_Down","GO:0042311","vasodilation","3/90","45/18842",0.0666666666666667,13.957037037037,15.3612479474548,6.02860901566378,0.00129344918112752,0.0309419920991805,0.0245251403174829,"EDNRB/GAB1/F2RL1",3
"Drug_C_Down","GO:0009749","response to glucose","5/90","172/18842",0.0290697674418605,6.0859173126615,6.54631912645298,4.64206045286791,0.00140613485305723,0.0332064153760439,0.0263199600700456,"SLC29A1/GAS6/ERN1/FOXO3/GATA4",5
"Drug_C_Down","GO:0071453","cellular response to oxygen levels","5/90","173/18842",0.0289017341040462,6.05073859987155,6.50700280112045,4.62345727075104,0.00144260407193515,0.0332370005463949,0.0263442023874792,"SLC29A1/FOXO3/LPAR1/GATA6/FGFR2",5
"Drug_C_Down","GO:0036302","atrioventricular canal development","2/90","12/18842",0.166666666666667,34.8925925925926,42.5954545454545,8.13616385950959,0.00144351793903995,0.0332370005463949,0.0263442023874792,"GATA4/GATA6",2
"Drug_C_Down","GO:0051495","positive regulation of cytoskeleton organization","5/90","175/18842",0.0285714285714286,5.9815873015873,6.42975778546713,4.58668524836379,0.001517630133134,0.0344247967735789,0.027285669538233,"EPHA1/CTTN/FER/LPAR1/F2RL1",5
"Drug_C_Down","GO:0030195","negative regulation of blood coagulation","3/90","48/18842",0.0625,13.0847222222222,14.3348659003831,5.8076055551273,0.00156037858850963,0.0344247967735789,0.027285669538233,"FGB/F12/F11",3
"Drug_C_Down","GO:1900047","negative regulation of hemostasis","3/90","48/18842",0.0625,13.0847222222222,14.3348659003831,5.8076055551273,0.00156037858850963,0.0344247967735789,0.027285669538233,"FGB/F12/F11",3
"Drug_C_Down","GO:0031667","response to nutrient levels","8/90","461/18842",0.017353579175705,3.63306820920704,3.94098960857158,3.96531266454635,0.0016236492276909,0.0344247967735789,0.027285669538233,"FOLR2/EEF2/FASN/GAS6/FOXO3/GATA4/GAST/F7",8
"Drug_C_Down","GO:0031100","animal organ regeneration","3/90","49/18842",0.0612244897959184,12.8176870748299,14.0224887556222,5.7382821872358,0.00165643580147697,0.0344247967735789,0.027285669538233,"GAS6/FLT3/F7",3
"Drug_C_Down","GO:0048667","cell morphogenesis involved in neuron differentiation","8/90","463/18842",0.0172786177105832,3.6173746100312,3.92323773787188,3.95043457980143,0.00166838574928192,0.0344247967735789,0.027285669538233,"CTTN/EFNA1/EPHB2/EFNA4/EFNB1/MEGF8/EPHA7/FGFR2",8
"Drug_C_Down","GO:0009746","response to hexose","5/90","179/18842",0.0279329608938547,5.84792054624457,6.28059499661934,4.51482283818259,0.00167625786607393,0.0344247967735789,0.027285669538233,"SLC29A1/GAS6/ERN1/FOXO3/GATA4",5
"Drug_C_Down","GO:0022038","corpus callosum development","2/90","13/18842",0.153846153846154,32.208547008547,38.7210743801653,7.79796048700688,0.00170068214245151,0.0344247967735789,0.027285669538233,"EPHB2/LPAR1",2
"Drug_C_Down","GO:0060575","intestinal epithelial cell differentiation","2/90","13/18842",0.153846153846154,32.208547008547,38.7210743801653,7.79796048700688,0.00170068214245151,0.0344247967735789,0.027285669538233,"GATA4/GATA6",2
"Drug_C_Down","GO:0070493","thrombin-activated receptor signaling pathway","2/90","13/18842",0.153846153846154,32.208547008547,38.7210743801653,7.79796048700688,0.00170068214245151,0.0344247967735789,0.027285669538233,"F2RL2/F2RL1",2
"Drug_C_Down","GO:0071635","negative regulation of transforming growth factor beta production","2/90","13/18842",0.153846153846154,32.208547008547,38.7210743801653,7.79796048700688,0.00170068214245151,0.0344247967735789,0.027285669538233,"FN1/GATA6",2
"Drug_C_Down","GO:0042692","muscle cell differentiation","7/90","365/18842",0.0191780821917808,4.01503805175038,4.33324358888066,4.02970201743492,0.00182183044785201,0.0364762139667762,0.0289116571072168,"FLII/EDNRB/FLNC/GATA4/EREG/GATA6/FGFR2",7
"Drug_C_Down","GO:0009410","response to xenobiotic stimulus","7/90","368/18842",0.0190217391304348,3.98230676328502,4.2965323899476,4.00262759751171,0.00190813937441656,0.0365217237135561,0.0289477288934809,"EEF2/SLC29A1/GAS6/FOXO3/GATA4/GATA6/FABP3",7
"Drug_C_Down","GO:0046777","protein autophosphorylation","4/90","110/18842",0.0363636363636364,7.61292929292929,8.18165862220272,4.81889628758667,0.00191096007750939,0.0365217237135561,0.0289477288934809,"FLT3/FER/EPHA7/FGFR2",4
"Drug_C_Down","GO:0001932","regulation of protein phosphorylation","7/90","369/18842",0.018970189701897,3.97151460403493,4.28443053983891,3.99366626083373,0.00193760442812114,0.0365217237135561,0.0289477288934809,"GAS6/FLT3/FER/EREG/FN1/FGF7/EPHA7",7
"Drug_C_Down","GO:0050819","negative regulation of coagulation","3/90","52/18842",0.0576923076923077,12.0782051282051,13.1618578465869,5.54187998607345,0.00196654504562146,0.0365217237135561,0.0289477288934809,"FGB/F12/F11",3
"Drug_C_Down","GO:0060998","regulation of dendritic spine development","3/90","52/18842",0.0576923076923077,12.0782051282051,13.1618578465869,5.54187998607345,0.00196654504562146,0.0365217237135561,0.0289477288934809,"EFNA1/EPHB2/LPAR1",3
"Drug_C_Down","GO:1902476","chloride transmembrane transport","4/90","111/18842",0.036036036036036,7.54434434434434,8.10475983481852,4.7906736002702,0.00197524725417467,0.0365217237135561,0.0289477288934809,"GABRR1/GABRD/GABRE/GABRA5",4
"Drug_C_Down","GO:0003188","heart valve formation","2/90","14/18842",0.142857142857143,29.9079365079365,35.4924242424242,7.49598049015508,0.00197797464501745,0.0365217237135561,0.0289477288934809,"GATA4/EFNA1",2
"Drug_C_Down","GO:0034284","response to monosaccharide","5/90","186/18842",0.0268817204301075,5.62783751493429,6.03542411439714,4.39414860547196,0.00198272115708773,0.0365217237135561,0.0289477288934809,"SLC29A1/GAS6/ERN1/FOXO3/GATA4",5
"Drug_C_Down","GO:0003012","muscle system process","8/90","477/18842",0.0167714884696017,3.51120428604705,3.8032138956784,3.84853286347259,0.0020096426104222,0.0366511058257196,0.0290502793189743,"EEF2/FKBP1B/EDNRB/CTTN/FOXO3/GATA4/EMD/GAA",8
"Drug_C_Down","GO:0060411","cardiac septum morphogenesis","3/90","53/18842",0.0566037735849057,11.8503144654088,12.8979310344828,5.47996593855536,0.00207738670687407,0.0375151599417846,0.0297351430591778,"GATA4/GATA6/FGFR2",3
"Drug_C_Down","GO:0006936","muscle contraction","7/90","375/18842",0.0186666666666667,3.90797037037037,4.21320062860136,3.94055023846312,0.00212189664134238,0.0379469282849774,0.0300773698675717,"EEF2/FKBP1B/EDNRB/CTTN/GATA4/EMD/GAA",7
"Drug_C_Down","GO:0006611","protein export from nucleus","3/90","54/18842",0.0555555555555556,11.6308641975309,12.6443542934415,5.41969200588329,0.00219204173519535,0.0388244315022099,0.0307728935902424,"GAS6/EMD/EGR2",3
"Drug_C_Down","GO:0003007","heart morphogenesis","5/90","191/18842",0.0261780104712042,5.4805119255381,5.87160025300443,4.31164198758719,0.00222542217253443,0.0390402632553183,0.0309439654466692,"GATA4/EFNA1/MEGF8/GATA6/FGFR2",5
"Drug_C_Down","GO:0035821","modulation of process of another organism","4/90","115/18842",0.0347826086956522,7.28193236714976,7.81102032264823,4.68120331206123,0.00224739446635088,0.0390537793114936,0.0309546784987951,"FASN/FCN1/EEF1A1/F2RL1",4
"Drug_C_Down","GO:0032970","regulation of actin filament-based process","7/90","380/18842",0.0184210526315789,3.85654970760234,4.15559288090701,3.89711878218125,0.00228561561661312,0.0391974371284395,0.0310685440866024,"EPHA1/FLII/CTTN/FER/GATA4/LPAR1/F2RL1",7
"Drug_C_Down","GO:0007422","peripheral nervous system development","3/90","55/18842",0.0545454545454545,11.4193939393939,12.4005305039788,5.3609840815027,0.00231055522884346,0.0391974371284395,0.0310685440866024,"EGR2/ERBB3/ETV1",3
"Drug_C_Down","GO:0048589","developmental growth","7/90","381/18842",0.0183727034120735,3.8464275298921,4.14425616906127,3.88852092349905,0.00231950089413676,0.0391974371284395,0.0310685440866024,"CTTN/GATA4/EREG/FGF7/MEGF8/EPHA7/FGFR2",7
"Drug_C_Down","GO:0002065","columnar/cuboidal epithelial cell differentiation","3/90","56/18842",0.0535714285714286,11.2154761904762,12.1659076122316,5.30377269024136,0.00243297140001871,0.0407412119894043,0.0322921658547938,"GATA4/GATA6/FGFR2",3
"Drug_C_Down","GO:0060425","lung morphogenesis","2/90","16/18842",0.125,26.1694444444444,30.4188311688312,6.97756717289471,0.00259217055927011,0.0430160195511309,0.0340952163651744,"FGF7/FGFR2",2
"Drug_C_Down","GO:0018193","peptidyl-amino acid modification","7/90","391/18842",0.0179028132992327,3.74805342426826,4.03413654618474,3.8041096631829,0.00268015207454806,0.0440789296546207,0.0349376966860729,"FLT3/FER/EGR2/FGF7/EPHB2/EPHA7/FGFR2",7
"Drug_C_Down","GO:0006821","chloride transport","4/90","122/18842",0.0327868852459016,6.86411657559199,7.34489554592038,4.50172561481432,0.00278406470429215,0.0449553970299308,0.0356323993831156,"GABRR1/GABRD/GABRE/GABRA5",4
"Drug_C_Down","GO:0060491","regulation of cell projection assembly","5/90","202/18842",0.0247524752475248,5.18206820682068,5.54045983875784,4.13993263798854,0.00283473463189526,0.0449553970299308,0.0356323993831156,"CTTN/FER/EPHB2/LPAR1/F2RL1",5
"Drug_C_Down","GO:0008360","regulation of cell shape","4/90","123/18842",0.032520325203252,6.80831074977416,7.2827828805941,4.47724138388457,0.0028672828215995,0.0449553970299308,0.0356323993831156,"FGD1/FN1/LPAR1/EPB42",4
"Drug_C_Down","GO:0033209","tumor necrosis factor-mediated signaling pathway","4/90","123/18842",0.032520325203252,6.80831074977416,7.2827828805941,4.47724138388457,0.0028672828215995,0.0449553970299308,0.0356323993831156,"EIF5A/GAS6/FOXO3/F2RL1",4
"Drug_C_Down","GO:0006004","fucose metabolic process","2/90","17/18842",0.117647058823529,24.6300653594771,28.3893939393939,6.75260464952654,0.00292869036025608,0.0449553970299308,0.0356323993831156,"FUT7/FUT6",2
"Drug_C_Down","GO:0007413","axonal fasciculation","2/90","17/18842",0.117647058823529,24.6300653594771,28.3893939393939,6.75260464952654,0.00292869036025608,0.0449553970299308,0.0356323993831156,"EPHB2/MEGF8",2
"Drug_C_Down","GO:0051917","regulation of fibrinolysis","2/90","17/18842",0.117647058823529,24.6300653594771,28.3893939393939,6.75260464952654,0.00292869036025608,0.0449553970299308,0.0356323993831156,"F12/F11",2
"Drug_C_Down","GO:0106030","neuron projection fasciculation","2/90","17/18842",0.117647058823529,24.6300653594771,28.3893939393939,6.75260464952654,0.00292869036025608,0.0449553970299308,0.0356323993831156,"EPHB2/MEGF8",2
"Drug_C_Down","GO:0034394","protein localization to cell surface","3/90","60/18842",0.05,10.4677777777778,11.3097398669087,5.0886454817773,0.00296251658963556,0.0450988062653611,0.0357460679410571,"FCN1/FGF7/EPHB2",3
"Drug_C_Down","GO:0032535","regulation of cellular component size","6/90","297/18842",0.0202020202020202,4.2294051627385,4.53141875306824,3.88630403400504,0.00300015373614097,0.0452263356952347,0.0358471498995888,"FLII/CTTN/FER/MEGF8/EPHA7/F2RL1",6
"Drug_C_Down","GO:0009743","response to carbohydrate","5/90","205/18842",0.024390243902439,5.10623306233062,5.45647058823529,4.09526449120421,0.00301999961482838,0.0452263356952347,0.0358471498995888,"SLC29A1/GAS6/ERN1/FOXO3/GATA4",5
"Drug_C_Down","GO:2000351","regulation of endothelial cell apoptotic process","3/90","61/18842",0.0491803278688525,10.296174863388,11.1141498216409,5.03801293039418,0.00310507894003594,0.0460814706951347,0.0365249441991838,"GAS6/FGB/FOXO3",3
"Drug_C_Down","GO:0007173","epidermal growth factor receptor signaling pathway","4/90","126/18842",0.0317460317460317,6.64620811287478,7.10255432710637,4.40539716871806,0.00312713563349177,0.0460814706951347,0.0365249441991838,"FER/EREG/ERBB3/GAB1",4
"Drug_C_Down","GO:0018149","peptide cross-linking","2/90","18/18842",0.111111111111111,23.2617283950617,26.6136363636364,6.54619001935421,0.0032845712224349,0.0472499625696332,0.037451110397212,"F13A1/EPB42",2
"Drug_C_Down","GO:0044539","long-chain fatty acid import into cell","2/90","18/18842",0.111111111111111,23.2617283950617,26.6136363636364,6.54619001935421,0.0032845712224349,0.0472499625696332,0.037451110397212,"EPRS1/FABP3",2
"Drug_C_Down","GO:0046827","positive regulation of protein export from nucleus","2/90","18/18842",0.111111111111111,23.2617283950617,26.6136363636364,6.54619001935421,0.0032845712224349,0.0472499625696332,0.037451110397212,"GAS6/EMD",2
"Drug_C_Down","GO:0008037","cell recognition","4/90","128/18842",0.03125,6.54236111111111,6.98724681170293,4.35878977358291,0.00330903646660298,0.0472499625696332,0.037451110397212,"FCN1/FUT3/EPHB2/MEGF8",4
"Drug_C_Down","GO:0035150","regulation of tube size","4/90","129/18842",0.0310077519379845,6.4916451335056,6.93097674418605,4.33585793793519,0.00340263626351885,0.0473181979130575,0.0375051948713702,"FGB/EDNRB/GAB1/F2RL1",4
"Drug_C_Down","GO:0035296","regulation of tube diameter","4/90","129/18842",0.0310077519379845,6.4916451335056,6.93097674418605,4.33585793793519,0.00340263626351885,0.0473181979130575,0.0375051948713702,"FGB/EDNRB/GAB1/F2RL1",4
"Drug_C_Down","GO:0097746","blood vessel diameter maintenance","4/90","129/18842",0.0310077519379845,6.4916451335056,6.93097674418605,4.33585793793519,0.00340263626351885,0.0473181979130575,0.0375051948713702,"FGB/EDNRB/GAB1/F2RL1",4
"Drug_C_Down","GO:0022604","regulation of cell morphogenesis","5/90","211/18842",0.023696682464455,4.96103212216956,5.29583095374072,4.00849126372727,0.003416569121844,0.0473181979130575,0.0375051948713702,"FGD1/FN1/EPHB2/LPAR1/EPB42",5
"Drug_C_Down","GO:0042325","regulation of phosphorylation","7/90","412/18842",0.0169902912621359,3.55701186623517,3.82058604789528,3.63553320984547,0.00357709471896272,0.049171705017383,0.0389743155946684,"GAS6/FLT3/FER/EREG/FN1/FGF7/EPHA7",7
"Drug_C_Down","GO:0060428","lung epithelium development","2/90","19/18842",0.105263157894737,22.0374269005848,25.0467914438503,6.35586159740539,0.00365962468674855,0.0495663873014032,0.0392871473724477,"FGF7/FGFR2",2
"Drug_C_Down","GO:0098801","regulation of renal system process","2/90","19/18842",0.105263157894737,22.0374269005848,25.0467914438503,6.35586159740539,0.00365962468674855,0.0495663873014032,0.0392871473724477,"GAS6/F2RL1",2
